 * Serving Flask app 'app'
 * Debug mode: off
[31m[1mWARNING: This is a development server. Do not use it in a production deployment. Use a production WSGI server instead.[0m
 * Running on all addresses (0.0.0.0)
 * Running on http://127.0.0.1:5000
 * Running on http://10.0.45.2:5000
[33mPress CTRL+C to quit[0m
13.231.214.199 - - [09/Jul/2026 19:04:30] "GET / HTTP/1.1" 200 -
13.231.214.199 - - [09/Jul/2026 19:04:31] "GET /static/style.css?v=1.0.4 HTTP/1.1" 200 -
13.231.214.199 - - [09/Jul/2026 19:04:31] "GET /static/app.js?v=1.0.4 HTTP/1.1" 200 -
13.231.214.199 - - [09/Jul/2026 19:04:31] "GET /api/matches?today=20260709 HTTP/1.1" 200 -
13.231.214.199 - - [09/Jul/2026 19:04:32] "[33mGET /favicon.ico HTTP/1.1[0m" 404 -
13.231.214.199 - - [09/Jul/2026 19:04:33] "GET /api/match_details?id=4556502&home=塔林弗洛拉&away=伊比利亚1999 HTTP/1.1" 200 -
13.231.214.199 - - [09/Jul/2026 19:04:33] "GET /api/ai_config HTTP/1.1" 200 -
13.231.214.199 - - [09/Jul/2026 19:04:34] "GET /api/match_odds_detail?match_id=4556502&cid=2&type=1 HTTP/1.1" 200 -
13.231.214.199 - - [09/Jul/2026 19:04:37] "GET /api/match_odds_detail?match_id=4556502&cid=3&type=1 HTTP/1.1" 200 -
13.231.214.199 - - [09/Jul/2026 19:04:38] "GET /api/match_odds_detail?match_id=4556502&cid=9&type=1 HTTP/1.1" 200 -
13.231.214.199 - - [09/Jul/2026 19:04:40] "GET /api/match_odds_detail?match_id=4556502&cid=10&type=1 HTTP/1.1" 200 -
13.231.214.199 - - [09/Jul/2026 19:04:41] "GET /api/match_odds_detail?match_id=4556502&cid=7&type=1 HTTP/1.1" 200 -
13.231.214.199 - - [09/Jul/2026 19:04:43] "GET /api/match_odds_detail?match_id=4556502&cid=5&type=1 HTTP/1.1" 200 -
13.231.214.199 - - [09/Jul/2026 19:04:43] "GET /api/match_odds_detail?match_id=4556502&cid=11&type=1 HTTP/1.1" 200 -
13.231.214.199 - - [09/Jul/2026 19:04:45] "GET /api/match_odds_detail?match_id=4556502&cid=13&type=1 HTTP/1.1" 200 -
13.231.214.199 - - [09/Jul/2026 19:04:46] "GET /api/refresh?date=20260710 HTTP/1.1" 200 -
13.231.214.199 - - [09/Jul/2026 19:04:46] "GET /api/match_odds_detail?match_id=4556502&cid=14&type=1 HTTP/1.1" 200 -
13.231.214.199 - - [09/Jul/2026 19:04:49] "GET /api/match_odds_detail?match_id=4556502&cid=15&type=1 HTTP/1.1" 200 -
13.231.214.199 - - [09/Jul/2026 19:04:49] "GET /api/match_odds_detail?match_id=4556502&cid=16&type=1 HTTP/1.1" 200 -
13.231.214.199 - - [09/Jul/2026 19:04:50] "GET /api/match_details?id=4556477&home=卡拉巴克&away=维斯特里 HTTP/1.1" 200 -
13.231.214.199 - - [09/Jul/2026 19:04:53] "GET /api/match_details?id=4459808&home=法国&away=摩洛哥 HTTP/1.1" 200 -
13.231.214.199 - - [09/Jul/2026 19:04:56] "GET /api/match_odds_detail?match_id=4556477&cid=2&type=1 HTTP/1.1" 200 -
13.231.214.199 - - [09/Jul/2026 19:04:56] "GET /api/match_details?id=4459808&home=法国&away=摩洛哥 HTTP/1.1" 200 -
Error fetching server time: <urlopen error _ssl.c:975: The handshake operation timed out>
fetch_matches_for_tier global error for date 20260710, n 4: <urlopen error _ssl.c:975: The handshake operation timed out>
fetch_matches_for_tier global error for date 20260710, n 5: <urlopen error _ssl.c:975: The handshake operation timed out>
Error on second WAF request: <urlopen error _ssl.c:975: The handshake operation timed out>
Scraping analysis page (HTML): https://live.leisu.com/shujufenxi-4556477
[2026-07-09 19:04:47] solve_waf_via_node: Starting node solver for https://live.leisu.com/shujufenxi-4556477 (NODE_PATH=/usr/local/bin/node)
[2026-07-09 19:04:47] solve_waf_via_node: Successfully solved WAF! Cookie prefix: 1234cf0d46-b94a...
[2026-07-09 19:04:47] fetch_html_with_bypass: Retrying request to https://live.leisu.com/shujufenxi-4556477 with new acw_sc__v2 WAF cookie...
[2026-07-09 19:04:48] fetch_html_with_bypass: Retry successful! HTML length: 41967
Fetching lineup and injuries via API for match 4556477...
API Lineup: Successfully parsed 0 injuries, 0 starting and 0 substitutes for home.
Attempting to decrypt shujufenxi JS data package for match 4556477 ...
decrypt_shujufenxi_data: Fetching JS data from https://live.leisu.com/shujufenxi/305a279993d3.js ...
decrypt_shujufenxi_data: Successfully decrypted ciphertext with offset 13!
Successfully decrypted shujufenxi JS data!
Scraping SWOT page: https://www.leisu.com/guide/swot-4556477
SWOT page loaded. Length: 26895
Scraping analysis page (HTML): https://live.leisu.com/shujufenxi-4459808
Fetching lineup and injuries via API for match 4459808...
API Lineup: Successfully parsed 0 injuries, 0 starting and 0 substitutes for home.
Attempting to decrypt shujufenxi JS data package for match 4459808 ...
decrypt_shujufenxi_data: Fetching JS data from https://live.leisu.com/shujufenxi/5a5890026fb3.js ...
decrypt_shujufenxi_data: Successfully decrypted ciphertext with offset 13!
Successfully decrypted shujufenxi JS data!
Scraping SWOT page: https://www.leisu.com/guide/swot-4459808
[2026-07-09 19:04:52] get_odds_detail_via_playwright: Phase 1 (H5 API) starting for match=4556477, cid=2, type=1
Direct H5 API Fetcher: Fetching odds detail for match 4556477, cid 2, type 1 ...
SWOT page loaded. Length: 28639
[2026-07-09 19:04:53] get_odds_detail_via_api: Empty or missing data in res_json. Code=100007
[2026-07-09 19:04:53] H5 API approach returned error: API business error code 100007: {'code': 100007, 'data': None, 'msg': '请求非法', 'time': '2026-07-09 19:04:53'}. Falling back to HTML Scraper...
[2026-07-09 19:04:53] get_odds_detail_via_playwright: Phase 2 (HTML Scraper) starting for match=4556477, cid=2
[2026-07-09 19:04:53] Pure HTML Scraper: Fetching trend HTML via bypass: https://odds.leisu.com/trend-4556477-2 ...
Scraping analysis page (HTML): https://live.leisu.com/shujufenxi-4459808
[2026-07-09 19:04:54] get_odds_detail_via_playwright: Phase 1 (H5 API) starting for match=4556477, cid=3, type=1
Direct H5 API Fetcher: Fetching odds detail for match 4556477, cid 3, type 1 ...
Fetching lineup and injuries via API for match 4459808...
[2026-07-09 19:04:54] solve_waf_via_node: Starting node solver for https://odds.leisu.com/trend-4556477-2 (NODE_PATH=/usr/local/bin/node)
[2026-07-09 19:04:54] solve_waf_via_node: Successfully solved WAF! Cookie prefix: 1234cf0d46-2d71...
[2026-07-09 19:04:54] fetch_html_with_bypass: Retrying request to https://odds.leisu.com/trend-4556477-2 with new acw_sc__v2 WAF cookie...
API Lineup: Successfully parsed 0 injuries, 0 starting and 0 substitutes for home.
Attempting to decrypt shujufenxi JS data package for match 4459808 ...
decrypt_shujufenxi_data: Fetching JS data from https://live.leisu.com/shujufenxi/5a5890026fb3.js ...
[2026-07-09 19:04:55] get_odds_detail_via_playwright: Phase 1 (H5 API) starting for match=4459808, cid=2, type=1
Direct H5 API Fetcher: Fetching odds detail for match 4459808, cid 2, type 1 ...
decrypt_shujufenxi_data: Successfully decrypted ciphertext with offset 13!
Successfully decrypted shujufenxi JS data!
Scraping SWOT page: https://www.leisu.com/guide/swot-4459808
SWOT page loaded. Length: 28639
[2026-07-09 19:04:56] fetch_html_with_bypass: Retry successful! HTML length: 346246
[2026-07-09 19:04:56] parse_trend_html_data: Failed to locate KST in HTML! Length=346246. Preview: <!doctype html><html lang="cn"><head><meta charset="UTF-8"><meta name="renderer" content="webkit"><meta http-equiv="X-UA-Compatible" content="IE=edge,chrome=1"><meta http-equiv="Content-Type" content="text/html; charset=UTF-8"><meta http-equiv="Content-Language" content="zh-cn"><meta content="width=device-width,initial-scale=1, maximum-scale=1, minimum-scale=1, user-scalable=no" name="viewport"><meta name="applicable-device" content="pc"><meta name="referrer" content="no-referrer-when-downgrade"><link rel="icon" href="https://static.leisu.com/public/img/base/icon/logo-16-722b5994d7.ico" type="image/x-icon"><link rel="shortcut icon" href="https://static.leisu.com/public/img/base/icon/logo-16-722b5994d7.ico" type="image/x-icon"><script>
         window.AliyunCaptchaConfig = {
            // 必填，验证码示例所属地区，支持中国内地（cn）、新加坡（sgp）
            region: "cn",
            // 必填，身份标。开通阿里云验证码2.0后，您可以在控制台概览页面的实例基本信息卡片区域，获取身份标
            prefix: "16frdl",
        };
    </script><script src="//o.alicdn.com/frontend-lib/common-lib/jquery.min.js"></script><title>卡拉巴克VS维斯特里让球走势变化_卡拉巴克情报_维斯特里情报_卡拉巴克VS维斯特里比赛分析-雷速体育</title><meta name="description" content="雷速体育是为您提供卡拉巴克VS维斯特里优劣势分析，优劣势分析包含卡拉巴克VS维斯特里历史走势情况
[2026-07-09 19:04:56] Pure HTML Scraper returned empty or failed.
[2026-07-09 19:04:56] Playwright Subprocess Crawler Disabled for match 4556477, cid 2, type 1 to protect server resources.
[2026-07-09 19:04:56] get_odds_detail_via_api: Empty or missing data in res_json. Code=100007
[2026-07-09 19:04:56] H5 API approach returned error: API business error code 100007: {'code': 100007, 'data': None, 'msg': '请求非法', 'time': '2026-07-09 19:04:56'}. Falling back to HTML Scraper...
[2026-07-09 19:04:56] get_odds_detail_via_playwright: Phase 2 (HTML Scraper) starting for match=4459808, cid=2
[2026-07-09 19:04:56] Pure HTML Scraper: Fetching trend HTML via bypass: https://odds.leisu.com/trend-4459808-2 ...
13.231.214.199 - - [09/Jul/2026 19:04:57] "GET /api/match_odds_detail?match_id=4459808&cid=2&type=1 HTTP/1.1" 200 -
13.231.214.199 - - [09/Jul/2026 19:04:59] "GET /api/match_odds_detail?match_id=4459808&cid=2&type=1 HTTP/1.1" 200 -
13.231.214.199 - - [09/Jul/2026 19:05:00] "GET /api/match_odds_detail?match_id=4556477&cid=3&type=1 HTTP/1.1" 200 -
[2026-07-09 19:04:57] parse_trend_html_data: Failed to locate KST in HTML! Length=251313. Preview: <!doctype html><html lang="cn"><head><meta charset="UTF-8"><meta name="renderer" content="webkit"><meta http-equiv="X-UA-Compatible" content="IE=edge,chrome=1"><meta http-equiv="Content-Type" content="text/html; charset=UTF-8"><meta http-equiv="Content-Language" content="zh-cn"><meta content="width=device-width,initial-scale=1, maximum-scale=1, minimum-scale=1, user-scalable=no" name="viewport"><meta name="applicable-device" content="pc"><meta name="referrer" content="no-referrer-when-downgrade"><link rel="icon" href="https://static.leisu.com/public/img/base/icon/logo-16-722b5994d7.ico" type="image/x-icon"><link rel="shortcut icon" href="https://static.leisu.com/public/img/base/icon/logo-16-722b5994d7.ico" type="image/x-icon"><script>
         window.AliyunCaptchaConfig = {
            // 必填，验证码示例所属地区，支持中国内地（cn）、新加坡（sgp）
            region: "cn",
            // 必填，身份标。开通阿里云验证码2.0后，您可以在控制台概览页面的实例基本信息卡片区域，获取身份标
            prefix: "16frdl",
        };
    </script><script src="//o.alicdn.com/frontend-lib/common-lib/jquery.min.js"></script><title>法国VS摩洛哥让球走势变化_法国情报_摩洛哥情报_法国VS摩洛哥比赛分析-雷速体育</title><meta name="description" content="雷速体育是为您提供法国VS摩洛哥优劣势分析，优劣势分析包含法国VS摩洛哥历史走势情况，并为您提供法国VS摩洛哥权威
[2026-07-09 19:04:57] Pure HTML Scraper returned empty or failed.
[2026-07-09 19:04:57] Playwright Subprocess Crawler Disabled for match 4459808, cid 2, type 1 to protect server resources.
[2026-07-09 19:04:58] get_odds_detail_via_playwright: Phase 1 (H5 API) starting for match=4459808, cid=2, type=1
Direct H5 API Fetcher: Fetching odds detail for match 4459808, cid 2, type 1 ...
[2026-07-09 19:04:59] get_odds_detail_via_api: Empty or missing data in res_json. Code=100007
[2026-07-09 19:04:59] H5 API approach returned error: API business error code 100007: {'code': 100007, 'data': None, 'msg': '请求非法', 'time': '2026-07-09 19:04:58'}. Falling back to HTML Scraper...
[2026-07-09 19:04:59] get_odds_detail_via_playwright: Phase 2 (HTML Scraper) starting for match=4459808, cid=2
[2026-07-09 19:04:59] Pure HTML Scraper: Fetching trend HTML via bypass: https://odds.leisu.com/trend-4459808-2 ...
[2026-07-09 19:04:59] parse_trend_html_data: Failed to locate KST in HTML! Length=251313. Preview: <!doctype html><html lang="cn"><head><meta charset="UTF-8"><meta name="renderer" content="webkit"><meta http-equiv="X-UA-Compatible" content="IE=edge,chrome=1"><meta http-equiv="Content-Type" content="text/html; charset=UTF-8"><meta http-equiv="Content-Language" content="zh-cn"><meta content="width=device-width,initial-scale=1, maximum-scale=1, minimum-scale=1, user-scalable=no" name="viewport"><meta name="applicable-device" content="pc"><meta name="referrer" content="no-referrer-when-downgrade"><link rel="icon" href="https://static.leisu.com/public/img/base/icon/logo-16-722b5994d7.ico" type="image/x-icon"><link rel="shortcut icon" href="https://static.leisu.com/public/img/base/icon/logo-16-722b5994d7.ico" type="image/x-icon"><script>
         window.AliyunCaptchaConfig = {
            // 必填，验证码示例所属地区，支持中国内地（cn）、新加坡（sgp）
            region: "cn",
            // 必填，身份标。开通阿里云验证码2.0后，您可以在控制台概览页面的实例基本信息卡片区域，获取身份标
            prefix: "16frdl",
        };
    </script><script src="//o.alicdn.com/frontend-lib/common-lib/jquery.min.js"></script><title>法国VS摩洛哥让球走势变化_法国情报_摩洛哥情报_法国VS摩洛哥比赛分析-雷速体育</title><meta name="description" content="雷速体育是为您提供法国VS摩洛哥优劣势分析，优劣势分析包含法国VS摩洛哥历史走势情况，并为您提供法国VS摩洛哥权威
[2026-07-09 19:04:59] Pure HTML Scraper returned empty or failed.
[2026-07-09 19:04:59] Playwright Subprocess Crawler Disabled for match 4459808, cid 2, type 1 to protect server resources.
[2026-07-09 19:04:59] Failed to get time for H5 odds detail: <urlopen error _ssl.c:975: The handshake operation timed out>
[2026-07-09 19:04:59] get_odds_detail_via_api: Empty or missing data in res_json. Code=100007
[2026-07-09 19:04:59] H5 API approach returned error: API business error code 100007: {'code': 100007, 'data': None, 'msg': '请求非法', 'time': '2026-07-09 19:04:59'}. Falling back to HTML Scraper...
[2026-07-09 19:04:59] get_odds_detail_via_playwright: Phase 2 (HTML Scraper) starting for match=4556477, cid=3
[2026-07-09 19:04:59] Pure HTML Scraper: Fetching trend HTML via bypass: https://odds.leisu.com/trend-4556477-3 ...
[2026-07-09 19:04:59] get_odds_detail_via_playwright: Phase 1 (H5 API) starting for match=4459808, cid=2, type=1
Direct H5 API Fetcher: Fetching odds detail for match 4459808, cid 2, type 1 ...
[2026-07-09 19:04:59] get_odds_detail_via_playwright: Phase 1 (H5 API) starting for match=4459808, cid=3, type=1
Direct H5 API Fetcher: Fetching odds detail for match 4459808, cid 3, type 1 ...
[2026-07-09 19:05:00] parse_trend_html_data: Failed to locate KST in HTML! Length=50859. Preview: <!doctype html><html lang="cn"><head><meta charset="UTF-8"><meta name="renderer" content="webkit"><meta http-equiv="X-UA-Compatible" content="IE=edge,chrome=1"><meta http-equiv="Content-Type" content="text/html; charset=UTF-8"><meta http-equiv="Content-Language" content="zh-cn"><meta content="width=device-width,initial-scale=1, maximum-scale=1, minimum-scale=1, user-scalable=no" name="viewport"><meta name="applicable-device" content="pc"><meta name="referrer" content="no-referrer-when-downgrade"><link rel="icon" href="https://static.leisu.com/public/img/base/icon/logo-16-722b5994d7.ico" type="image/x-icon"><link rel="shortcut icon" href="https://static.leisu.com/public/img/base/icon/logo-16-722b5994d7.ico" type="image/x-icon"><script>
         window.AliyunCaptchaConfig = {
            // 必填，验证码示例所属地区，支持中国内地（cn）、新加坡（sgp）
            region: "cn",
            // 必填，身份标。开通阿里云验证码2.0后，您可以在控制台概览页面的实例基本信息卡片区域，获取身份标
            prefix: "16frdl",
        };
    </script><script src="//o.alicdn.com/frontend-lib/common-lib/jquery.min.js"></script><title>卡拉巴克VS维斯特里让球走势变化_卡拉巴克情报_维斯特里情报_卡拉巴克VS维斯特里比赛分析-雷速体育</title><meta name="description" content="雷速体育是为您提供卡拉巴克VS维斯特里优劣势分析，优劣势分析包含卡拉巴克VS维斯特里历史走势情况
[2026-07-09 19:05:00] Pure HTML Scraper returned empty or failed.
[2026-07-09 19:05:00] Playwright Subprocess Crawler Disabled for match 4556477, cid 3, type 1 to protect server resources.
[2026-07-09 19:05:00] get_odds_detail_via_api: Empty or missing data in res_json. Code=100007
[2026-07-09 19:05:00] H5 API approach returned error: API business error code 100007: {'code': 100007, 'data': None, 'msg': '请求非法', 'time': '2026-07-09 19:05:00'}. Falling back to HTML Scraper...
[2026-07-09 19:05:00] get_odds_detail_via_playwright: Phase 2 (HTML Scraper) starting for match=4459808, cid=2
[2026-07-09 19:05:00] Pure HTML Scraper: Fetching trend HTML via bypass: https://odds.leisu.com/trend-4459808-2 ...
[2026-07-09 19:05:00] get_odds_detail_via_api: Empty or missing data in res_json. Code=100007
[2026-07-09 19:05:00] H5 API approach returned error: API business error code 100007: {'code': 100007, 'data': None, 'msg': '请求非法', 'time': '2026-07-09 19:05:00'}. Falling back to HTML Scraper...
[2026-07-09 19:05:00] get_odds_detail_via_playwright: Phase 2 (HTML Scraper) starting for match=4459808, cid=3
13.231.214.199 - - [09/Jul/2026 19:05:00] "GET /api/match_odds_detail?match_id=4459808&cid=2&type=1 HTTP/1.1" 200 -
13.231.214.199 - - [09/Jul/2026 19:05:01] "GET /api/match_odds_detail?match_id=4459808&cid=3&type=1 HTTP/1.1" 200 -
13.231.214.199 - - [09/Jul/2026 19:05:02] "GET /api/match_odds_detail?match_id=4459808&cid=9&type=1 HTTP/1.1" 200 -
[2026-07-09 19:05:00] Pure HTML Scraper: Fetching trend HTML via bypass: https://odds.leisu.com/trend-4459808-3 ...
[2026-07-09 19:05:00] parse_trend_html_data: Failed to locate KST in HTML! Length=251313. Preview: <!doctype html><html lang="cn"><head><meta charset="UTF-8"><meta name="renderer" content="webkit"><meta http-equiv="X-UA-Compatible" content="IE=edge,chrome=1"><meta http-equiv="Content-Type" content="text/html; charset=UTF-8"><meta http-equiv="Content-Language" content="zh-cn"><meta content="width=device-width,initial-scale=1, maximum-scale=1, minimum-scale=1, user-scalable=no" name="viewport"><meta name="applicable-device" content="pc"><meta name="referrer" content="no-referrer-when-downgrade"><link rel="icon" href="https://static.leisu.com/public/img/base/icon/logo-16-722b5994d7.ico" type="image/x-icon"><link rel="shortcut icon" href="https://static.leisu.com/public/img/base/icon/logo-16-722b5994d7.ico" type="image/x-icon"><script>
         window.AliyunCaptchaConfig = {
            // 必填，验证码示例所属地区，支持中国内地（cn）、新加坡（sgp）
            region: "cn",
            // 必填，身份标。开通阿里云验证码2.0后，您可以在控制台概览页面的实例基本信息卡片区域，获取身份标
            prefix: "16frdl",
        };
    </script><script src="//o.alicdn.com/frontend-lib/common-lib/jquery.min.js"></script><title>法国VS摩洛哥让球走势变化_法国情报_摩洛哥情报_法国VS摩洛哥比赛分析-雷速体育</title><meta name="description" content="雷速体育是为您提供法国VS摩洛哥优劣势分析，优劣势分析包含法国VS摩洛哥历史走势情况，并为您提供法国VS摩洛哥权威
[2026-07-09 19:05:00] Pure HTML Scraper returned empty or failed.
[2026-07-09 19:05:00] Playwright Subprocess Crawler Disabled for match 4459808, cid 2, type 1 to protect server resources.
[2026-07-09 19:05:01] parse_trend_html_data: Failed to locate KST in HTML! Length=155544. Preview: <!doctype html><html lang="cn"><head><meta charset="UTF-8"><meta name="renderer" content="webkit"><meta http-equiv="X-UA-Compatible" content="IE=edge,chrome=1"><meta http-equiv="Content-Type" content="text/html; charset=UTF-8"><meta http-equiv="Content-Language" content="zh-cn"><meta content="width=device-width,initial-scale=1, maximum-scale=1, minimum-scale=1, user-scalable=no" name="viewport"><meta name="applicable-device" content="pc"><meta name="referrer" content="no-referrer-when-downgrade"><link rel="icon" href="https://static.leisu.com/public/img/base/icon/logo-16-722b5994d7.ico" type="image/x-icon"><link rel="shortcut icon" href="https://static.leisu.com/public/img/base/icon/logo-16-722b5994d7.ico" type="image/x-icon"><script>
         window.AliyunCaptchaConfig = {
            // 必填，验证码示例所属地区，支持中国内地（cn）、新加坡（sgp）
            region: "cn",
            // 必填，身份标。开通阿里云验证码2.0后，您可以在控制台概览页面的实例基本信息卡片区域，获取身份标
            prefix: "16frdl",
        };
    </script><script src="//o.alicdn.com/frontend-lib/common-lib/jquery.min.js"></script><title>法国VS摩洛哥让球走势变化_法国情报_摩洛哥情报_法国VS摩洛哥比赛分析-雷速体育</title><meta name="description" content="雷速体育是为您提供法国VS摩洛哥优劣势分析，优劣势分析包含法国VS摩洛哥历史走势情况，并为您提供法国VS摩洛哥权威
[2026-07-09 19:05:01] Pure HTML Scraper returned empty or failed.
[2026-07-09 19:05:01] Playwright Subprocess Crawler Disabled for match 4459808, cid 3, type 1 to protect server resources.
[2026-07-09 19:05:01] get_odds_detail_via_playwright: Phase 1 (H5 API) starting for match=4459808, cid=9, type=1
Direct H5 API Fetcher: Fetching odds detail for match 4459808, cid 9, type 1 ...
[2026-07-09 19:05:02] get_odds_detail_via_api: Empty or missing data in res_json. Code=100007
[2026-07-09 19:05:02] H5 API approach returned error: API business error code 100007: {'code': 100007, 'data': None, 'msg': '请求非法', 'time': '2026-07-09 19:05:02'}. Falling back to HTML Scraper...
[2026-07-09 19:05:02] get_odds_detail_via_playwright: Phase 2 (HTML Scraper) starting for match=4459808, cid=9
[2026-07-09 19:05:02] Pure HTML Scraper: Fetching trend HTML via bypass: https://odds.leisu.com/trend-4459808-9 ...
[2026-07-09 19:05:02] parse_trend_html_data: Failed to locate KST in HTML! Length=38433. Preview: <!doctype html><html lang="cn"><head><meta charset="UTF-8"><meta name="renderer" content="webkit"><meta http-equiv="X-UA-Compatible" content="IE=edge,chrome=1"><meta http-equiv="Content-Type" content="text/html; charset=UTF-8"><meta http-equiv="Content-Language" content="zh-cn"><meta content="width=device-width,initial-scale=1, maximum-scale=1, minimum-scale=1, user-scalable=no" name="viewport"><meta name="applicable-device" content="pc"><meta name="referrer" content="no-referrer-when-downgrade"><link rel="icon" href="https://static.leisu.com/public/img/base/icon/logo-16-722b5994d7.ico" type="image/x-icon"><link rel="shortcut icon" href="https://static.leisu.com/public/img/base/icon/logo-16-722b5994d7.ico" type="image/x-icon"><script>
         window.AliyunCaptchaConfig = {
            // 必填，验证码示例所属地区，支持中国内地（cn）、新加坡（sgp）
            region: "cn",
            // 必填，身份标。开通阿里云验证码2.0后，您可以在控制台概览页面的实例基本信息卡片区域，获取身份标
            prefix: "16frdl",
        };
    </script><script src="//o.alicdn.com/frontend-lib/common-lib/jquery.min.js"></script><title>法国VS摩洛哥让球走势变化_法国情报_摩洛哥情报_法国VS摩洛哥比赛分析-雷速体育</title><meta name="description" content="雷速体育是为您提供法国VS摩洛哥优劣势分析，优劣势分析包含法国VS摩洛哥历史走势情况，并为您提供法国VS摩洛哥权威
[2026-07-09 19:05:02] Pure HTML Scraper returned empty or failed.
[2026-07-09 19:05:02] Playwright Subprocess Crawler Disabled for match 4459808, cid 9, type 1 to protect server resources.
[2026-07-09 19:05:02] get_odds_detail_via_playwright: Phase 1 (H5 API) starting for match=4459808, cid=10, type=1
Direct H5 API Fetcher: Fetching odds detail for match 4459808, cid 10, type 1 ...
[2026-07-09 19:05:04] get_odds_detail_via_playwright: Phase 1 (H5 API) starting for match=4459808, cid=7, type=1
Direct H5 API Fetcher: Fetching odds detail for match 4459808, cid 7, type 1 ...
[2026-07-09 19:05:05] get_odds_detail_via_api: Empty or missing data in res_json. Code=100007
[2026-07-09 19:05:05] H5 API approach returned error: API business error code 100007: {'code': 100007, 'data': None, 'msg': '请求非法', 'time': '2026-07-09 19:05:05'}. Falling back to HTML Scraper...
[2026-07-09 19:05:05] get_odds_detail_via_playwright: Phase 2 (HTML Scraper) starting for match=4459808, cid=7
[2026-07-09 19:05:05] Pure HTML Scraper: Fetching trend HTML via bypass: https://odds.leisu.com/trend-4459808-7 ...
13.231.214.199 - - [09/Jul/2026 19:05:05] "GET /api/match_odds_detail?match_id=4459808&cid=7&type=1 HTTP/1.1" 200 -
13.231.214.199 - - [09/Jul/2026 19:05:07] "GET /api/match_odds_detail?match_id=4459808&cid=5&type=1 HTTP/1.1" 200 -
13.231.214.199 - - [09/Jul/2026 19:05:09] "GET /api/match_odds_detail?match_id=4459808&cid=10&type=1 HTTP/1.1" 200 -
[2026-07-09 19:05:05] parse_trend_html_data: Failed to locate KST in HTML! Length=62121. Preview: <!doctype html><html lang="cn"><head><meta charset="UTF-8"><meta name="renderer" content="webkit"><meta http-equiv="X-UA-Compatible" content="IE=edge,chrome=1"><meta http-equiv="Content-Type" content="text/html; charset=UTF-8"><meta http-equiv="Content-Language" content="zh-cn"><meta content="width=device-width,initial-scale=1, maximum-scale=1, minimum-scale=1, user-scalable=no" name="viewport"><meta name="applicable-device" content="pc"><meta name="referrer" content="no-referrer-when-downgrade"><link rel="icon" href="https://static.leisu.com/public/img/base/icon/logo-16-722b5994d7.ico" type="image/x-icon"><link rel="shortcut icon" href="https://static.leisu.com/public/img/base/icon/logo-16-722b5994d7.ico" type="image/x-icon"><script>
         window.AliyunCaptchaConfig = {
            // 必填，验证码示例所属地区，支持中国内地（cn）、新加坡（sgp）
            region: "cn",
            // 必填，身份标。开通阿里云验证码2.0后，您可以在控制台概览页面的实例基本信息卡片区域，获取身份标
            prefix: "16frdl",
        };
    </script><script src="//o.alicdn.com/frontend-lib/common-lib/jquery.min.js"></script><title>法国VS摩洛哥让球走势变化_法国情报_摩洛哥情报_法国VS摩洛哥比赛分析-雷速体育</title><meta name="description" content="雷速体育是为您提供法国VS摩洛哥优劣势分析，优劣势分析包含法国VS摩洛哥历史走势情况，并为您提供法国VS摩洛哥权威
[2026-07-09 19:05:05] Pure HTML Scraper returned empty or failed.
[2026-07-09 19:05:05] Playwright Subprocess Crawler Disabled for match 4459808, cid 7, type 1 to protect server resources.
[2026-07-09 19:05:06] get_odds_detail_via_playwright: Phase 1 (H5 API) starting for match=4459808, cid=5, type=1
Direct H5 API Fetcher: Fetching odds detail for match 4459808, cid 5, type 1 ...
[2026-07-09 19:05:06] get_odds_detail_via_api: Empty or missing data in res_json. Code=100007
[2026-07-09 19:05:06] H5 API approach returned error: API business error code 100007: {'code': 100007, 'data': None, 'msg': '请求非法', 'time': '2026-07-09 19:05:06'}. Falling back to HTML Scraper...
[2026-07-09 19:05:06] get_odds_detail_via_playwright: Phase 2 (HTML Scraper) starting for match=4459808, cid=5
[2026-07-09 19:05:06] Pure HTML Scraper: Fetching trend HTML via bypass: https://odds.leisu.com/trend-4459808-5 ...
[2026-07-09 19:05:07] parse_trend_html_data: Failed to locate KST in HTML! Length=29900. Preview: <!doctype html><html lang="cn"><head><meta charset="UTF-8"><meta name="renderer" content="webkit"><meta http-equiv="X-UA-Compatible" content="IE=edge,chrome=1"><meta http-equiv="Content-Type" content="text/html; charset=UTF-8"><meta http-equiv="Content-Language" content="zh-cn"><meta content="width=device-width,initial-scale=1, maximum-scale=1, minimum-scale=1, user-scalable=no" name="viewport"><meta name="applicable-device" content="pc"><meta name="referrer" content="no-referrer-when-downgrade"><link rel="icon" href="https://static.leisu.com/public/img/base/icon/logo-16-722b5994d7.ico" type="image/x-icon"><link rel="shortcut icon" href="https://static.leisu.com/public/img/base/icon/logo-16-722b5994d7.ico" type="image/x-icon"><script>
         window.AliyunCaptchaConfig = {
            // 必填，验证码示例所属地区，支持中国内地（cn）、新加坡（sgp）
            region: "cn",
            // 必填，身份标。开通阿里云验证码2.0后，您可以在控制台概览页面的实例基本信息卡片区域，获取身份标
            prefix: "16frdl",
        };
    </script><script src="//o.alicdn.com/frontend-lib/common-lib/jquery.min.js"></script><title>法国VS摩洛哥让球走势变化_法国情报_摩洛哥情报_法国VS摩洛哥比赛分析-雷速体育</title><meta name="description" content="雷速体育是为您提供法国VS摩洛哥优劣势分析，优劣势分析包含法国VS摩洛哥历史走势情况，并为您提供法国VS摩洛哥权威
[2026-07-09 19:05:07] Pure HTML Scraper returned empty or failed.
[2026-07-09 19:05:07] Playwright Subprocess Crawler Disabled for match 4459808, cid 5, type 1 to protect server resources.
[2026-07-09 19:05:08] Failed to get time for H5 odds detail: <urlopen error _ssl.c:975: The handshake operation timed out>
[2026-07-09 19:05:08] get_odds_detail_via_playwright: Phase 1 (H5 API) starting for match=4459808, cid=11, type=1
Direct H5 API Fetcher: Fetching odds detail for match 4459808, cid 11, type 1 ...
[2026-07-09 19:05:08] get_odds_detail_via_api: Empty or missing data in res_json. Code=100007
[2026-07-09 19:05:08] H5 API approach returned error: API business error code 100007: {'code': 100007, 'data': None, 'msg': '请求非法', 'time': '2026-07-09 19:05:08'}. Falling back to HTML Scraper...
[2026-07-09 19:05:08] get_odds_detail_via_playwright: Phase 2 (HTML Scraper) starting for match=4459808, cid=10
[2026-07-09 19:05:08] Pure HTML Scraper: Fetching trend HTML via bypass: https://odds.leisu.com/trend-4459808-10 ...
[2026-07-09 19:05:08] get_odds_detail_via_api: Empty or missing data in res_json. Code=100007
[2026-07-09 19:05:08] H5 API approach returned error: API business error code 100007: {'code': 100007, 'data': None, 'msg': '请求非法', 'time': '2026-07-09 19:05:08'}. Falling back to HTML Scraper...
[2026-07-09 19:05:08] get_odds_detail_via_playwright: Phase 2 (HTML Scraper) starting for match=4459808, cid=11
[2026-07-09 19:05:08] Pure HTML Scraper: Fetching trend HTML via bypass: https://odds.leisu.com/trend-4459808-11 ...
[2026-07-09 19:05:09] get_odds_detail_via_playwright: Phase 1 (H5 API) starting for match=4459808, cid=13, type=1
Direct H5 API Fetcher: Fetching odds detail for match 4459808, cid 13, type 1 ...
[2026-07-09 19:05:09] parse_trend_html_data: Failed to locate KST in HTML! Length=117630. Preview: <!doctype html><html lang="cn"><head><meta charset="UTF-8"><meta name="renderer" content="webkit"><meta http-equiv="X-UA-Compatible" content="IE=edge,chrome=1"><meta http-equiv="Content-Type" content="text/html; charset=UTF-8"><meta http-equiv="Content-Language" content="zh-cn"><meta content="width=device-width,initial-scale=1, maximum-scale=1, minimum-scale=1, user-scalable=no" name="viewport"><meta name="applicable-device" content="pc"><meta name="referrer" content="no-referrer-when-downgrade"><link rel="icon" href="https://static.leisu.com/public/img/base/icon/logo-16-722b5994d7.ico" type="image/x-icon"><link rel="shortcut icon" href="https://static.leisu.com/public/img/base/icon/logo-16-722b5994d7.ico" type="image/x-icon"><script>
         window.AliyunCaptchaConfig = {
            // 必填，验证码示例所属地区，支持中国内地（cn）、新加坡（sgp）
            region: "cn",
            // 必填，身份标。开通阿里云验证码2.0后，您可以在控制台概览页面的实例基本信息卡片区域，获取身份标
            prefix: "16frdl",
        };
    </script><script src="//o.alicdn.com/frontend-lib/common-lib/jquery.min.js"></script><title>法国VS摩洛哥让球走势变化_法国情报_摩洛哥情报_法国VS摩洛哥比赛分析-雷速体育</title><meta name="description" content="雷速体育是为您提供法国VS摩洛哥优劣势分析，优劣势分析包含法国VS摩洛哥历史走势情况，并为您提供法国VS摩洛哥权威
[2026-07-09 19:05:09] Pure HTML Scraper returned empty or failed.
[2026-07-09 19:05:09] Playwright Subprocess Crawler Disabled for match 4459808, cid 10, type 1 to protect server resources.
[2026-07-09 19:05:09] get_odds_detail_via_api: Empty or missing data in res_json. Code=100007
[2026-07-09 19:05:09] H5 API approach returned error: API business error code 100007: {'code': 100007, 'data': None, 'msg': '请求非法', 'time': '2026-07-09 19:05:09'}. Falling back to HTML Scraper...
[2026-07-09 19:05:09] get_odds_detail_via_playwright: Phase 2 (HTML Scraper) starting for match=4459808, cid=13
13.231.214.199 - - [09/Jul/2026 19:05:09] "GET /api/match_odds_detail?match_id=4459808&cid=11&type=1 HTTP/1.1" 200 -
13.231.214.199 - - [09/Jul/2026 19:05:10] "GET /api/match_odds_detail?match_id=4459808&cid=13&type=1 HTTP/1.1" 200 -
13.231.214.199 - - [09/Jul/2026 19:05:12] "GET /api/match_odds_detail?match_id=4459808&cid=14&type=1 HTTP/1.1" 200 -
[2026-07-09 19:05:09] Pure HTML Scraper: Fetching trend HTML via bypass: https://odds.leisu.com/trend-4459808-13 ...
[2026-07-09 19:05:09] parse_trend_html_data: Failed to locate KST in HTML! Length=177221. Preview: <!doctype html><html lang="cn"><head><meta charset="UTF-8"><meta name="renderer" content="webkit"><meta http-equiv="X-UA-Compatible" content="IE=edge,chrome=1"><meta http-equiv="Content-Type" content="text/html; charset=UTF-8"><meta http-equiv="Content-Language" content="zh-cn"><meta content="width=device-width,initial-scale=1, maximum-scale=1, minimum-scale=1, user-scalable=no" name="viewport"><meta name="applicable-device" content="pc"><meta name="referrer" content="no-referrer-when-downgrade"><link rel="icon" href="https://static.leisu.com/public/img/base/icon/logo-16-722b5994d7.ico" type="image/x-icon"><link rel="shortcut icon" href="https://static.leisu.com/public/img/base/icon/logo-16-722b5994d7.ico" type="image/x-icon"><script>
         window.AliyunCaptchaConfig = {
            // 必填，验证码示例所属地区，支持中国内地（cn）、新加坡（sgp）
            region: "cn",
            // 必填，身份标。开通阿里云验证码2.0后，您可以在控制台概览页面的实例基本信息卡片区域，获取身份标
            prefix: "16frdl",
        };
    </script><script src="//o.alicdn.com/frontend-lib/common-lib/jquery.min.js"></script><title>法国VS摩洛哥让球走势变化_法国情报_摩洛哥情报_法国VS摩洛哥比赛分析-雷速体育</title><meta name="description" content="雷速体育是为您提供法国VS摩洛哥优劣势分析，优劣势分析包含法国VS摩洛哥历史走势情况，并为您提供法国VS摩洛哥权威
[2026-07-09 19:05:09] Pure HTML Scraper returned empty or failed.
[2026-07-09 19:05:09] Playwright Subprocess Crawler Disabled for match 4459808, cid 11, type 1 to protect server resources.
[2026-07-09 19:05:10] parse_trend_html_data: Failed to locate KST in HTML! Length=38946. Preview: <!doctype html><html lang="cn"><head><meta charset="UTF-8"><meta name="renderer" content="webkit"><meta http-equiv="X-UA-Compatible" content="IE=edge,chrome=1"><meta http-equiv="Content-Type" content="text/html; charset=UTF-8"><meta http-equiv="Content-Language" content="zh-cn"><meta content="width=device-width,initial-scale=1, maximum-scale=1, minimum-scale=1, user-scalable=no" name="viewport"><meta name="applicable-device" content="pc"><meta name="referrer" content="no-referrer-when-downgrade"><link rel="icon" href="https://static.leisu.com/public/img/base/icon/logo-16-722b5994d7.ico" type="image/x-icon"><link rel="shortcut icon" href="https://static.leisu.com/public/img/base/icon/logo-16-722b5994d7.ico" type="image/x-icon"><script>
         window.AliyunCaptchaConfig = {
            // 必填，验证码示例所属地区，支持中国内地（cn）、新加坡（sgp）
            region: "cn",
            // 必填，身份标。开通阿里云验证码2.0后，您可以在控制台概览页面的实例基本信息卡片区域，获取身份标
            prefix: "16frdl",
        };
    </script><script src="//o.alicdn.com/frontend-lib/common-lib/jquery.min.js"></script><title>法国VS摩洛哥让球走势变化_法国情报_摩洛哥情报_法国VS摩洛哥比赛分析-雷速体育</title><meta name="description" content="雷速体育是为您提供法国VS摩洛哥优劣势分析，优劣势分析包含法国VS摩洛哥历史走势情况，并为您提供法国VS摩洛哥权威
[2026-07-09 19:05:10] Pure HTML Scraper returned empty or failed.
[2026-07-09 19:05:10] Playwright Subprocess Crawler Disabled for match 4459808, cid 13, type 1 to protect server resources.
[2026-07-09 19:05:11] get_odds_detail_via_playwright: Phase 1 (H5 API) starting for match=4459808, cid=14, type=1
Direct H5 API Fetcher: Fetching odds detail for match 4459808, cid 14, type 1 ...
[2026-07-09 19:05:11] get_odds_detail_via_api: Empty or missing data in res_json. Code=100007
[2026-07-09 19:05:11] H5 API approach returned error: API business error code 100007: {'code': 100007, 'data': None, 'msg': '请求非法', 'time': '2026-07-09 19:05:11'}. Falling back to HTML Scraper...
[2026-07-09 19:05:11] get_odds_detail_via_playwright: Phase 2 (HTML Scraper) starting for match=4459808, cid=14
[2026-07-09 19:05:11] Pure HTML Scraper: Fetching trend HTML via bypass: https://odds.leisu.com/trend-4459808-14 ...
[2026-07-09 19:05:12] get_odds_detail_via_playwright: Phase 1 (H5 API) starting for match=4459808, cid=15, type=1
Direct H5 API Fetcher: Fetching odds detail for match 4459808, cid 15, type 1 ...
[2026-07-09 19:05:12] parse_trend_html_data: Failed to locate KST in HTML! Length=156070. Preview: <!doctype html><html lang="cn"><head><meta charset="UTF-8"><meta name="renderer" content="webkit"><meta http-equiv="X-UA-Compatible" content="IE=edge,chrome=1"><meta http-equiv="Content-Type" content="text/html; charset=UTF-8"><meta http-equiv="Content-Language" content="zh-cn"><meta content="width=device-width,initial-scale=1, maximum-scale=1, minimum-scale=1, user-scalable=no" name="viewport"><meta name="applicable-device" content="pc"><meta name="referrer" content="no-referrer-when-downgrade"><link rel="icon" href="https://static.leisu.com/public/img/base/icon/logo-16-722b5994d7.ico" type="image/x-icon"><link rel="shortcut icon" href="https://static.leisu.com/public/img/base/icon/logo-16-722b5994d7.ico" type="image/x-icon"><script>
         window.AliyunCaptchaConfig = {
            // 必填，验证码示例所属地区，支持中国内地（cn）、新加坡（sgp）
            region: "cn",
            // 必填，身份标。开通阿里云验证码2.0后，您可以在控制台概览页面的实例基本信息卡片区域，获取身份标
            prefix: "16frdl",
        };
    </script><script src="//o.alicdn.com/frontend-lib/common-lib/jquery.min.js"></script><title>法国VS摩洛哥让球走势变化_法国情报_摩洛哥情报_法国VS摩洛哥比赛分析-雷速体育</title><meta name="description" content="雷速体育是为您提供法国VS摩洛哥优劣势分析，优劣势分析包含法国VS摩洛哥历史走势情况，并为您提供法国VS摩洛哥权威
[2026-07-09 19:05:12] Pure HTML Scraper returned empty or failed.
[2026-07-09 19:05:12] Playwright Subprocess Crawler Disabled for match 4459808, cid 14, type 1 to protect server resources.
[2026-07-09 19:05:14] get_odds_detail_via_playwright: Phase 1 (H5 API) starting for match=4459808, cid=16, type=1
Direct H5 API Fetcher: Fetching odds detail for match 4459808, cid 16, type 1 ...
[2026-07-09 19:05:15] get_odds_detail_via_playwright: Phase 1 (H5 API) starting for match=4459808, cid=17, type=1
Direct H5 API Fetcher: Fetching odds detail for match 4459808, cid 17, type 1 ...
[2026-07-09 19:05:15] get_odds_detail_via_api: Empty or missing data in res_json. Code=100007
[2026-07-09 19:05:15] H5 API approach returned error: API business error code 100007: {'code': 100007, 'data': None, 'msg': '请求非法', 'time': '2026-07-09 19:05:15'}. Falling back to HTML Scraper...
[2026-07-09 19:05:15] get_odds_detail_via_playwright: Phase 2 (HTML Scraper) starting for match=4459808, cid=17
[2026-07-09 19:05:15] Pure HTML Scraper: Fetching trend HTML via bypass: https://odds.leisu.com/trend-4459808-17 ...
13.231.214.199 - - [09/Jul/2026 19:05:16] "GET /api/match_odds_detail?match_id=4459808&cid=17&type=1 HTTP/1.1" 200 -
13.231.214.199 - - [09/Jul/2026 19:05:20] "GET /api/debug_cmd?cmd=node%20-v HTTP/1.1" 200 -
13.231.214.199 - - [09/Jul/2026 19:05:23] "GET /api/match_odds_detail?match_id=4459808&cid=15&type=1 HTTP/1.1" 200 -
13.231.214.199 - - [09/Jul/2026 19:05:25] "GET /api/match_odds_detail?match_id=4459808&cid=16&type=1 HTTP/1.1" 200 -
13.231.214.199 - - [09/Jul/2026 19:05:29] "GET /api/match_details?id=4556502&home=塔林弗洛拉&away=伊比利亚1999 HTTP/1.1" 200 -
13.231.214.199 - - [09/Jul/2026 19:05:30] "GET /api/ai_config HTTP/1.1" 200 -
13.231.214.199 - - [09/Jul/2026 19:05:31] "GET /api/match_odds_detail?match_id=4556502&cid=2&type=1 HTTP/1.1" 200 -
13.231.214.199 - - [09/Jul/2026 19:05:32] "GET /api/match_odds_detail?match_id=4556502&cid=2&type=1 HTTP/1.1" 200 -
13.231.214.199 - - [09/Jul/2026 19:05:33] "GET /api/match_odds_detail?match_id=4556502&cid=3&type=1 HTTP/1.1" 200 -
13.231.214.199 - - [09/Jul/2026 19:05:34] "GET /api/match_odds_detail?match_id=4556502&cid=9&type=1 HTTP/1.1" 200 -
13.231.214.199 - - [09/Jul/2026 19:05:36] "GET /api/match_odds_detail?match_id=4556502&cid=10&type=1 HTTP/1.1" 200 -
13.231.214.199 - - [09/Jul/2026 19:05:37] "GET /api/match_odds_detail?match_id=4556502&cid=7&type=1 HTTP/1.1" 200 -
13.231.214.199 - - [09/Jul/2026 19:05:39] "GET /api/match_odds_detail?match_id=4556502&cid=5&type=1 HTTP/1.1" 200 -
13.231.214.199 - - [09/Jul/2026 19:05:40] "GET /api/match_odds_detail?match_id=4556502&cid=11&type=1 HTTP/1.1" 200 -
13.231.214.199 - - [09/Jul/2026 19:05:42] "GET /api/match_odds_detail?match_id=4556502&cid=13&type=1 HTTP/1.1" 200 -
13.231.214.199 - - [09/Jul/2026 19:05:43] "GET /api/match_odds_detail?match_id=4556502&cid=14&type=1 HTTP/1.1" 200 -
13.231.214.199 - - [09/Jul/2026 19:05:45] "GET /api/match_odds_detail?match_id=4556502&cid=15&type=1 HTTP/1.1" 200 -
13.231.214.199 - - [09/Jul/2026 19:05:46] "GET /api/match_odds_detail?match_id=4556502&cid=16&type=1 HTTP/1.1" 200 -
13.231.214.199 - - [09/Jul/2026 19:05:47] "GET /api/refresh?date=20260710 HTTP/1.1" 200 -
13.231.214.199 - - [09/Jul/2026 19:05:48] "GET /api/match_odds_detail?match_id=4556502&cid=17&type=1 HTTP/1.1" 200 -
13.231.214.199 - - [09/Jul/2026 19:05:51] "GET /api/match_details?id=4556477&home=卡拉巴克&away=维斯特里 HTTP/1.1" 200 -
[2026-07-09 19:05:16] parse_trend_html_data: Failed to locate KST in HTML! Length=238538. Preview: <!doctype html><html lang="cn"><head><meta charset="UTF-8"><meta name="renderer" content="webkit"><meta http-equiv="X-UA-Compatible" content="IE=edge,chrome=1"><meta http-equiv="Content-Type" content="text/html; charset=UTF-8"><meta http-equiv="Content-Language" content="zh-cn"><meta content="width=device-width,initial-scale=1, maximum-scale=1, minimum-scale=1, user-scalable=no" name="viewport"><meta name="applicable-device" content="pc"><meta name="referrer" content="no-referrer-when-downgrade"><link rel="icon" href="https://static.leisu.com/public/img/base/icon/logo-16-722b5994d7.ico" type="image/x-icon"><link rel="shortcut icon" href="https://static.leisu.com/public/img/base/icon/logo-16-722b5994d7.ico" type="image/x-icon"><script>
         window.AliyunCaptchaConfig = {
            // 必填，验证码示例所属地区，支持中国内地（cn）、新加坡（sgp）
            region: "cn",
            // 必填，身份标。开通阿里云验证码2.0后，您可以在控制台概览页面的实例基本信息卡片区域，获取身份标
            prefix: "16frdl",
        };
    </script><script src="//o.alicdn.com/frontend-lib/common-lib/jquery.min.js"></script><title>法国VS摩洛哥让球走势变化_法国情报_摩洛哥情报_法国VS摩洛哥比赛分析-雷速体育</title><meta name="description" content="雷速体育是为您提供法国VS摩洛哥优劣势分析，优劣势分析包含法国VS摩洛哥历史走势情况，并为您提供法国VS摩洛哥权威
[2026-07-09 19:05:16] Pure HTML Scraper returned empty or failed.
[2026-07-09 19:05:16] Playwright Subprocess Crawler Disabled for match 4459808, cid 17, type 1 to protect server resources.
[2026-07-09 19:05:22] fetch_html_with_bypass error for https://api-gateway.leisu.com/v1/web/match/common/odds_detail?id=4459808&cid=15&type=1: <urlopen error _ssl.c:975: The handshake operation timed out> (HTTPError body: )
[2026-07-09 19:05:22] Failed to fetch odds detail from API directly: <urlopen error _ssl.c:975: The handshake operation timed out>
[2026-07-09 19:05:22] H5 API approach returned error: Fetch failed: <urlopen error _ssl.c:975: The handshake operation timed out>. Falling back to HTML Scraper...
[2026-07-09 19:05:22] get_odds_detail_via_playwright: Phase 2 (HTML Scraper) starting for match=4459808, cid=15
[2026-07-09 19:05:22] Pure HTML Scraper: Fetching trend HTML via bypass: https://odds.leisu.com/trend-4459808-15 ...
[2026-07-09 19:05:23] parse_trend_html_data: Failed to locate KST in HTML! Length=153946. Preview: <!doctype html><html lang="cn"><head><meta charset="UTF-8"><meta name="renderer" content="webkit"><meta http-equiv="X-UA-Compatible" content="IE=edge,chrome=1"><meta http-equiv="Content-Type" content="text/html; charset=UTF-8"><meta http-equiv="Content-Language" content="zh-cn"><meta content="width=device-width,initial-scale=1, maximum-scale=1, minimum-scale=1, user-scalable=no" name="viewport"><meta name="applicable-device" content="pc"><meta name="referrer" content="no-referrer-when-downgrade"><link rel="icon" href="https://static.leisu.com/public/img/base/icon/logo-16-722b5994d7.ico" type="image/x-icon"><link rel="shortcut icon" href="https://static.leisu.com/public/img/base/icon/logo-16-722b5994d7.ico" type="image/x-icon"><script>
         window.AliyunCaptchaConfig = {
            // 必填，验证码示例所属地区，支持中国内地（cn）、新加坡（sgp）
            region: "cn",
            // 必填，身份标。开通阿里云验证码2.0后，您可以在控制台概览页面的实例基本信息卡片区域，获取身份标
            prefix: "16frdl",
        };
    </script><script src="//o.alicdn.com/frontend-lib/common-lib/jquery.min.js"></script><title>法国VS摩洛哥让球走势变化_法国情报_摩洛哥情报_法国VS摩洛哥比赛分析-雷速体育</title><meta name="description" content="雷速体育是为您提供法国VS摩洛哥优劣势分析，优劣势分析包含法国VS摩洛哥历史走势情况，并为您提供法国VS摩洛哥权威
[2026-07-09 19:05:23] Pure HTML Scraper returned empty or failed.
[2026-07-09 19:05:23] Playwright Subprocess Crawler Disabled for match 4459808, cid 15, type 1 to protect server resources.
[2026-07-09 19:05:24] fetch_html_with_bypass error for https://api-gateway.leisu.com/v1/web/match/common/odds_detail?id=4459808&cid=16&type=1: <urlopen error _ssl.c:975: The handshake operation timed out> (HTTPError body: )
[2026-07-09 19:05:24] Failed to fetch odds detail from API directly: <urlopen error _ssl.c:975: The handshake operation timed out>
[2026-07-09 19:05:24] H5 API approach returned error: Fetch failed: <urlopen error _ssl.c:975: The handshake operation timed out>. Falling back to HTML Scraper...
[2026-07-09 19:05:24] get_odds_detail_via_playwright: Phase 2 (HTML Scraper) starting for match=4459808, cid=16
[2026-07-09 19:05:24] Pure HTML Scraper: Fetching trend HTML via bypass: https://odds.leisu.com/trend-4459808-16 ...
[2026-07-09 19:05:25] parse_trend_html_data: Failed to locate KST in HTML! Length=302871. Preview: <!doctype html><html lang="cn"><head><meta charset="UTF-8"><meta name="renderer" content="webkit"><meta http-equiv="X-UA-Compatible" content="IE=edge,chrome=1"><meta http-equiv="Content-Type" content="text/html; charset=UTF-8"><meta http-equiv="Content-Language" content="zh-cn"><meta content="width=device-width,initial-scale=1, maximum-scale=1, minimum-scale=1, user-scalable=no" name="viewport"><meta name="applicable-device" content="pc"><meta name="referrer" content="no-referrer-when-downgrade"><link rel="icon" href="https://static.leisu.com/public/img/base/icon/logo-16-722b5994d7.ico" type="image/x-icon"><link rel="shortcut icon" href="https://static.leisu.com/public/img/base/icon/logo-16-722b5994d7.ico" type="image/x-icon"><script>
         window.AliyunCaptchaConfig = {
            // 必填，验证码示例所属地区，支持中国内地（cn）、新加坡（sgp）
            region: "cn",
            // 必填，身份标。开通阿里云验证码2.0后，您可以在控制台概览页面的实例基本信息卡片区域，获取身份标
            prefix: "16frdl",
        };
    </script><script src="//o.alicdn.com/frontend-lib/common-lib/jquery.min.js"></script><title>法国VS摩洛哥让球走势变化_法国情报_摩洛哥情报_法国VS摩洛哥比赛分析-雷速体育</title><meta name="description" content="雷速体育是为您提供法国VS摩洛哥优劣势分析，优劣势分析包含法国VS摩洛哥历史走势情况，并为您提供法国VS摩洛哥权威
[2026-07-09 19:05:25] Pure HTML Scraper returned empty or failed.
[2026-07-09 19:05:25] Playwright Subprocess Crawler Disabled for match 4459808, cid 16, type 1 to protect server resources.
fetch_matches_for_tier global error for date 20260710, n 5: <urlopen error _ssl.c:975: The handshake operation timed out>
Error on second WAF request: <urlopen error _ssl.c:975: The handshake operation timed out>
Scraping analysis page (HTML): https://live.leisu.com/shujufenxi-4556477
Fetching lineup and injuries via API for match 4556477...
API Lineup: Successfully parsed 0 injuries, 0 starting and 0 substitutes for home.
Attempting to decrypt shujufenxi JS data package for match 4556477 ...
decrypt_shujufenxi_data: Fetching JS data from https://live.leisu.com/shujufenxi/305a279993d3.js ...
decrypt_shujufenxi_data: Successfully decrypted ciphertext with offset 13!
Successfully decrypted shujufenxi JS data!
Scraping SWOT page: https://www.leisu.com/guide/swot-4556477
Scraping analysis page (HTML): https://live.leisu.com/shujufenxi-4459808
SWOT page loaded. Length: 26895
Fetching lineup and injuries via API for match 4459808...
API Lineup: Successfully parsed 0 injuries, 0 starting and 0 substitutes for home.
Attempting to decrypt shujufenxi JS data package for match 4459808 ...
decrypt_shujufenxi_data: Fetching JS data from https://live.leisu.com/shujufenxi/5a5890026fb3.js ...
decrypt_shujufenxi_data: Successfully decrypted ciphertext with offset 13!
13.231.214.199 - - [09/Jul/2026 19:05:53] "GET /api/match_details?id=4459808&home=法国&away=摩洛哥 HTTP/1.1" 200 -
13.231.214.199 - - [09/Jul/2026 19:05:54] "GET /api/match_odds_detail?match_id=4556477&cid=2&type=1 HTTP/1.1" 200 -
13.231.214.199 - - [09/Jul/2026 19:05:56] "GET /api/match_odds_detail?match_id=4459808&cid=2&type=1 HTTP/1.1" 200 -
13.231.214.199 - - [09/Jul/2026 19:05:56] "GET /api/match_details?id=4459808&home=法国&away=摩洛哥 HTTP/1.1" 200 -
Successfully decrypted shujufenxi JS data!
Scraping SWOT page: https://www.leisu.com/guide/swot-4459808
SWOT page loaded. Length: 28639
[2026-07-09 19:05:53] get_odds_detail_via_playwright: Phase 1 (H5 API) starting for match=4556477, cid=2, type=1
Direct H5 API Fetcher: Fetching odds detail for match 4556477, cid 2, type 1 ...
Scraping analysis page (HTML): https://live.leisu.com/shujufenxi-4459808
[2026-07-09 19:05:53] get_odds_detail_via_api: Empty or missing data in res_json. Code=100007
[2026-07-09 19:05:53] H5 API approach returned error: API business error code 100007: {'code': 100007, 'data': None, 'msg': '请求非法', 'time': '2026-07-09 19:05:53'}. Falling back to HTML Scraper...
[2026-07-09 19:05:53] get_odds_detail_via_playwright: Phase 2 (HTML Scraper) starting for match=4556477, cid=2
[2026-07-09 19:05:53] Pure HTML Scraper: Fetching trend HTML via bypass: https://odds.leisu.com/trend-4556477-2 ...
Fetching lineup and injuries via API for match 4459808...
[2026-07-09 19:05:54] parse_trend_html_data: Failed to locate KST in HTML! Length=346246. Preview: <!doctype html><html lang="cn"><head><meta charset="UTF-8"><meta name="renderer" content="webkit"><meta http-equiv="X-UA-Compatible" content="IE=edge,chrome=1"><meta http-equiv="Content-Type" content="text/html; charset=UTF-8"><meta http-equiv="Content-Language" content="zh-cn"><meta content="width=device-width,initial-scale=1, maximum-scale=1, minimum-scale=1, user-scalable=no" name="viewport"><meta name="applicable-device" content="pc"><meta name="referrer" content="no-referrer-when-downgrade"><link rel="icon" href="https://static.leisu.com/public/img/base/icon/logo-16-722b5994d7.ico" type="image/x-icon"><link rel="shortcut icon" href="https://static.leisu.com/public/img/base/icon/logo-16-722b5994d7.ico" type="image/x-icon"><script>
         window.AliyunCaptchaConfig = {
            // 必填，验证码示例所属地区，支持中国内地（cn）、新加坡（sgp）
            region: "cn",
            // 必填，身份标。开通阿里云验证码2.0后，您可以在控制台概览页面的实例基本信息卡片区域，获取身份标
            prefix: "16frdl",
        };
    </script><script src="//o.alicdn.com/frontend-lib/common-lib/jquery.min.js"></script><title>卡拉巴克VS维斯特里让球走势变化_卡拉巴克情报_维斯特里情报_卡拉巴克VS维斯特里比赛分析-雷速体育</title><meta name="description" content="雷速体育是为您提供卡拉巴克VS维斯特里优劣势分析，优劣势分析包含卡拉巴克VS维斯特里历史走势情况
[2026-07-09 19:05:54] Pure HTML Scraper returned empty or failed.
[2026-07-09 19:05:54] Playwright Subprocess Crawler Disabled for match 4556477, cid 2, type 1 to protect server resources.
API Lineup: Successfully parsed 0 injuries, 0 starting and 0 substitutes for home.
Attempting to decrypt shujufenxi JS data package for match 4459808 ...
decrypt_shujufenxi_data: Fetching JS data from https://live.leisu.com/shujufenxi/5a5890026fb3.js ...
decrypt_shujufenxi_data: Successfully decrypted ciphertext with offset 13!
Successfully decrypted shujufenxi JS data!
Scraping SWOT page: https://www.leisu.com/guide/swot-4459808
[2026-07-09 19:05:55] get_odds_detail_via_playwright: Phase 1 (H5 API) starting for match=4459808, cid=2, type=1
Direct H5 API Fetcher: Fetching odds detail for match 4459808, cid 2, type 1 ...
SWOT page loaded. Length: 28639
[2026-07-09 19:05:55] get_odds_detail_via_api: Empty or missing data in res_json. Code=100007
[2026-07-09 19:05:55] H5 API approach returned error: API business error code 100007: {'code': 100007, 'data': None, 'msg': '请求非法', 'time': '2026-07-09 19:05:55'}. Falling back to HTML Scraper...
[2026-07-09 19:05:55] get_odds_detail_via_playwright: Phase 2 (HTML Scraper) starting for match=4459808, cid=2
[2026-07-09 19:05:55] Pure HTML Scraper: Fetching trend HTML via bypass: https://odds.leisu.com/trend-4459808-2 ...
[2026-07-09 19:05:56] parse_trend_html_data: Failed to locate KST in HTML! Length=251313. Preview: <!doctype html><html lang="cn"><head><meta charset="UTF-8"><meta name="renderer" content="webkit"><meta http-equiv="X-UA-Compatible" content="IE=edge,chrome=1"><meta http-equiv="Content-Type" content="text/html; charset=UTF-8"><meta http-equiv="Content-Language" content="zh-cn"><meta content="width=device-width,initial-scale=1, maximum-scale=1, minimum-scale=1, user-scalable=no" name="viewport"><meta name="applicable-device" content="pc"><meta name="referrer" content="no-referrer-when-downgrade"><link rel="icon" href="https://static.leisu.com/public/img/base/icon/logo-16-722b5994d7.ico" type="image/x-icon"><link rel="shortcut icon" href="https://static.leisu.com/public/img/base/icon/logo-16-722b5994d7.ico" type="image/x-icon"><script>
         window.AliyunCaptchaConfig = {
            // 必填，验证码示例所属地区，支持中国内地（cn）、新加坡（sgp）
            region: "cn",
            // 必填，身份标。开通阿里云验证码2.0后，您可以在控制台概览页面的实例基本信息卡片区域，获取身份标
            prefix: "16frdl",
        };
    </script><script src="//o.alicdn.com/frontend-lib/common-lib/jquery.min.js"></script><title>法国VS摩洛哥让球走势变化_法国情报_摩洛哥情报_法国VS摩洛哥比赛分析-雷速体育</title><meta name="description" content="雷速体育是为您提供法国VS摩洛哥优劣势分析，优劣势分析包含法国VS摩洛哥历史走势情况，并为您提供法国VS摩洛哥权威
[2026-07-09 19:05:56] Pure HTML Scraper returned empty or failed.
[2026-07-09 19:05:56] Playwright Subprocess Crawler Disabled for match 4459808, cid 2, type 1 to protect server resources.
[2026-07-09 19:05:56] get_odds_detail_via_playwright: Phase 1 (H5 API) starting for match=4459808, cid=2, type=1
Direct H5 API Fetcher: Fetching odds detail for match 4459808, cid 2, type 1 ...
Scraping analysis page (HTML): https://live.leisu.com/shujufenxi-4459808
[2026-07-09 19:05:56] get_odds_detail_via_api: Empty or missing data in res_json. Code=100007
[2026-07-09 19:05:56] H5 API approach returned error: API business error code 100007: {'code': 100007, 'data': None, 'msg': '请求非法', 'time': '2026-07-09 19:05:56'}. Falling back to HTML Scraper...
[2026-07-09 19:05:56] get_odds_detail_via_playwright: Phase 2 (HTML Scraper) starting for match=4459808, cid=2
[2026-07-09 19:05:56] Pure HTML Scraper: Fetching trend HTML via bypass: https://odds.leisu.com/trend-4459808-2 ...
Fetching lineup and injuries via API for match 4459808...
API Lineup: Successfully parsed 0 injuries, 0 starting and 0 substitutes for home.
Attempting to decrypt shujufenxi JS data package for match 4459808 ...
decrypt_shujufenxi_data: Fetching JS data from https://live.leisu.com/shujufenxi/5a5890026fb3.js ...
13.231.214.199 - - [09/Jul/2026 19:05:57] "GET /api/match_odds_detail?match_id=4459808&cid=2&type=1 HTTP/1.1" 200 -
13.231.214.199 - - [09/Jul/2026 19:05:58] "GET /api/match_odds_detail?match_id=4459808&cid=2&type=1 HTTP/1.1" 200 -
13.231.214.199 - - [09/Jul/2026 19:05:59] "GET /api/match_details?id=4459808&home=法国&away=摩洛哥 HTTP/1.1" 200 -
13.231.214.199 - - [09/Jul/2026 19:06:00] "GET /api/match_odds_detail?match_id=4459808&cid=2&type=1 HTTP/1.1" 200 -
[2026-07-09 19:05:57] parse_trend_html_data: Failed to locate KST in HTML! Length=251313. Preview: <!doctype html><html lang="cn"><head><meta charset="UTF-8"><meta name="renderer" content="webkit"><meta http-equiv="X-UA-Compatible" content="IE=edge,chrome=1"><meta http-equiv="Content-Type" content="text/html; charset=UTF-8"><meta http-equiv="Content-Language" content="zh-cn"><meta content="width=device-width,initial-scale=1, maximum-scale=1, minimum-scale=1, user-scalable=no" name="viewport"><meta name="applicable-device" content="pc"><meta name="referrer" content="no-referrer-when-downgrade"><link rel="icon" href="https://static.leisu.com/public/img/base/icon/logo-16-722b5994d7.ico" type="image/x-icon"><link rel="shortcut icon" href="https://static.leisu.com/public/img/base/icon/logo-16-722b5994d7.ico" type="image/x-icon"><script>
         window.AliyunCaptchaConfig = {
            // 必填，验证码示例所属地区，支持中国内地（cn）、新加坡（sgp）
            region: "cn",
            // 必填，身份标。开通阿里云验证码2.0后，您可以在控制台概览页面的实例基本信息卡片区域，获取身份标
            prefix: "16frdl",
        };
    </script><script src="//o.alicdn.com/frontend-lib/common-lib/jquery.min.js"></script><title>法国VS摩洛哥让球走势变化_法国情报_摩洛哥情报_法国VS摩洛哥比赛分析-雷速体育</title><meta name="description" content="雷速体育是为您提供法国VS摩洛哥优劣势分析，优劣势分析包含法国VS摩洛哥历史走势情况，并为您提供法国VS摩洛哥权威
[2026-07-09 19:05:57] Pure HTML Scraper returned empty or failed.
[2026-07-09 19:05:57] Playwright Subprocess Crawler Disabled for match 4459808, cid 2, type 1 to protect server resources.
[2026-07-09 19:05:57] get_odds_detail_via_playwright: Phase 1 (H5 API) starting for match=4459808, cid=2, type=1
Direct H5 API Fetcher: Fetching odds detail for match 4459808, cid 2, type 1 ...
decrypt_shujufenxi_data: Successfully decrypted ciphertext with offset 13!
Successfully decrypted shujufenxi JS data!
Scraping SWOT page: https://www.leisu.com/guide/swot-4459808
SWOT page loaded. Length: 28639
[2026-07-09 19:05:58] get_odds_detail_via_api: Empty or missing data in res_json. Code=100007
[2026-07-09 19:05:58] H5 API approach returned error: API business error code 100007: {'code': 100007, 'data': None, 'msg': '请求非法', 'time': '2026-07-09 19:05:58'}. Falling back to HTML Scraper...
[2026-07-09 19:05:58] get_odds_detail_via_playwright: Phase 2 (HTML Scraper) starting for match=4459808, cid=2
[2026-07-09 19:05:58] Pure HTML Scraper: Fetching trend HTML via bypass: https://odds.leisu.com/trend-4459808-2 ...
[2026-07-09 19:05:58] parse_trend_html_data: Failed to locate KST in HTML! Length=251313. Preview: <!doctype html><html lang="cn"><head><meta charset="UTF-8"><meta name="renderer" content="webkit"><meta http-equiv="X-UA-Compatible" content="IE=edge,chrome=1"><meta http-equiv="Content-Type" content="text/html; charset=UTF-8"><meta http-equiv="Content-Language" content="zh-cn"><meta content="width=device-width,initial-scale=1, maximum-scale=1, minimum-scale=1, user-scalable=no" name="viewport"><meta name="applicable-device" content="pc"><meta name="referrer" content="no-referrer-when-downgrade"><link rel="icon" href="https://static.leisu.com/public/img/base/icon/logo-16-722b5994d7.ico" type="image/x-icon"><link rel="shortcut icon" href="https://static.leisu.com/public/img/base/icon/logo-16-722b5994d7.ico" type="image/x-icon"><script>
         window.AliyunCaptchaConfig = {
            // 必填，验证码示例所属地区，支持中国内地（cn）、新加坡（sgp）
            region: "cn",
            // 必填，身份标。开通阿里云验证码2.0后，您可以在控制台概览页面的实例基本信息卡片区域，获取身份标
            prefix: "16frdl",
        };
    </script><script src="//o.alicdn.com/frontend-lib/common-lib/jquery.min.js"></script><title>法国VS摩洛哥让球走势变化_法国情报_摩洛哥情报_法国VS摩洛哥比赛分析-雷速体育</title><meta name="description" content="雷速体育是为您提供法国VS摩洛哥优劣势分析，优劣势分析包含法国VS摩洛哥历史走势情况，并为您提供法国VS摩洛哥权威
[2026-07-09 19:05:58] Pure HTML Scraper returned empty or failed.
[2026-07-09 19:05:58] Playwright Subprocess Crawler Disabled for match 4459808, cid 2, type 1 to protect server resources.
[2026-07-09 19:05:59] get_odds_detail_via_playwright: Phase 1 (H5 API) starting for match=4459808, cid=2, type=1
Direct H5 API Fetcher: Fetching odds detail for match 4459808, cid 2, type 1 ...
[2026-07-09 19:05:59] get_odds_detail_via_api: Empty or missing data in res_json. Code=100007
[2026-07-09 19:05:59] H5 API approach returned error: API business error code 100007: {'code': 100007, 'data': None, 'msg': '请求非法', 'time': '2026-07-09 19:05:59'}. Falling back to HTML Scraper...
[2026-07-09 19:05:59] get_odds_detail_via_playwright: Phase 2 (HTML Scraper) starting for match=4459808, cid=2
[2026-07-09 19:05:59] Pure HTML Scraper: Fetching trend HTML via bypass: https://odds.leisu.com/trend-4459808-2 ...
[2026-07-09 19:06:00] parse_trend_html_data: Failed to locate KST in HTML! Length=251313. Preview: <!doctype html><html lang="cn"><head><meta charset="UTF-8"><meta name="renderer" content="webkit"><meta http-equiv="X-UA-Compatible" content="IE=edge,chrome=1"><meta http-equiv="Content-Type" content="text/html; charset=UTF-8"><meta http-equiv="Content-Language" content="zh-cn"><meta content="width=device-width,initial-scale=1, maximum-scale=1, minimum-scale=1, user-scalable=no" name="viewport"><meta name="applicable-device" content="pc"><meta name="referrer" content="no-referrer-when-downgrade"><link rel="icon" href="https://static.leisu.com/public/img/base/icon/logo-16-722b5994d7.ico" type="image/x-icon"><link rel="shortcut icon" href="https://static.leisu.com/public/img/base/icon/logo-16-722b5994d7.ico" type="image/x-icon"><script>
         window.AliyunCaptchaConfig = {
            // 必填，验证码示例所属地区，支持中国内地（cn）、新加坡（sgp）
            region: "cn",
            // 必填，身份标。开通阿里云验证码2.0后，您可以在控制台概览页面的实例基本信息卡片区域，获取身份标
            prefix: "16frdl",
        };
    </script><script src="//o.alicdn.com/frontend-lib/common-lib/jquery.min.js"></script><title>法国VS摩洛哥让球走势变化_法国情报_摩洛哥情报_法国VS摩洛哥比赛分析-雷速体育</title><meta name="description" content="雷速体育是为您提供法国VS摩洛哥优劣势分析，优劣势分析包含法国VS摩洛哥历史走势情况，并为您提供法国VS摩洛哥权威
[2026-07-09 19:06:00] Pure HTML Scraper returned empty or failed.
[2026-07-09 19:06:00] Playwright Subprocess Crawler Disabled for match 4459808, cid 2, type 1 to protect server resources.
[2026-07-09 19:06:00] get_odds_detail_via_playwright: Phase 1 (H5 API) starting for match=4459808, cid=2, type=1
Direct H5 API Fetcher: Fetching odds detail for match 4459808, cid 2, type 1 ...
[2026-07-09 19:06:01] get_odds_detail_via_api: Empty or missing data in res_json. Code=100007
[2026-07-09 19:06:01] H5 API approach returned error: API business error code 100007: {'code': 100007, 'data': None, 'msg': '请求非法', 'time': '2026-07-09 19:06:01'}. Falling back to HTML Scraper...
[2026-07-09 19:06:01] get_odds_detail_via_playwright: Phase 2 (HTML Scraper) starting for match=4459808, cid=2
[2026-07-09 19:06:01] Pure HTML Scraper: Fetching trend HTML via bypass: https://odds.leisu.com/trend-4459808-2 ...
13.231.214.199 - - [09/Jul/2026 19:06:01] "GET /api/match_odds_detail?match_id=4459808&cid=2&type=1 HTTP/1.1" 200 -
13.231.214.199 - - [09/Jul/2026 19:06:02] "GET /api/match_odds_detail?match_id=4459808&cid=2&type=1 HTTP/1.1" 200 -
13.231.214.199 - - [09/Jul/2026 19:06:08] "GET /api/match_odds_detail?match_id=4459808&cid=7&type=1 HTTP/1.1" 200 -
[2026-07-09 19:06:01] parse_trend_html_data: Failed to locate KST in HTML! Length=251313. Preview: <!doctype html><html lang="cn"><head><meta charset="UTF-8"><meta name="renderer" content="webkit"><meta http-equiv="X-UA-Compatible" content="IE=edge,chrome=1"><meta http-equiv="Content-Type" content="text/html; charset=UTF-8"><meta http-equiv="Content-Language" content="zh-cn"><meta content="width=device-width,initial-scale=1, maximum-scale=1, minimum-scale=1, user-scalable=no" name="viewport"><meta name="applicable-device" content="pc"><meta name="referrer" content="no-referrer-when-downgrade"><link rel="icon" href="https://static.leisu.com/public/img/base/icon/logo-16-722b5994d7.ico" type="image/x-icon"><link rel="shortcut icon" href="https://static.leisu.com/public/img/base/icon/logo-16-722b5994d7.ico" type="image/x-icon"><script>
         window.AliyunCaptchaConfig = {
            // 必填，验证码示例所属地区，支持中国内地（cn）、新加坡（sgp）
            region: "cn",
            // 必填，身份标。开通阿里云验证码2.0后，您可以在控制台概览页面的实例基本信息卡片区域，获取身份标
            prefix: "16frdl",
        };
    </script><script src="//o.alicdn.com/frontend-lib/common-lib/jquery.min.js"></script><title>法国VS摩洛哥让球走势变化_法国情报_摩洛哥情报_法国VS摩洛哥比赛分析-雷速体育</title><meta name="description" content="雷速体育是为您提供法国VS摩洛哥优劣势分析，优劣势分析包含法国VS摩洛哥历史走势情况，并为您提供法国VS摩洛哥权威
[2026-07-09 19:06:01] Pure HTML Scraper returned empty or failed.
[2026-07-09 19:06:01] Playwright Subprocess Crawler Disabled for match 4459808, cid 2, type 1 to protect server resources.
[2026-07-09 19:06:01] get_odds_detail_via_playwright: Phase 1 (H5 API) starting for match=4459808, cid=2, type=1
Direct H5 API Fetcher: Fetching odds detail for match 4459808, cid 2, type 1 ...
[2026-07-09 19:06:02] get_odds_detail_via_playwright: Phase 1 (H5 API) starting for match=4459808, cid=3, type=1
Direct H5 API Fetcher: Fetching odds detail for match 4459808, cid 3, type 1 ...
[2026-07-09 19:06:02] get_odds_detail_via_api: Empty or missing data in res_json. Code=100007
[2026-07-09 19:06:02] H5 API approach returned error: API business error code 100007: {'code': 100007, 'data': None, 'msg': '请求非法', 'time': '2026-07-09 19:06:02'}. Falling back to HTML Scraper...
[2026-07-09 19:06:02] get_odds_detail_via_playwright: Phase 2 (HTML Scraper) starting for match=4459808, cid=2
[2026-07-09 19:06:02] Pure HTML Scraper: Fetching trend HTML via bypass: https://odds.leisu.com/trend-4459808-2 ...
[2026-07-09 19:06:02] parse_trend_html_data: Failed to locate KST in HTML! Length=251313. Preview: <!doctype html><html lang="cn"><head><meta charset="UTF-8"><meta name="renderer" content="webkit"><meta http-equiv="X-UA-Compatible" content="IE=edge,chrome=1"><meta http-equiv="Content-Type" content="text/html; charset=UTF-8"><meta http-equiv="Content-Language" content="zh-cn"><meta content="width=device-width,initial-scale=1, maximum-scale=1, minimum-scale=1, user-scalable=no" name="viewport"><meta name="applicable-device" content="pc"><meta name="referrer" content="no-referrer-when-downgrade"><link rel="icon" href="https://static.leisu.com/public/img/base/icon/logo-16-722b5994d7.ico" type="image/x-icon"><link rel="shortcut icon" href="https://static.leisu.com/public/img/base/icon/logo-16-722b5994d7.ico" type="image/x-icon"><script>
         window.AliyunCaptchaConfig = {
            // 必填，验证码示例所属地区，支持中国内地（cn）、新加坡（sgp）
            region: "cn",
            // 必填，身份标。开通阿里云验证码2.0后，您可以在控制台概览页面的实例基本信息卡片区域，获取身份标
            prefix: "16frdl",
        };
    </script><script src="//o.alicdn.com/frontend-lib/common-lib/jquery.min.js"></script><title>法国VS摩洛哥让球走势变化_法国情报_摩洛哥情报_法国VS摩洛哥比赛分析-雷速体育</title><meta name="description" content="雷速体育是为您提供法国VS摩洛哥优劣势分析，优劣势分析包含法国VS摩洛哥历史走势情况，并为您提供法国VS摩洛哥权威
[2026-07-09 19:06:02] Pure HTML Scraper returned empty or failed.
[2026-07-09 19:06:02] Playwright Subprocess Crawler Disabled for match 4459808, cid 2, type 1 to protect server resources.
[2026-07-09 19:06:03] get_odds_detail_via_playwright: Phase 1 (H5 API) starting for match=4459808, cid=9, type=1
Direct H5 API Fetcher: Fetching odds detail for match 4459808, cid 9, type 1 ...
[2026-07-09 19:06:06] get_odds_detail_via_playwright: Phase 1 (H5 API) starting for match=4459808, cid=10, type=1
Direct H5 API Fetcher: Fetching odds detail for match 4459808, cid 10, type 1 ...
[2026-07-09 19:06:07] get_odds_detail_via_playwright: Phase 1 (H5 API) starting for match=4459808, cid=7, type=1
Direct H5 API Fetcher: Fetching odds detail for match 4459808, cid 7, type 1 ...
[2026-07-09 19:06:07] Failed to get time for H5 odds detail: <urlopen error _ssl.c:975: The handshake operation timed out>
[2026-07-09 19:06:07] get_odds_detail_via_api: Empty or missing data in res_json. Code=100007
[2026-07-09 19:06:07] H5 API approach returned error: API business error code 100007: {'code': 100007, 'data': None, 'msg': '请求非法', 'time': '2026-07-09 19:06:07'}. Falling back to HTML Scraper...
[2026-07-09 19:06:07] get_odds_detail_via_playwright: Phase 2 (HTML Scraper) starting for match=4459808, cid=7
[2026-07-09 19:06:07] Pure HTML Scraper: Fetching trend HTML via bypass: https://odds.leisu.com/trend-4459808-7 ...
[2026-07-09 19:06:07] get_odds_detail_via_api: Empty or missing data in res_json. Code=100007
[2026-07-09 19:06:07] H5 API approach returned error: API business error code 100007: {'code': 100007, 'data': None, 'msg': '请求非法', 'time': '2026-07-09 19:06:07'}. Falling back to HTML Scraper...
[2026-07-09 19:06:07] get_odds_detail_via_playwright: Phase 2 (HTML Scraper) starting for match=4459808, cid=3
[2026-07-09 19:06:07] Pure HTML Scraper: Fetching trend HTML via bypass: https://odds.leisu.com/trend-4459808-3 ...
[2026-07-09 19:06:08] parse_trend_html_data: Failed to locate KST in HTML! Length=62121. Preview: <!doctype html><html lang="cn"><head><meta charset="UTF-8"><meta name="renderer" content="webkit"><meta http-equiv="X-UA-Compatible" content="IE=edge,chrome=1"><meta http-equiv="Content-Type" content="text/html; charset=UTF-8"><meta http-equiv="Content-Language" content="zh-cn"><meta content="width=device-width,initial-scale=1, maximum-scale=1, minimum-scale=1, user-scalable=no" name="viewport"><meta name="applicable-device" content="pc"><meta name="referrer" content="no-referrer-when-downgrade"><link rel="icon" href="https://static.leisu.com/public/img/base/icon/logo-16-722b5994d7.ico" type="image/x-icon"><link rel="shortcut icon" href="https://static.leisu.com/public/img/base/icon/logo-16-722b5994d7.ico" type="image/x-icon"><script>
         window.AliyunCaptchaConfig = {
            // 必填，验证码示例所属地区，支持中国内地（cn）、新加坡（sgp）
            region: "cn",
            // 必填，身份标。开通阿里云验证码2.0后，您可以在控制台概览页面的实例基本信息卡片区域，获取身份标
            prefix: "16frdl",
        };
    </script><script src="//o.alicdn.com/frontend-lib/common-lib/jquery.min.js"></script><title>法国VS摩洛哥让球走势变化_法国情报_摩洛哥情报_法国VS摩洛哥比赛分析-雷速体育</title><meta name="description" content="雷速体育是为您提供法国VS摩洛哥优劣势分析，优劣势分析包含法国VS摩洛哥历史走势情况，并为您提供法国VS摩洛哥权威
[2026-07-09 19:06:08] Pure HTML Scraper returned empty or failed.
[2026-07-09 19:06:08] Playwright Subprocess Crawler Disabled for match 4459808, cid 7, type 1 to protect server resources.
13.231.214.199 - - [09/Jul/2026 19:06:08] "GET /api/match_odds_detail?match_id=4459808&cid=3&type=1 HTTP/1.1" 200 -
13.231.214.199 - - [09/Jul/2026 19:06:11] "GET /api/match_odds_detail?match_id=4459808&cid=11&type=1 HTTP/1.1" 200 -
13.231.214.199 - - [09/Jul/2026 19:06:13] "GET /api/match_odds_detail?match_id=4459808&cid=13&type=1 HTTP/1.1" 200 -
[2026-07-09 19:06:08] parse_trend_html_data: Failed to locate KST in HTML! Length=155544. Preview: <!doctype html><html lang="cn"><head><meta charset="UTF-8"><meta name="renderer" content="webkit"><meta http-equiv="X-UA-Compatible" content="IE=edge,chrome=1"><meta http-equiv="Content-Type" content="text/html; charset=UTF-8"><meta http-equiv="Content-Language" content="zh-cn"><meta content="width=device-width,initial-scale=1, maximum-scale=1, minimum-scale=1, user-scalable=no" name="viewport"><meta name="applicable-device" content="pc"><meta name="referrer" content="no-referrer-when-downgrade"><link rel="icon" href="https://static.leisu.com/public/img/base/icon/logo-16-722b5994d7.ico" type="image/x-icon"><link rel="shortcut icon" href="https://static.leisu.com/public/img/base/icon/logo-16-722b5994d7.ico" type="image/x-icon"><script>
         window.AliyunCaptchaConfig = {
            // 必填，验证码示例所属地区，支持中国内地（cn）、新加坡（sgp）
            region: "cn",
            // 必填，身份标。开通阿里云验证码2.0后，您可以在控制台概览页面的实例基本信息卡片区域，获取身份标
            prefix: "16frdl",
        };
    </script><script src="//o.alicdn.com/frontend-lib/common-lib/jquery.min.js"></script><title>法国VS摩洛哥让球走势变化_法国情报_摩洛哥情报_法国VS摩洛哥比赛分析-雷速体育</title><meta name="description" content="雷速体育是为您提供法国VS摩洛哥优劣势分析，优劣势分析包含法国VS摩洛哥历史走势情况，并为您提供法国VS摩洛哥权威
[2026-07-09 19:06:08] Pure HTML Scraper returned empty or failed.
[2026-07-09 19:06:08] Playwright Subprocess Crawler Disabled for match 4459808, cid 3, type 1 to protect server resources.
[2026-07-09 19:06:09] get_odds_detail_via_playwright: Phase 1 (H5 API) starting for match=4459808, cid=5, type=1
Direct H5 API Fetcher: Fetching odds detail for match 4459808, cid 5, type 1 ...
[2026-07-09 19:06:09] get_odds_detail_via_api: Empty or missing data in res_json. Code=100007
[2026-07-09 19:06:09] H5 API approach returned error: API business error code 100007: {'code': 100007, 'data': None, 'msg': '请求非法', 'time': '2026-07-09 19:06:09'}. Falling back to HTML Scraper...
[2026-07-09 19:06:09] get_odds_detail_via_playwright: Phase 2 (HTML Scraper) starting for match=4459808, cid=5
[2026-07-09 19:06:09] Pure HTML Scraper: Fetching trend HTML via bypass: https://odds.leisu.com/trend-4459808-5 ...
[2026-07-09 19:06:10] get_odds_detail_via_playwright: Phase 1 (H5 API) starting for match=4459808, cid=11, type=1
Direct H5 API Fetcher: Fetching odds detail for match 4459808, cid 11, type 1 ...
[2026-07-09 19:06:10] get_odds_detail_via_api: Empty or missing data in res_json. Code=100007
[2026-07-09 19:06:10] H5 API approach returned error: API business error code 100007: {'code': 100007, 'data': None, 'msg': '请求非法', 'time': '2026-07-09 19:06:10'}. Falling back to HTML Scraper...
[2026-07-09 19:06:10] get_odds_detail_via_playwright: Phase 2 (HTML Scraper) starting for match=4459808, cid=11
[2026-07-09 19:06:10] Pure HTML Scraper: Fetching trend HTML via bypass: https://odds.leisu.com/trend-4459808-11 ...
[2026-07-09 19:06:11] Failed to get time for H5 odds detail: <urlopen error _ssl.c:975: The handshake operation timed out>
[2026-07-09 19:06:11] parse_trend_html_data: Failed to locate KST in HTML! Length=177221. Preview: <!doctype html><html lang="cn"><head><meta charset="UTF-8"><meta name="renderer" content="webkit"><meta http-equiv="X-UA-Compatible" content="IE=edge,chrome=1"><meta http-equiv="Content-Type" content="text/html; charset=UTF-8"><meta http-equiv="Content-Language" content="zh-cn"><meta content="width=device-width,initial-scale=1, maximum-scale=1, minimum-scale=1, user-scalable=no" name="viewport"><meta name="applicable-device" content="pc"><meta name="referrer" content="no-referrer-when-downgrade"><link rel="icon" href="https://static.leisu.com/public/img/base/icon/logo-16-722b5994d7.ico" type="image/x-icon"><link rel="shortcut icon" href="https://static.leisu.com/public/img/base/icon/logo-16-722b5994d7.ico" type="image/x-icon"><script>
         window.AliyunCaptchaConfig = {
            // 必填，验证码示例所属地区，支持中国内地（cn）、新加坡（sgp）
            region: "cn",
            // 必填，身份标。开通阿里云验证码2.0后，您可以在控制台概览页面的实例基本信息卡片区域，获取身份标
            prefix: "16frdl",
        };
    </script><script src="//o.alicdn.com/frontend-lib/common-lib/jquery.min.js"></script><title>法国VS摩洛哥让球走势变化_法国情报_摩洛哥情报_法国VS摩洛哥比赛分析-雷速体育</title><meta name="description" content="雷速体育是为您提供法国VS摩洛哥优劣势分析，优劣势分析包含法国VS摩洛哥历史走势情况，并为您提供法国VS摩洛哥权威
[2026-07-09 19:06:11] Pure HTML Scraper returned empty or failed.
[2026-07-09 19:06:11] Playwright Subprocess Crawler Disabled for match 4459808, cid 11, type 1 to protect server resources.
[2026-07-09 19:06:12] get_odds_detail_via_playwright: Phase 1 (H5 API) starting for match=4459808, cid=13, type=1
Direct H5 API Fetcher: Fetching odds detail for match 4459808, cid 13, type 1 ...
[2026-07-09 19:06:12] get_odds_detail_via_api: Empty or missing data in res_json. Code=100007
[2026-07-09 19:06:12] H5 API approach returned error: API business error code 100007: {'code': 100007, 'data': None, 'msg': '请求非法', 'time': '2026-07-09 19:06:12'}. Falling back to HTML Scraper...
[2026-07-09 19:06:12] get_odds_detail_via_playwright: Phase 2 (HTML Scraper) starting for match=4459808, cid=13
[2026-07-09 19:06:12] Pure HTML Scraper: Fetching trend HTML via bypass: https://odds.leisu.com/trend-4459808-13 ...
[2026-07-09 19:06:13] parse_trend_html_data: Failed to locate KST in HTML! Length=38946. Preview: <!doctype html><html lang="cn"><head><meta charset="UTF-8"><meta name="renderer" content="webkit"><meta http-equiv="X-UA-Compatible" content="IE=edge,chrome=1"><meta http-equiv="Content-Type" content="text/html; charset=UTF-8"><meta http-equiv="Content-Language" content="zh-cn"><meta content="width=device-width,initial-scale=1, maximum-scale=1, minimum-scale=1, user-scalable=no" name="viewport"><meta name="applicable-device" content="pc"><meta name="referrer" content="no-referrer-when-downgrade"><link rel="icon" href="https://static.leisu.com/public/img/base/icon/logo-16-722b5994d7.ico" type="image/x-icon"><link rel="shortcut icon" href="https://static.leisu.com/public/img/base/icon/logo-16-722b5994d7.ico" type="image/x-icon"><script>
         window.AliyunCaptchaConfig = {
            // 必填，验证码示例所属地区，支持中国内地（cn）、新加坡（sgp）
            region: "cn",
            // 必填，身份标。开通阿里云验证码2.0后，您可以在控制台概览页面的实例基本信息卡片区域，获取身份标
            prefix: "16frdl",
        };
    </script><script src="//o.alicdn.com/frontend-lib/common-lib/jquery.min.js"></script><title>法国VS摩洛哥让球走势变化_法国情报_摩洛哥情报_法国VS摩洛哥比赛分析-雷速体育</title><meta name="description" content="雷速体育是为您提供法国VS摩洛哥优劣势分析，优劣势分析包含法国VS摩洛哥历史走势情况，并为您提供法国VS摩洛哥权威
[2026-07-09 19:06:13] Pure HTML Scraper returned empty or failed.
[2026-07-09 19:06:13] Playwright Subprocess Crawler Disabled for match 4459808, cid 13, type 1 to protect server resources.
[2026-07-09 19:06:13] get_odds_detail_via_playwright: Phase 1 (H5 API) starting for match=4459808, cid=14, type=1
Direct H5 API Fetcher: Fetching odds detail for match 4459808, cid 14, type 1 ...
[2026-07-09 19:06:13] get_odds_detail_via_api: Empty or missing data in res_json. Code=100007
[2026-07-09 19:06:13] H5 API approach returned error: API business error code 100007: {'code': 100007, 'data': None, 'msg': '请求非法', 'time': '2026-07-09 19:06:13'}. Falling back to HTML Scraper...
13.231.214.199 - - [09/Jul/2026 19:06:14] "GET /api/match_odds_detail?match_id=4459808&cid=14&type=1 HTTP/1.1" 200 -
13.231.214.199 - - [09/Jul/2026 19:06:14] "GET /api/match_odds_detail?match_id=4459808&cid=9&type=1 HTTP/1.1" 200 -
13.231.214.199 - - [09/Jul/2026 19:06:16] "GET /api/match_odds_detail?match_id=4459808&cid=15&type=1 HTTP/1.1" 200 -
[2026-07-09 19:06:13] get_odds_detail_via_playwright: Phase 2 (HTML Scraper) starting for match=4459808, cid=14
[2026-07-09 19:06:13] Pure HTML Scraper: Fetching trend HTML via bypass: https://odds.leisu.com/trend-4459808-14 ...
[2026-07-09 19:06:14] fetch_html_with_bypass error for https://api-gateway.leisu.com/v1/web/match/common/odds_detail?id=4459808&cid=9&type=1: <urlopen error _ssl.c:975: The handshake operation timed out> (HTTPError body: )
[2026-07-09 19:06:14] Failed to fetch odds detail from API directly: <urlopen error _ssl.c:975: The handshake operation timed out>
[2026-07-09 19:06:14] H5 API approach returned error: Fetch failed: <urlopen error _ssl.c:975: The handshake operation timed out>. Falling back to HTML Scraper...
[2026-07-09 19:06:14] get_odds_detail_via_playwright: Phase 2 (HTML Scraper) starting for match=4459808, cid=9
[2026-07-09 19:06:14] Pure HTML Scraper: Fetching trend HTML via bypass: https://odds.leisu.com/trend-4459808-9 ...
[2026-07-09 19:06:14] parse_trend_html_data: Failed to locate KST in HTML! Length=156070. Preview: <!doctype html><html lang="cn"><head><meta charset="UTF-8"><meta name="renderer" content="webkit"><meta http-equiv="X-UA-Compatible" content="IE=edge,chrome=1"><meta http-equiv="Content-Type" content="text/html; charset=UTF-8"><meta http-equiv="Content-Language" content="zh-cn"><meta content="width=device-width,initial-scale=1, maximum-scale=1, minimum-scale=1, user-scalable=no" name="viewport"><meta name="applicable-device" content="pc"><meta name="referrer" content="no-referrer-when-downgrade"><link rel="icon" href="https://static.leisu.com/public/img/base/icon/logo-16-722b5994d7.ico" type="image/x-icon"><link rel="shortcut icon" href="https://static.leisu.com/public/img/base/icon/logo-16-722b5994d7.ico" type="image/x-icon"><script>
         window.AliyunCaptchaConfig = {
            // 必填，验证码示例所属地区，支持中国内地（cn）、新加坡（sgp）
            region: "cn",
            // 必填，身份标。开通阿里云验证码2.0后，您可以在控制台概览页面的实例基本信息卡片区域，获取身份标
            prefix: "16frdl",
        };
    </script><script src="//o.alicdn.com/frontend-lib/common-lib/jquery.min.js"></script><title>法国VS摩洛哥让球走势变化_法国情报_摩洛哥情报_法国VS摩洛哥比赛分析-雷速体育</title><meta name="description" content="雷速体育是为您提供法国VS摩洛哥优劣势分析，优劣势分析包含法国VS摩洛哥历史走势情况，并为您提供法国VS摩洛哥权威
[2026-07-09 19:06:14] Pure HTML Scraper returned empty or failed.
[2026-07-09 19:06:14] Playwright Subprocess Crawler Disabled for match 4459808, cid 14, type 1 to protect server resources.
[2026-07-09 19:06:14] parse_trend_html_data: Failed to locate KST in HTML! Length=38433. Preview: <!doctype html><html lang="cn"><head><meta charset="UTF-8"><meta name="renderer" content="webkit"><meta http-equiv="X-UA-Compatible" content="IE=edge,chrome=1"><meta http-equiv="Content-Type" content="text/html; charset=UTF-8"><meta http-equiv="Content-Language" content="zh-cn"><meta content="width=device-width,initial-scale=1, maximum-scale=1, minimum-scale=1, user-scalable=no" name="viewport"><meta name="applicable-device" content="pc"><meta name="referrer" content="no-referrer-when-downgrade"><link rel="icon" href="https://static.leisu.com/public/img/base/icon/logo-16-722b5994d7.ico" type="image/x-icon"><link rel="shortcut icon" href="https://static.leisu.com/public/img/base/icon/logo-16-722b5994d7.ico" type="image/x-icon"><script>
         window.AliyunCaptchaConfig = {
            // 必填，验证码示例所属地区，支持中国内地（cn）、新加坡（sgp）
            region: "cn",
            // 必填，身份标。开通阿里云验证码2.0后，您可以在控制台概览页面的实例基本信息卡片区域，获取身份标
            prefix: "16frdl",
        };
    </script><script src="//o.alicdn.com/frontend-lib/common-lib/jquery.min.js"></script><title>法国VS摩洛哥让球走势变化_法国情报_摩洛哥情报_法国VS摩洛哥比赛分析-雷速体育</title><meta name="description" content="雷速体育是为您提供法国VS摩洛哥优劣势分析，优劣势分析包含法国VS摩洛哥历史走势情况，并为您提供法国VS摩洛哥权威
[2026-07-09 19:06:14] Pure HTML Scraper returned empty or failed.
[2026-07-09 19:06:14] Playwright Subprocess Crawler Disabled for match 4459808, cid 9, type 1 to protect server resources.
[2026-07-09 19:06:15] get_odds_detail_via_playwright: Phase 1 (H5 API) starting for match=4459808, cid=15, type=1
Direct H5 API Fetcher: Fetching odds detail for match 4459808, cid 15, type 1 ...
[2026-07-09 19:06:15] get_odds_detail_via_api: Empty or missing data in res_json. Code=100007
[2026-07-09 19:06:15] H5 API approach returned error: API business error code 100007: {'code': 100007, 'data': None, 'msg': '请求非法', 'time': '2026-07-09 19:06:15'}. Falling back to HTML Scraper...
[2026-07-09 19:06:15] get_odds_detail_via_playwright: Phase 2 (HTML Scraper) starting for match=4459808, cid=15
[2026-07-09 19:06:15] Pure HTML Scraper: Fetching trend HTML via bypass: https://odds.leisu.com/trend-4459808-15 ...
[2026-07-09 19:06:16] get_odds_detail_via_playwright: Phase 1 (H5 API) starting for match=4459808, cid=16, type=1
Direct H5 API Fetcher: Fetching odds detail for match 4459808, cid 16, type 1 ...
[2026-07-09 19:06:16] parse_trend_html_data: Failed to locate KST in HTML! Length=153946. Preview: <!doctype html><html lang="cn"><head><meta charset="UTF-8"><meta name="renderer" content="webkit"><meta http-equiv="X-UA-Compatible" content="IE=edge,chrome=1"><meta http-equiv="Content-Type" content="text/html; charset=UTF-8"><meta http-equiv="Content-Language" content="zh-cn"><meta content="width=device-width,initial-scale=1, maximum-scale=1, minimum-scale=1, user-scalable=no" name="viewport"><meta name="applicable-device" content="pc"><meta name="referrer" content="no-referrer-when-downgrade"><link rel="icon" href="https://static.leisu.com/public/img/base/icon/logo-16-722b5994d7.ico" type="image/x-icon"><link rel="shortcut icon" href="https://static.leisu.com/public/img/base/icon/logo-16-722b5994d7.ico" type="image/x-icon"><script>
         window.AliyunCaptchaConfig = {
            // 必填，验证码示例所属地区，支持中国内地（cn）、新加坡（sgp）
            region: "cn",
            // 必填，身份标。开通阿里云验证码2.0后，您可以在控制台概览页面的实例基本信息卡片区域，获取身份标
            prefix: "16frdl",
        };
    </script><script src="//o.alicdn.com/frontend-lib/common-lib/jquery.min.js"></script><title>法国VS摩洛哥让球走势变化_法国情报_摩洛哥情报_法国VS摩洛哥比赛分析-雷速体育</title><meta name="description" content="雷速体育是为您提供法国VS摩洛哥优劣势分析，优劣势分析包含法国VS摩洛哥历史走势情况，并为您提供法国VS摩洛哥权威
[2026-07-09 19:06:16] Pure HTML Scraper returned empty or failed.
[2026-07-09 19:06:16] Playwright Subprocess Crawler Disabled for match 4459808, cid 15, type 1 to protect server resources.
[2026-07-09 19:06:16] get_odds_detail_via_api: Empty or missing data in res_json. Code=100007
[2026-07-09 19:06:16] H5 API approach returned error: API business error code 100007: {'code': 100007, 'data': None, 'msg': '请求非法', 'time': '2026-07-09 19:06:16'}. Falling back to HTML Scraper...
[2026-07-09 19:06:16] get_odds_detail_via_playwright: Phase 2 (HTML Scraper) starting for match=4459808, cid=16
[2026-07-09 19:06:16] Pure HTML Scraper: Fetching trend HTML via bypass: https://odds.leisu.com/trend-4459808-16 ...
13.231.214.199 - - [09/Jul/2026 19:06:17] "GET /api/match_odds_detail?match_id=4459808&cid=16&type=1 HTTP/1.1" 200 -
13.231.214.199 - - [09/Jul/2026 19:06:19] "GET /api/match_odds_detail?match_id=4459808&cid=5&type=1 HTTP/1.1" 200 -
13.231.214.199 - - [09/Jul/2026 19:06:21] "GET /api/match_odds_detail?match_id=4459808&cid=10&type=1 HTTP/1.1" 200 -
13.231.214.199 - - [09/Jul/2026 19:06:24] "GET /api/match_odds_detail?match_id=4459808&cid=17&type=1 HTTP/1.1" 200 -
[2026-07-09 19:06:17] parse_trend_html_data: Failed to locate KST in HTML! Length=302871. Preview: <!doctype html><html lang="cn"><head><meta charset="UTF-8"><meta name="renderer" content="webkit"><meta http-equiv="X-UA-Compatible" content="IE=edge,chrome=1"><meta http-equiv="Content-Type" content="text/html; charset=UTF-8"><meta http-equiv="Content-Language" content="zh-cn"><meta content="width=device-width,initial-scale=1, maximum-scale=1, minimum-scale=1, user-scalable=no" name="viewport"><meta name="applicable-device" content="pc"><meta name="referrer" content="no-referrer-when-downgrade"><link rel="icon" href="https://static.leisu.com/public/img/base/icon/logo-16-722b5994d7.ico" type="image/x-icon"><link rel="shortcut icon" href="https://static.leisu.com/public/img/base/icon/logo-16-722b5994d7.ico" type="image/x-icon"><script>
         window.AliyunCaptchaConfig = {
            // 必填，验证码示例所属地区，支持中国内地（cn）、新加坡（sgp）
            region: "cn",
            // 必填，身份标。开通阿里云验证码2.0后，您可以在控制台概览页面的实例基本信息卡片区域，获取身份标
            prefix: "16frdl",
        };
    </script><script src="//o.alicdn.com/frontend-lib/common-lib/jquery.min.js"></script><title>法国VS摩洛哥让球走势变化_法国情报_摩洛哥情报_法国VS摩洛哥比赛分析-雷速体育</title><meta name="description" content="雷速体育是为您提供法国VS摩洛哥优劣势分析，优劣势分析包含法国VS摩洛哥历史走势情况，并为您提供法国VS摩洛哥权威
[2026-07-09 19:06:17] Pure HTML Scraper returned empty or failed.
[2026-07-09 19:06:17] Playwright Subprocess Crawler Disabled for match 4459808, cid 16, type 1 to protect server resources.
[2026-07-09 19:06:18] get_odds_detail_via_playwright: Phase 1 (H5 API) starting for match=4459808, cid=17, type=1
Direct H5 API Fetcher: Fetching odds detail for match 4459808, cid 17, type 1 ...
[2026-07-09 19:06:19] fetch_html_with_bypass error for https://odds.leisu.com/trend-4459808-5: <urlopen error _ssl.c:975: The handshake operation timed out> (HTTPError body: )
[2026-07-09 19:06:19] Pure HTML Scraper Error: <urlopen error _ssl.c:975: The handshake operation timed out>
[2026-07-09 19:06:19] Pure HTML Scraper returned empty or failed.
[2026-07-09 19:06:19] Playwright Subprocess Crawler Disabled for match 4459808, cid 5, type 1 to protect server resources.
[2026-07-09 19:06:21] fetch_html_with_bypass error for https://api-gateway.leisu.com/v1/web/match/common/odds_detail?id=4459808&cid=10&type=1: <urlopen error _ssl.c:975: The handshake operation timed out> (HTTPError body: )
[2026-07-09 19:06:21] Failed to fetch odds detail from API directly: <urlopen error _ssl.c:975: The handshake operation timed out>
[2026-07-09 19:06:21] H5 API approach returned error: Fetch failed: <urlopen error _ssl.c:975: The handshake operation timed out>. Falling back to HTML Scraper...
[2026-07-09 19:06:21] get_odds_detail_via_playwright: Phase 2 (HTML Scraper) starting for match=4459808, cid=10
[2026-07-09 19:06:21] Pure HTML Scraper: Fetching trend HTML via bypass: https://odds.leisu.com/trend-4459808-10 ...
[2026-07-09 19:06:21] parse_trend_html_data: Failed to locate KST in HTML! Length=117630. Preview: <!doctype html><html lang="cn"><head><meta charset="UTF-8"><meta name="renderer" content="webkit"><meta http-equiv="X-UA-Compatible" content="IE=edge,chrome=1"><meta http-equiv="Content-Type" content="text/html; charset=UTF-8"><meta http-equiv="Content-Language" content="zh-cn"><meta content="width=device-width,initial-scale=1, maximum-scale=1, minimum-scale=1, user-scalable=no" name="viewport"><meta name="applicable-device" content="pc"><meta name="referrer" content="no-referrer-when-downgrade"><link rel="icon" href="https://static.leisu.com/public/img/base/icon/logo-16-722b5994d7.ico" type="image/x-icon"><link rel="shortcut icon" href="https://static.leisu.com/public/img/base/icon/logo-16-722b5994d7.ico" type="image/x-icon"><script>
         window.AliyunCaptchaConfig = {
            // 必填，验证码示例所属地区，支持中国内地（cn）、新加坡（sgp）
            region: "cn",
            // 必填，身份标。开通阿里云验证码2.0后，您可以在控制台概览页面的实例基本信息卡片区域，获取身份标
            prefix: "16frdl",
        };
    </script><script src="//o.alicdn.com/frontend-lib/common-lib/jquery.min.js"></script><title>法国VS摩洛哥让球走势变化_法国情报_摩洛哥情报_法国VS摩洛哥比赛分析-雷速体育</title><meta name="description" content="雷速体育是为您提供法国VS摩洛哥优劣势分析，优劣势分析包含法国VS摩洛哥历史走势情况，并为您提供法国VS摩洛哥权威
[2026-07-09 19:06:21] Pure HTML Scraper returned empty or failed.
[2026-07-09 19:06:21] Playwright Subprocess Crawler Disabled for match 4459808, cid 10, type 1 to protect server resources.
[2026-07-09 19:06:23] Failed to get time for H5 odds detail: <urlopen error _ssl.c:975: The handshake operation timed out>
[2026-07-09 19:06:23] get_odds_detail_via_api: Empty or missing data in res_json. Code=100007
[2026-07-09 19:06:23] H5 API approach returned error: API business error code 100007: {'code': 100007, 'data': None, 'msg': '请求非法', 'time': '2026-07-09 19:06:23'}. Falling back to HTML Scraper...
[2026-07-09 19:06:23] get_odds_detail_via_playwright: Phase 2 (HTML Scraper) starting for match=4459808, cid=17
[2026-07-09 19:06:23] Pure HTML Scraper: Fetching trend HTML via bypass: https://odds.leisu.com/trend-4459808-17 ...
[2026-07-09 19:06:24] parse_trend_html_data: Failed to locate KST in HTML! Length=238538. Preview: <!doctype html><html lang="cn"><head><meta charset="UTF-8"><meta name="renderer" content="webkit"><meta http-equiv="X-UA-Compatible" content="IE=edge,chrome=1"><meta http-equiv="Content-Type" content="text/html; charset=UTF-8"><meta http-equiv="Content-Language" content="zh-cn"><meta content="width=device-width,initial-scale=1, maximum-scale=1, minimum-scale=1, user-scalable=no" name="viewport"><meta name="applicable-device" content="pc"><meta name="referrer" content="no-referrer-when-downgrade"><link rel="icon" href="https://static.leisu.com/public/img/base/icon/logo-16-722b5994d7.ico" type="image/x-icon"><link rel="shortcut icon" href="https://static.leisu.com/public/img/base/icon/logo-16-722b5994d7.ico" type="image/x-icon"><script>
         window.AliyunCaptchaConfig = {
            // 必填，验证码示例所属地区，支持中国内地（cn）、新加坡（sgp）
            region: "cn",
            // 必填，身份标。开通阿里云验证码2.0后，您可以在控制台概览页面的实例基本信息卡片区域，获取身份标
            prefix: "16frdl",
        };
    </script><script src="//o.alicdn.com/frontend-lib/common-lib/jquery.min.js"></script><title>法国VS摩洛哥让球走势变化_法国情报_摩洛哥情报_法国VS摩洛哥比赛分析-雷速体育</title><meta name="description" content="雷速体育是为您提供法国VS摩洛哥优劣势分析，优劣势分析包含法国VS摩洛哥历史走势情况，并为您提供法国VS摩洛哥权威
[2026-07-09 19:06:24] Pure HTML Scraper returned empty or failed.
[2026-07-09 19:06:24] Playwright Subprocess Crawler Disabled for match 4459808, cid 17, type 1 to protect server resources.
[2026-07-09 19:06:27] get_odds_detail_via_playwright: Phase 1 (H5 API) starting for match=4459808, cid=2, type=1
Direct H5 API Fetcher: Fetching odds detail for match 4459808, cid 2, type 1 ...
[2026-07-09 19:06:28] get_odds_detail_via_api: Empty or missing data in res_json. Code=100007
[2026-07-09 19:06:28] H5 API approach returned error: API business error code 100007: {'code': 100007, 'data': None, 'msg': '请求非法', 'time': '2026-07-09 19:06:28'}. Falling back to HTML Scraper...
[2026-07-09 19:06:28] get_odds_detail_via_playwright: Phase 2 (HTML Scraper) starting for match=4459808, cid=2
[2026-07-09 19:06:28] Pure HTML Scraper: Fetching trend HTML via bypass: https://odds.leisu.com/trend-4459808-2 ...
13.231.214.199 - - [09/Jul/2026 19:06:28] "GET /api/match_odds_detail?match_id=4459808&cid=2&type=1 HTTP/1.1" 200 -
13.231.214.199 - - [09/Jul/2026 19:06:29] "GET /api/odds_debug HTTP/1.1" 200 -
nohup: ignoring input
 * Serving Flask app 'app'
 * Debug mode: off
[31m[1mWARNING: This is a development server. Do not use it in a production deployment. Use a production WSGI server instead.[0m
 * Running on all addresses (0.0.0.0)
 * Running on http://127.0.0.1:5000
 * Running on http://10.0.45.2:5000
[33mPress CTRL+C to quit[0m
127.0.0.1 - - [15/Jul/2026 16:15:44] "GET / HTTP/1.1" 200 -
127.0.0.1 - - [15/Jul/2026 16:16:48] "GET / HTTP/1.1" 200 -
54.238.175.2 - - [15/Jul/2026 16:17:31] "GET /api/refresh?date=20260715 HTTP/1.1" 200 -
54.238.175.2 - - [15/Jul/2026 16:22:31] "GET /api/refresh?date=20260715 HTTP/1.1" 200 -
54.238.175.2 - - [15/Jul/2026 16:27:31] "GET /api/refresh?date=20260715 HTTP/1.1" 200 -
54.238.175.2 - - [15/Jul/2026 16:32:31] "GET /api/refresh?date=20260715 HTTP/1.1" 200 -
54.238.175.2 - - [15/Jul/2026 16:36:13] "GET / HTTP/1.1" 200 -
54.238.175.2 - - [15/Jul/2026 16:36:13] "GET /static/style.css?v=1.0.4 HTTP/1.1" 200 -
54.238.175.2 - - [15/Jul/2026 16:36:13] "GET /static/app.js?v=1.0.4 HTTP/1.1" 200 -
54.238.175.2 - - [15/Jul/2026 16:36:14] "GET /api/matches?today=20260715 HTTP/1.1" 200 -
54.238.175.2 - - [15/Jul/2026 16:36:15] "[33mGET /favicon.ico HTTP/1.1[0m" 404 -
54.238.175.2 - - [15/Jul/2026 16:36:19] "GET /api/match_details?id=4585407&home=杜塞尔多夫&away=鲁容贝罗克 HTTP/1.1" 200 -
54.238.175.2 - - [15/Jul/2026 16:36:19] "GET /api/ai_config HTTP/1.1" 200 -
54.238.175.2 - - [15/Jul/2026 16:36:21] "GET /api/match_odds_detail?match_id=4585407&cid=2&type=1 HTTP/1.1" 200 -
54.238.175.2 - - [15/Jul/2026 16:36:23] "GET /api/match_odds_detail?match_id=4585407&cid=3&type=1 HTTP/1.1" 200 -
54.238.175.2 - - [15/Jul/2026 16:36:24] "GET /api/match_odds_detail?match_id=4585407&cid=9&type=1 HTTP/1.1" 200 -
54.238.175.2 - - [15/Jul/2026 16:36:26] "GET /api/match_odds_detail?match_id=4585407&cid=10&type=1 HTTP/1.1" 200 -
54.238.175.2 - - [15/Jul/2026 16:36:28] "GET /api/match_odds_detail?match_id=4585407&cid=5&type=1 HTTP/1.1" 200 -
54.238.175.2 - - [15/Jul/2026 16:36:30] "GET /api/match_odds_detail?match_id=4585407&cid=11&type=1 HTTP/1.1" 200 -
检测到抓取今日(20260715)赛事，启动【极速解密方案】...
【极速解密】成功解析出 273 场赛事数据！
检测到抓取今日(20260715)赛事，启动【极速解密方案】...
【极速解密】成功解析出 273 场赛事数据！
检测到抓取今日(20260715)赛事，启动【极速解密方案】...
【极速解密】成功解析出 273 场赛事数据！
Automatic fixture refresh completed: 460 matches for 20260715
检测到抓取今日(20260715)赛事，启动【极速解密方案】...
【极速解密】成功解析出 273 场赛事数据！
检测到抓取今日(20260715)赛事，启动【极速解密方案】...
【极速解密】成功解析出 273 场赛事数据！
检测到抓取今日(20260715)赛事，启动【极速解密方案】...
【极速解密】成功解析出 273 场赛事数据！
Automatic fixture refresh completed: 460 matches for 20260715
Scraping analysis page (HTML): https://live.leisu.com/shujufenxi-4585407
[2026-07-15 16:36:15] solve_waf_via_node: Starting node solver for https://live.leisu.com/shujufenxi-4585407 (NODE_PATH=/usr/local/bin/node)
[2026-07-15 16:36:15] solve_waf_via_node: Successfully solved WAF! Cookie prefix: 1234cf0d46-b994...
[2026-07-15 16:36:15] fetch_html_with_bypass: Retrying request to https://live.leisu.com/shujufenxi-4585407 with new acw_sc__v2 WAF cookie...
[2026-07-15 16:36:15] fetch_html_with_bypass: Retry successful! HTML length: 50789
Fetching lineup and injuries via API for match 4585407...
API Lineup: Successfully parsed 4 injuries, 11 starting and 12 substitutes for home.
Attempting to decrypt shujufenxi JS data package for match 4585407 ...
decrypt_shujufenxi_data: Fetching JS data from https://live.leisu.com/shujufenxi/01bbfe00c046.js ...
decrypt_shujufenxi_data: Successfully decrypted ciphertext with offset 13!
Successfully decrypted shujufenxi JS data!
Scraping SWOT page: https://www.leisu.com/guide/swot-4585407
SWOT page loaded. Length: 26543
[2026-07-15 16:36:19] get_odds_detail_via_playwright: Phase 1 (H5 API) starting for match=4585407, cid=2, type=1
Direct H5 API Fetcher: Fetching odds detail for match 4585407, cid 2, type 1 ...
[2026-07-15 16:36:20] get_odds_detail_via_api: Empty or missing data in res_json. Code=100007
[2026-07-15 16:36:20] H5 API approach returned error: API business error code 100007: {'code': 100007, 'data': None, 'msg': '请求非法', 'time': '2026-07-15 16:36:19'}. Falling back to HTML Scraper...
[2026-07-15 16:36:20] get_odds_detail_via_playwright: Phase 2 (HTML Scraper) starting for match=4585407, cid=2
[2026-07-15 16:36:20] Pure HTML Scraper: Fetching trend HTML via bypass: https://odds.leisu.com/trend-4585407-2 ...
[2026-07-15 16:36:20] solve_waf_via_node: Starting node solver for https://odds.leisu.com/trend-4585407-2 (NODE_PATH=/usr/local/bin/node)
[2026-07-15 16:36:20] solve_waf_via_node: Successfully solved WAF! Cookie prefix: 1234cf0d46-0dba...
[2026-07-15 16:36:20] fetch_html_with_bypass: Retrying request to https://odds.leisu.com/trend-4585407-2 with new acw_sc__v2 WAF cookie...
[2026-07-15 16:36:21] fetch_html_with_bypass: Retry successful! HTML length: 47764
[2026-07-15 16:36:21] parse_trend_html_data: Successfully parsed and decrypted 18 trend items!
[2026-07-15 16:36:21] Successfully fetched odds details via high performance Pure HTML Scraper!
[2026-07-15 16:36:21] get_odds_detail_via_playwright: Phase 1 (H5 API) starting for match=4585407, cid=3, type=1
Direct H5 API Fetcher: Fetching odds detail for match 4585407, cid 3, type 1 ...
[2026-07-15 16:36:22] get_odds_detail_via_api: Empty or missing data in res_json. Code=100007
[2026-07-15 16:36:22] H5 API approach returned error: API business error code 100007: {'code': 100007, 'data': None, 'msg': '请求非法', 'time': '2026-07-15 16:36:22'}. Falling back to HTML Scraper...
[2026-07-15 16:36:22] get_odds_detail_via_playwright: Phase 2 (HTML Scraper) starting for match=4585407, cid=3
[2026-07-15 16:36:22] Pure HTML Scraper: Fetching trend HTML via bypass: https://odds.leisu.com/trend-4585407-3 ...
[2026-07-15 16:36:23] parse_trend_html_data: Successfully parsed and decrypted 9 trend items!
[2026-07-15 16:36:23] Successfully fetched odds details via high performance Pure HTML Scraper!
[2026-07-15 16:36:23] get_odds_detail_via_playwright: Phase 1 (H5 API) starting for match=4585407, cid=9, type=1
Direct H5 API Fetcher: Fetching odds detail for match 4585407, cid 9, type 1 ...
[2026-07-15 16:36:24] get_odds_detail_via_api: Empty or missing data in res_json. Code=100007
[2026-07-15 16:36:24] H5 API approach returned error: API business error code 100007: {'code': 100007, 'data': None, 'msg': '请求非法', 'time': '2026-07-15 16:36:24'}. Falling back to HTML Scraper...
[2026-07-15 16:36:24] get_odds_detail_via_playwright: Phase 2 (HTML Scraper) starting for match=4585407, cid=9
[2026-07-15 16:36:24] Pure HTML Scraper: Fetching trend HTML via bypass: https://odds.leisu.com/trend-4585407-9 ...
[2026-07-15 16:36:24] Pure HTML Scraper returned empty or failed.
[2026-07-15 16:36:24] Playwright Subprocess Crawler Disabled for match 4585407, cid 9, type 1 to protect server resources.
[2026-07-15 16:36:25] get_odds_detail_via_playwright: Phase 1 (H5 API) starting for match=4585407, cid=10, type=1
Direct H5 API Fetcher: Fetching odds detail for match 4585407, cid 10, type 1 ...
[2026-07-15 16:36:26] get_odds_detail_via_api: Empty or missing data in res_json. Code=100007
[2026-07-15 16:36:26] H5 API approach returned error: API business error code 100007: {'code': 100007, 'data': None, 'msg': '请求非法', 'time': '2026-07-15 16:36:26'}. Falling back to HTML Scraper...
[2026-07-15 16:36:26] get_odds_detail_via_playwright: Phase 2 (HTML Scraper) starting for match=4585407, cid=10
[2026-07-15 16:36:26] Pure HTML Scraper: Fetching trend HTML via bypass: https://odds.leisu.com/trend-4585407-10 ...
[2026-07-15 16:36:26] parse_trend_html_data: Successfully parsed and decrypted 29 trend items!
[2026-07-15 16:36:26] Successfully fetched odds details via high performance Pure HTML Scraper!
[2026-07-15 16:36:27] get_odds_detail_via_playwright: Phase 1 (H5 API) starting for match=4585407, cid=5, type=1
Direct H5 API Fetcher: Fetching odds detail for match 4585407, cid 5, type 1 ...
[2026-07-15 16:36:28] get_odds_detail_via_api: Empty or missing data in res_json. Code=100007
[2026-07-15 16:36:28] H5 API approach returned error: API business error code 100007: {'code': 100007, 'data': None, 'msg': '请求非法', 'time': '2026-07-15 16:36:28'}. Falling back to HTML Scraper...
[2026-07-15 16:36:28] get_odds_detail_via_playwright: Phase 2 (HTML Scraper) starting for match=4585407, cid=5
[2026-07-15 16:36:28] Pure HTML Scraper: Fetching trend HTML via bypass: https://odds.leisu.com/trend-4585407-5 ...
[2026-07-15 16:36:28] Pure HTML Scraper returned empty or failed.
[2026-07-15 16:36:28] Playwright Subprocess Crawler Disabled for match 4585407, cid 5, type 1 to protect server resources.
[2026-07-15 16:36:29] get_odds_detail_via_playwright: Phase 1 (H5 API) starting for match=4585407, cid=11, type=1
Direct H5 API Fetcher: Fetching odds detail for match 4585407, cid 11, type 1 ...
[2026-07-15 16:36:30] get_odds_detail_via_api: Empty or missing data in res_json. Code=100007
[2026-07-15 16:36:30] H5 API approach returned error: API business error code 100007: {'code': 100007, 'data': None, 'msg': '请求非法', 'time': '2026-07-15 16:36:30'}. Falling back to HTML Scraper...
[2026-07-15 16:36:30] get_odds_detail_via_playwright: Phase 2 (HTML Scraper) starting for match=4585407, cid=11
[2026-07-15 16:36:30] Pure HTML Scraper: Fetching trend HTML via bypass: https://odds.leisu.com/trend-4585407-11 ...
[2026-07-15 16:36:30] parse_trend_html_data: Successfully parsed and decrypted 42 trend items!
[2026-07-15 16:36:30] Successfully fetched odds details via high performance Pure HTML Scraper!
[2026-07-15 16:36:31] get_odds_detail_via_playwright: Phase 1 (H5 API) starting for match=4585407, cid=13, type=1
Direct H5 API Fetcher: Fetching odds detail for match 4585407, cid 13, type 1 ...
[2026-07-15 16:36:32] get_odds_detail_via_api: Empty or missing data in res_json. Code=100007
54.238.175.2 - - [15/Jul/2026 16:36:32] "GET /api/match_odds_detail?match_id=4585407&cid=13&type=1 HTTP/1.1" 200 -
54.238.175.2 - - [15/Jul/2026 16:36:34] "GET /api/match_odds_detail?match_id=4585407&cid=14&type=1 HTTP/1.1" 200 -
54.238.175.2 - - [15/Jul/2026 16:36:36] "GET /api/match_odds_detail?match_id=4585407&cid=15&type=1 HTTP/1.1" 200 -
54.238.175.2 - - [15/Jul/2026 16:36:38] "GET /api/match_odds_detail?match_id=4585407&cid=17&type=1 HTTP/1.1" 200 -
54.238.175.2 - - [15/Jul/2026 16:46:16] "GET /api/refresh?date=20260715 HTTP/1.1" 200 -
54.238.175.2 - - [15/Jul/2026 16:56:25] "GET /api/refresh?date=20260715 HTTP/1.1" 200 -
54.238.175.2 - - [15/Jul/2026 17:06:16] "GET /api/refresh?date=20260715 HTTP/1.1" 200 -
54.238.175.2 - - [15/Jul/2026 17:16:17] "GET /api/refresh?date=20260715 HTTP/1.1" 200 -
54.238.175.2 - - [15/Jul/2026 17:26:16] "GET /api/refresh?date=20260715 HTTP/1.1" 200 -
54.238.175.2 - - [15/Jul/2026 17:36:16] "GET /api/refresh?date=20260715 HTTP/1.1" 200 -
129.226.195.146 - - [15/Jul/2026 17:37:06] "GET / HTTP/1.1" 200 -
54.238.175.2 - - [15/Jul/2026 17:46:20] "GET /api/refresh?date=20260715 HTTP/1.1" 200 -
54.238.175.2 - - [15/Jul/2026 17:52:26] "GET / HTTP/1.1" 200 -
54.238.175.2 - - [15/Jul/2026 17:52:26] "GET /static/style.css?v=1.0.4 HTTP/1.1" 200 -
54.238.175.2 - - [15/Jul/2026 17:52:26] "GET /static/app.js?v=1.0.4 HTTP/1.1" 200 -
54.238.175.2 - - [15/Jul/2026 17:52:26] "GET /api/matches?today=20260715 HTTP/1.1" 200 -
54.238.175.2 - - [15/Jul/2026 17:52:26] "[33mGET /favicon.ico HTTP/1.1[0m" 404 -
54.238.175.2 - - [15/Jul/2026 17:52:35] "GET /api/refresh?date=20260715 HTTP/1.1" 200 -
54.238.175.2 - - [15/Jul/2026 17:52:38] "GET /api/prediction_backtest HTTP/1.1" 200 -
54.238.175.2 - - [15/Jul/2026 17:52:55] "GET / HTTP/1.1" 200 -
54.238.175.2 - - [15/Jul/2026 17:52:56] "[36mGET /static/style.css?v=1.0.4 HTTP/1.1[0m" 304 -
54.238.175.2 - - [15/Jul/2026 17:52:56] "[36mGET /static/app.js?v=1.0.4 HTTP/1.1[0m" 304 -
54.238.175.2 - - [15/Jul/2026 17:52:56] "GET /api/matches?today=20260715 HTTP/1.1" 200 -
54.238.175.2 - - [15/Jul/2026 17:53:00] "GET /api/match_details?id=4585407&home=杜塞尔多夫&away=鲁容贝罗克 HTTP/1.1" 200 -
54.238.175.2 - - [15/Jul/2026 17:53:00] "GET /api/refresh?date=20260715 HTTP/1.1" 200 -
54.238.175.2 - - [15/Jul/2026 17:53:00] "GET /api/ai_config HTTP/1.1" 200 -
[2026-07-15 16:36:32] H5 API approach returned error: API business error code 100007: {'code': 100007, 'data': None, 'msg': '请求非法', 'time': '2026-07-15 16:36:32'}. Falling back to HTML Scraper...
[2026-07-15 16:36:32] get_odds_detail_via_playwright: Phase 2 (HTML Scraper) starting for match=4585407, cid=13
[2026-07-15 16:36:32] Pure HTML Scraper: Fetching trend HTML via bypass: https://odds.leisu.com/trend-4585407-13 ...
[2026-07-15 16:36:32] Pure HTML Scraper returned empty or failed.
[2026-07-15 16:36:32] Playwright Subprocess Crawler Disabled for match 4585407, cid 13, type 1 to protect server resources.
[2026-07-15 16:36:33] get_odds_detail_via_playwright: Phase 1 (H5 API) starting for match=4585407, cid=14, type=1
Direct H5 API Fetcher: Fetching odds detail for match 4585407, cid 14, type 1 ...
[2026-07-15 16:36:34] get_odds_detail_via_api: Empty or missing data in res_json. Code=100007
[2026-07-15 16:36:34] H5 API approach returned error: API business error code 100007: {'code': 100007, 'data': None, 'msg': '请求非法', 'time': '2026-07-15 16:36:34'}. Falling back to HTML Scraper...
[2026-07-15 16:36:34] get_odds_detail_via_playwright: Phase 2 (HTML Scraper) starting for match=4585407, cid=14
[2026-07-15 16:36:34] Pure HTML Scraper: Fetching trend HTML via bypass: https://odds.leisu.com/trend-4585407-14 ...
[2026-07-15 16:36:34] parse_trend_html_data: Successfully parsed and decrypted 15 trend items!
[2026-07-15 16:36:34] Successfully fetched odds details via high performance Pure HTML Scraper!
[2026-07-15 16:36:35] get_odds_detail_via_playwright: Phase 1 (H5 API) starting for match=4585407, cid=15, type=1
Direct H5 API Fetcher: Fetching odds detail for match 4585407, cid 15, type 1 ...
[2026-07-15 16:36:36] get_odds_detail_via_api: Empty or missing data in res_json. Code=100007
[2026-07-15 16:36:36] H5 API approach returned error: API business error code 100007: {'code': 100007, 'data': None, 'msg': '请求非法', 'time': '2026-07-15 16:36:36'}. Falling back to HTML Scraper...
[2026-07-15 16:36:36] get_odds_detail_via_playwright: Phase 2 (HTML Scraper) starting for match=4585407, cid=15
[2026-07-15 16:36:36] Pure HTML Scraper: Fetching trend HTML via bypass: https://odds.leisu.com/trend-4585407-15 ...
[2026-07-15 16:36:36] parse_trend_html_data: Successfully parsed and decrypted 4 trend items!
[2026-07-15 16:36:36] Successfully fetched odds details via high performance Pure HTML Scraper!
[2026-07-15 16:36:37] get_odds_detail_via_playwright: Phase 1 (H5 API) starting for match=4585407, cid=17, type=1
Direct H5 API Fetcher: Fetching odds detail for match 4585407, cid 17, type 1 ...
[2026-07-15 16:36:38] get_odds_detail_via_api: Empty or missing data in res_json. Code=100007
[2026-07-15 16:36:38] H5 API approach returned error: API business error code 100007: {'code': 100007, 'data': None, 'msg': '请求非法', 'time': '2026-07-15 16:36:38'}. Falling back to HTML Scraper...
[2026-07-15 16:36:38] get_odds_detail_via_playwright: Phase 2 (HTML Scraper) starting for match=4585407, cid=17
[2026-07-15 16:36:38] Pure HTML Scraper: Fetching trend HTML via bypass: https://odds.leisu.com/trend-4585407-17 ...
[2026-07-15 16:36:38] parse_trend_html_data: Successfully parsed and decrypted 19 trend items!
[2026-07-15 16:36:38] Successfully fetched odds details via high performance Pure HTML Scraper!
检测到抓取今日(20260715)赛事，启动【极速解密方案】...
【极速解密】成功解析出 273 场赛事数据！
Automatic fixture refresh completed: 460 matches for 20260715
检测到抓取今日(20260715)赛事，启动【极速解密方案】...
【极速解密】成功解析出 273 场赛事数据！
检测到抓取今日(20260715)赛事，启动【极速解密方案】...
【极速解密】成功解析出 273 场赛事数据！
Automatic fixture refresh completed: 460 matches for 20260715
检测到抓取今日(20260715)赛事，启动【极速解密方案】...
【极速解密】第一志愿静态链接失败: <urlopen error _ssl.c:975: The handshake operation timed out>，启动灾备方案：从 live 首页动态定位数据源...
【极速解密】出错: 无法加载 alifInfo 数据源 JS，安全返回空列表。
检测到抓取今日(20260715)赛事，启动【极速解密方案】...
【极速解密】成功解析出 273 场赛事数据！
Automatic fixture refresh completed: 460 matches for 20260715
检测到抓取今日(20260715)赛事，启动【极速解密方案】...
【极速解密】成功解析出 273 场赛事数据！
检测到抓取今日(20260715)赛事，启动【极速解密方案】...
【极速解密】成功解析出 273 场赛事数据！
Automatic fixture refresh completed: 460 matches for 20260715
检测到抓取今日(20260715)赛事，启动【极速解密方案】...
【极速解密】成功解析出 273 场赛事数据！
检测到抓取今日(20260715)赛事，启动【极速解密方案】...
【极速解密】成功解析出 272 场赛事数据！
Automatic fixture refresh completed: 459 matches for 20260715
检测到抓取今日(20260715)赛事，启动【极速解密方案】...
【极速解密】成功解析出 272 场赛事数据！
检测到抓取今日(20260715)赛事，启动【极速解密方案】...
【极速解密】成功解析出 273 场赛事数据！
Automatic fixture refresh completed: 460 matches for 20260715
检测到抓取今日(20260715)赛事，启动【极速解密方案】...
【极速解密】成功解析出 273 场赛事数据！
检测到抓取今日(20260715)赛事，启动【极速解密方案】...
【极速解密】成功解析出 273 场赛事数据！
Automatic fixture refresh completed: 460 matches for 20260715
检测到抓取今日(20260715)赛事，启动【极速解密方案】...
【极速解密】成功解析出 273 场赛事数据！
Scraping analysis page (HTML): https://live.leisu.com/shujufenxi-4585407
[2026-07-15 17:52:27] solve_waf_via_node: Starting node solver for https://live.leisu.com/shujufenxi-4585407 (NODE_PATH=/usr/local/bin/node)
[2026-07-15 17:52:27] solve_waf_via_node: Successfully solved WAF! Cookie prefix: 1234cf0d46-fcfe...
[2026-07-15 17:52:27] fetch_html_with_bypass: Retrying request to https://live.leisu.com/shujufenxi-4585407 with new acw_sc__v2 WAF cookie...
[2026-07-15 17:52:28] fetch_html_with_bypass: Retry successful! HTML length: 50789
Fetching lineup and injuries via API for match 4585407...
API Lineup: Successfully parsed 4 injuries, 11 starting and 12 substitutes for home.
Attempting to decrypt shujufenxi JS data package for match 4585407 ...
decrypt_shujufenxi_data: Fetching JS data from https://live.leisu.com/shujufenxi/01bbfe00c046.js ...
decrypt_shujufenxi_data: Successfully decrypted ciphertext with offset 13!
Successfully decrypted shujufenxi JS data!
Scraping SWOT page: https://www.leisu.com/guide/swot-4585407
SWOT page loaded. Length: 26543
检测到抓取今日(20260715)赛事，启动【极速解密方案】...
【极速解密】成功解析出 273 场赛事数据！
Scraping analysis page (HTML): https://live.leisu.com/shujufenxi-4585407
Fetching lineup and injuries via API for match 4585407...
API Lineup: Successfully parsed 4 injuries, 11 starting and 12 substitutes for home.
Attempting to decrypt shujufenxi JS data package for match 4585407 ...
decrypt_shujufenxi_data: Fetching JS data from https://live.leisu.com/shujufenxi/01bbfe00c046.js ...
decrypt_shujufenxi_data: Successfully decrypted ciphertext with offset 13!
Successfully decrypted shujufenxi JS data!
Scraping SWOT page: https://www.leisu.com/guide/swot-4585407
检测到抓取今日(20260715)赛事，启动【极速解密方案】...
SWOT page loaded. Length: 26543
【极速解密】成功解析出 273 场赛事数据！
[2026-07-15 17:53:00] get_odds_detail_via_playwright: Phase 1 (H5 API) starting for match=4585407, cid=2, type=1
Direct H5 API Fetcher: Fetching odds detail for match 4585407, cid 2, type 1 ...
[2026-07-15 17:53:01] get_odds_detail_via_api: Empty or missing data in res_json. Code=100007
54.238.175.2 - - [15/Jul/2026 17:53:02] "GET /api/match_odds_detail?match_id=4585407&cid=2&type=1 HTTP/1.1" 200 -
54.238.175.2 - - [15/Jul/2026 17:53:04] "GET /api/match_odds_detail?match_id=4585407&cid=3&type=1 HTTP/1.1" 200 -
54.238.175.2 - - [15/Jul/2026 17:53:07] "GET /api/match_odds_detail?match_id=4585407&cid=9&type=1 HTTP/1.1" 200 -
54.238.175.2 - - [15/Jul/2026 17:53:11] "GET /api/match_details?id=4580258&home=釜山偶像&away=巨济市民 HTTP/1.1" 200 -
54.238.175.2 - - [15/Jul/2026 17:53:12] "GET /api/match_odds_detail?match_id=4580258&cid=2&type=1 HTTP/1.1" 200 -
54.238.175.2 - - [15/Jul/2026 17:53:13] "GET /api/match_odds_detail?match_id=4585407&cid=10&type=1 HTTP/1.1" 200 -
54.238.175.2 - - [15/Jul/2026 17:53:15] "GET /api/match_odds_detail?match_id=4580258&cid=9&type=1 HTTP/1.1" 200 -
54.238.175.2 - - [15/Jul/2026 17:53:31] "GET /api/match_odds_detail?match_id=4580258&cid=10&type=1 HTTP/1.1" 200 -
[2026-07-15 17:53:01] H5 API approach returned error: API business error code 100007: {'code': 100007, 'data': None, 'msg': '请求非法', 'time': '2026-07-15 17:53:01'}. Falling back to HTML Scraper...
[2026-07-15 17:53:01] get_odds_detail_via_playwright: Phase 2 (HTML Scraper) starting for match=4585407, cid=2
[2026-07-15 17:53:01] Pure HTML Scraper: Fetching trend HTML via bypass: https://odds.leisu.com/trend-4585407-2 ...
[2026-07-15 17:53:01] solve_waf_via_node: Starting node solver for https://odds.leisu.com/trend-4585407-2 (NODE_PATH=/usr/local/bin/node)
[2026-07-15 17:53:01] solve_waf_via_node: Successfully solved WAF! Cookie prefix: 1234cf0d46-9dd6...
[2026-07-15 17:53:01] fetch_html_with_bypass: Retrying request to https://odds.leisu.com/trend-4585407-2 with new acw_sc__v2 WAF cookie...
[2026-07-15 17:53:02] fetch_html_with_bypass: Retry successful! HTML length: 151931
[2026-07-15 17:53:02] parse_trend_html_data: Successfully parsed and decrypted 65 trend items!
[2026-07-15 17:53:02] Successfully fetched odds details via high performance Pure HTML Scraper!
[2026-07-15 17:53:03] get_odds_detail_via_playwright: Phase 1 (H5 API) starting for match=4585407, cid=3, type=1
Direct H5 API Fetcher: Fetching odds detail for match 4585407, cid 3, type 1 ...
[2026-07-15 17:53:04] get_odds_detail_via_api: Empty or missing data in res_json. Code=100007
[2026-07-15 17:53:04] H5 API approach returned error: API business error code 100007: {'code': 100007, 'data': None, 'msg': '请求非法', 'time': '2026-07-15 17:53:03'}. Falling back to HTML Scraper...
[2026-07-15 17:53:04] get_odds_detail_via_playwright: Phase 2 (HTML Scraper) starting for match=4585407, cid=3
[2026-07-15 17:53:04] Pure HTML Scraper: Fetching trend HTML via bypass: https://odds.leisu.com/trend-4585407-3 ...
[2026-07-15 17:53:04] parse_trend_html_data: Successfully parsed and decrypted 77 trend items!
[2026-07-15 17:53:04] Successfully fetched odds details via high performance Pure HTML Scraper!
[2026-07-15 17:53:05] get_odds_detail_via_playwright: Phase 1 (H5 API) starting for match=4585407, cid=9, type=1
Direct H5 API Fetcher: Fetching odds detail for match 4585407, cid 9, type 1 ...
[2026-07-15 17:53:06] get_odds_detail_via_api: Empty or missing data in res_json. Code=100007
[2026-07-15 17:53:06] H5 API approach returned error: API business error code 100007: {'code': 100007, 'data': None, 'msg': '请求非法', 'time': '2026-07-15 17:53:06'}. Falling back to HTML Scraper...
[2026-07-15 17:53:06] get_odds_detail_via_playwright: Phase 2 (HTML Scraper) starting for match=4585407, cid=9
[2026-07-15 17:53:06] Pure HTML Scraper: Fetching trend HTML via bypass: https://odds.leisu.com/trend-4585407-9 ...
[2026-07-15 17:53:07] Pure HTML Scraper returned empty or failed.
[2026-07-15 17:53:07] Playwright Subprocess Crawler Disabled for match 4585407, cid 9, type 1 to protect server resources.
[2026-07-15 17:53:07] get_odds_detail_via_playwright: Phase 1 (H5 API) starting for match=4585407, cid=10, type=1
Direct H5 API Fetcher: Fetching odds detail for match 4585407, cid 10, type 1 ...
Scraping analysis page (HTML): https://live.leisu.com/shujufenxi-4580258
Fetching lineup and injuries via API for match 4580258...
API Lineup: Successfully parsed 0 injuries, 0 starting and 0 substitutes for home.
Attempting to decrypt shujufenxi JS data package for match 4580258 ...
decrypt_shujufenxi_data: Fetching JS data from https://live.leisu.com/shujufenxi/18b6574c5c1f.js ...
decrypt_shujufenxi_data: Successfully decrypted ciphertext with offset 13!
Successfully decrypted shujufenxi JS data!
Scraping SWOT page: https://www.leisu.com/guide/swot-4580258
SWOT page loaded. Length: 26907
[2026-07-15 17:53:11] get_odds_detail_via_playwright: Phase 1 (H5 API) starting for match=4580258, cid=2, type=1
Direct H5 API Fetcher: Fetching odds detail for match 4580258, cid 2, type 1 ...
[2026-07-15 17:53:12] get_odds_detail_via_api: Empty or missing data in res_json. Code=100007
[2026-07-15 17:53:12] H5 API approach returned error: API business error code 100007: {'code': 100007, 'data': None, 'msg': '请求非法', 'time': '2026-07-15 17:53:12'}. Falling back to HTML Scraper...
[2026-07-15 17:53:12] get_odds_detail_via_playwright: Phase 2 (HTML Scraper) starting for match=4580258, cid=2
[2026-07-15 17:53:12] Pure HTML Scraper: Fetching trend HTML via bypass: https://odds.leisu.com/trend-4580258-2 ...
[2026-07-15 17:53:12] parse_trend_html_data: Successfully parsed and decrypted 1 trend items!
[2026-07-15 17:53:12] Successfully fetched odds details via high performance Pure HTML Scraper!
[2026-07-15 17:53:13] get_odds_detail_via_api: Empty or missing data in res_json. Code=100007
[2026-07-15 17:53:13] H5 API approach returned error: API business error code 100007: {'code': 100007, 'data': None, 'msg': '请求非法', 'time': '2026-07-15 17:53:13'}. Falling back to HTML Scraper...
[2026-07-15 17:53:13] get_odds_detail_via_playwright: Phase 2 (HTML Scraper) starting for match=4585407, cid=10
[2026-07-15 17:53:13] Pure HTML Scraper: Fetching trend HTML via bypass: https://odds.leisu.com/trend-4585407-10 ...
[2026-07-15 17:53:13] parse_trend_html_data: Successfully parsed and decrypted 72 trend items!
[2026-07-15 17:53:13] Successfully fetched odds details via high performance Pure HTML Scraper!
[2026-07-15 17:53:14] get_odds_detail_via_playwright: Phase 1 (H5 API) starting for match=4580258, cid=9, type=1
Direct H5 API Fetcher: Fetching odds detail for match 4580258, cid 9, type 1 ...
[2026-07-15 17:53:14] get_odds_detail_via_api: Empty or missing data in res_json. Code=100007
[2026-07-15 17:53:14] H5 API approach returned error: API business error code 100007: {'code': 100007, 'data': None, 'msg': '请求非法', 'time': '2026-07-15 17:53:14'}. Falling back to HTML Scraper...
[2026-07-15 17:53:14] get_odds_detail_via_playwright: Phase 2 (HTML Scraper) starting for match=4580258, cid=9
[2026-07-15 17:53:14] Pure HTML Scraper: Fetching trend HTML via bypass: https://odds.leisu.com/trend-4580258-9 ...
[2026-07-15 17:53:15] parse_trend_html_data: Successfully parsed and decrypted 7 trend items!
[2026-07-15 17:53:15] Successfully fetched odds details via high performance Pure HTML Scraper!
[2026-07-15 17:53:16] get_odds_detail_via_playwright: Phase 1 (H5 API) starting for match=4580258, cid=10, type=1
Direct H5 API Fetcher: Fetching odds detail for match 4580258, cid 10, type 1 ...
[2026-07-15 17:53:21] Failed to get time for H5 odds detail: <urlopen error _ssl.c:975: The handshake operation timed out>
[2026-07-15 17:53:31] fetch_html_with_bypass error for https://api-gateway.leisu.com/v1/web/match/common/odds_detail?id=4580258&cid=10&type=1: <urlopen error _ssl.c:975: The handshake operation timed out> (HTTPError body: )
[2026-07-15 17:53:31] Failed to fetch odds detail from API directly: <urlopen error _ssl.c:975: The handshake operation timed out>
[2026-07-15 17:53:31] H5 API approach returned error: Fetch failed: <urlopen error _ssl.c:975: The handshake operation timed out>. Falling back to HTML Scraper...
[2026-07-15 17:53:31] get_odds_detail_via_playwright: Phase 2 (HTML Scraper) starting for match=4580258, cid=10
[2026-07-15 17:53:31] Pure HTML Scraper: Fetching trend HTML via bypass: https://odds.leisu.com/trend-4580258-10 ...
[2026-07-15 17:53:31] parse_trend_html_data: Successfully parsed and decrypted 13 trend items!
[2026-07-15 17:53:31] Successfully fetched odds details via high performance Pure HTML Scraper!
[2026-07-15 17:53:32] get_odds_detail_via_playwright: Phase 1 (H5 API) starting for match=4580258, cid=7, type=1
Direct H5 API Fetcher: Fetching odds detail for match 4580258, cid 7, type 1 ...
[2026-07-15 17:53:33] get_odds_detail_via_api: Empty or missing data in res_json. Code=100007
[2026-07-15 17:53:33] H5 API approach returned error: API business error code 100007: {'code': 100007, 'data': None, 'msg': '请求非法', 'time': '2026-07-15 17:53:33'}. Falling back to HTML Scraper...
[2026-07-15 17:53:33] get_odds_detail_via_playwright: Phase 2 (HTML Scraper) starting for match=4580258, cid=7
54.238.175.2 - - [15/Jul/2026 17:53:33] "GET /api/match_odds_detail?match_id=4580258&cid=7&type=1 HTTP/1.1" 200 -
54.238.175.2 - - [15/Jul/2026 17:53:37] "GET /api/prediction_backtest HTTP/1.1" 200 -
54.238.175.2 - - [15/Jul/2026 17:53:49] "GET /api/match_odds_detail?match_id=4580258&cid=5&type=1 HTTP/1.1" 200 -
54.238.175.2 - - [15/Jul/2026 17:53:51] "GET /api/match_odds_detail?match_id=4580258&cid=11&type=1 HTTP/1.1" 200 -
54.238.175.2 - - [15/Jul/2026 17:53:52] "GET /api/match_odds_detail?match_id=4580258&cid=13&type=1 HTTP/1.1" 200 -
54.238.175.2 - - [15/Jul/2026 17:53:54] "GET /api/match_odds_detail?match_id=4580258&cid=14&type=1 HTTP/1.1" 200 -
54.238.175.2 - - [15/Jul/2026 17:53:56] "GET /api/match_odds_detail?match_id=4580258&cid=16&type=1 HTTP/1.1" 200 -
54.238.175.2 - - [15/Jul/2026 17:53:57] "GET /api/match_odds_detail?match_id=4580258&cid=17&type=1 HTTP/1.1" 200 -
54.238.175.2 - - [15/Jul/2026 17:53:59] "POST /api/match_ai_analysis HTTP/1.1" 200 -
54.238.175.2 - - [15/Jul/2026 17:54:08] "GET /api/match_details?id=4578755&home=釜山运输&away=水原三星 HTTP/1.1" 200 -
54.238.175.2 - - [15/Jul/2026 17:54:09] "GET /api/match_odds_detail?match_id=4578755&cid=2&type=1 HTTP/1.1" 200 -
[2026-07-15 17:53:33] Pure HTML Scraper: Fetching trend HTML via bypass: https://odds.leisu.com/trend-4580258-7 ...
[2026-07-15 17:53:33] parse_trend_html_data: Successfully parsed and decrypted 2 trend items!
[2026-07-15 17:53:33] Successfully fetched odds details via high performance Pure HTML Scraper!
[2026-07-15 17:53:34] get_odds_detail_via_playwright: Phase 1 (H5 API) starting for match=4580258, cid=5, type=1
Direct H5 API Fetcher: Fetching odds detail for match 4580258, cid 5, type 1 ...
[2026-07-15 17:53:39] Failed to get time for H5 odds detail: <urlopen error _ssl.c:975: The handshake operation timed out>
[2026-07-15 17:53:49] fetch_html_with_bypass error for https://api-gateway.leisu.com/v1/web/match/common/odds_detail?id=4580258&cid=5&type=1: <urlopen error _ssl.c:975: The handshake operation timed out> (HTTPError body: )
[2026-07-15 17:53:49] Failed to fetch odds detail from API directly: <urlopen error _ssl.c:975: The handshake operation timed out>
[2026-07-15 17:53:49] H5 API approach returned error: Fetch failed: <urlopen error _ssl.c:975: The handshake operation timed out>. Falling back to HTML Scraper...
[2026-07-15 17:53:49] get_odds_detail_via_playwright: Phase 2 (HTML Scraper) starting for match=4580258, cid=5
[2026-07-15 17:53:49] Pure HTML Scraper: Fetching trend HTML via bypass: https://odds.leisu.com/trend-4580258-5 ...
[2026-07-15 17:53:49] Pure HTML Scraper returned empty or failed.
[2026-07-15 17:53:49] Playwright Subprocess Crawler Disabled for match 4580258, cid 5, type 1 to protect server resources.
[2026-07-15 17:53:50] get_odds_detail_via_playwright: Phase 1 (H5 API) starting for match=4580258, cid=11, type=1
Direct H5 API Fetcher: Fetching odds detail for match 4580258, cid 11, type 1 ...
[2026-07-15 17:53:50] get_odds_detail_via_api: Empty or missing data in res_json. Code=100007
[2026-07-15 17:53:50] H5 API approach returned error: API business error code 100007: {'code': 100007, 'data': None, 'msg': '请求非法', 'time': '2026-07-15 17:53:50'}. Falling back to HTML Scraper...
[2026-07-15 17:53:50] get_odds_detail_via_playwright: Phase 2 (HTML Scraper) starting for match=4580258, cid=11
[2026-07-15 17:53:50] Pure HTML Scraper: Fetching trend HTML via bypass: https://odds.leisu.com/trend-4580258-11 ...
[2026-07-15 17:53:51] parse_trend_html_data: Successfully parsed and decrypted 9 trend items!
[2026-07-15 17:53:51] Successfully fetched odds details via high performance Pure HTML Scraper!
[2026-07-15 17:53:51] get_odds_detail_via_playwright: Phase 1 (H5 API) starting for match=4580258, cid=13, type=1
Direct H5 API Fetcher: Fetching odds detail for match 4580258, cid 13, type 1 ...
[2026-07-15 17:53:52] get_odds_detail_via_api: Empty or missing data in res_json. Code=100007
[2026-07-15 17:53:52] H5 API approach returned error: API business error code 100007: {'code': 100007, 'data': None, 'msg': '请求非法', 'time': '2026-07-15 17:53:52'}. Falling back to HTML Scraper...
[2026-07-15 17:53:52] get_odds_detail_via_playwright: Phase 2 (HTML Scraper) starting for match=4580258, cid=13
[2026-07-15 17:53:52] Pure HTML Scraper: Fetching trend HTML via bypass: https://odds.leisu.com/trend-4580258-13 ...
[2026-07-15 17:53:52] parse_trend_html_data: Successfully parsed and decrypted 3 trend items!
[2026-07-15 17:53:52] Successfully fetched odds details via high performance Pure HTML Scraper!
[2026-07-15 17:53:53] get_odds_detail_via_playwright: Phase 1 (H5 API) starting for match=4580258, cid=14, type=1
Direct H5 API Fetcher: Fetching odds detail for match 4580258, cid 14, type 1 ...
[2026-07-15 17:53:53] get_odds_detail_via_api: Empty or missing data in res_json. Code=100007
[2026-07-15 17:53:53] H5 API approach returned error: API business error code 100007: {'code': 100007, 'data': None, 'msg': '请求非法', 'time': '2026-07-15 17:53:53'}. Falling back to HTML Scraper...
[2026-07-15 17:53:53] get_odds_detail_via_playwright: Phase 2 (HTML Scraper) starting for match=4580258, cid=14
[2026-07-15 17:53:53] Pure HTML Scraper: Fetching trend HTML via bypass: https://odds.leisu.com/trend-4580258-14 ...
[2026-07-15 17:53:54] parse_trend_html_data: Successfully parsed and decrypted 4 trend items!
[2026-07-15 17:53:54] Successfully fetched odds details via high performance Pure HTML Scraper!
[2026-07-15 17:53:55] get_odds_detail_via_playwright: Phase 1 (H5 API) starting for match=4580258, cid=16, type=1
Direct H5 API Fetcher: Fetching odds detail for match 4580258, cid 16, type 1 ...
[2026-07-15 17:53:55] get_odds_detail_via_api: Empty or missing data in res_json. Code=100007
[2026-07-15 17:53:55] H5 API approach returned error: API business error code 100007: {'code': 100007, 'data': None, 'msg': '请求非法', 'time': '2026-07-15 17:53:55'}. Falling back to HTML Scraper...
[2026-07-15 17:53:55] get_odds_detail_via_playwright: Phase 2 (HTML Scraper) starting for match=4580258, cid=16
[2026-07-15 17:53:55] Pure HTML Scraper: Fetching trend HTML via bypass: https://odds.leisu.com/trend-4580258-16 ...
[2026-07-15 17:53:56] parse_trend_html_data: Successfully parsed and decrypted 33 trend items!
[2026-07-15 17:53:56] Successfully fetched odds details via high performance Pure HTML Scraper!
[2026-07-15 17:53:56] get_odds_detail_via_playwright: Phase 1 (H5 API) starting for match=4580258, cid=17, type=1
Direct H5 API Fetcher: Fetching odds detail for match 4580258, cid 17, type 1 ...
[2026-07-15 17:53:57] get_odds_detail_via_api: Empty or missing data in res_json. Code=100007
[2026-07-15 17:53:57] H5 API approach returned error: API business error code 100007: {'code': 100007, 'data': None, 'msg': '请求非法', 'time': '2026-07-15 17:53:57'}. Falling back to HTML Scraper...
[2026-07-15 17:53:57] get_odds_detail_via_playwright: Phase 2 (HTML Scraper) starting for match=4580258, cid=17
[2026-07-15 17:53:57] Pure HTML Scraper: Fetching trend HTML via bypass: https://odds.leisu.com/trend-4580258-17 ...
[2026-07-15 17:53:57] parse_trend_html_data: Successfully parsed and decrypted 34 trend items!
[2026-07-15 17:53:57] Successfully fetched odds details via high performance Pure HTML Scraper!
Scraping analysis page (HTML): https://live.leisu.com/shujufenxi-4578755
Fetching lineup and injuries via API for match 4578755...
API Lineup: Successfully parsed 0 injuries, 0 starting and 0 substitutes for home.
Attempting to decrypt shujufenxi JS data package for match 4578755 ...
decrypt_shujufenxi_data: Fetching JS data from https://live.leisu.com/shujufenxi/4ab1c444fd77.js ...
Failed to decrypt shujufenxi JS data, fallback to BeautifulSoup parser.
Fallback: parse H2H via BeautifulSoup
Fallback: parse recent results via BeautifulSoup
Scraping SWOT page: https://www.leisu.com/guide/swot-4578755
SWOT page loaded. Length: 26848
[2026-07-15 17:54:08] get_odds_detail_via_playwright: Phase 1 (H5 API) starting for match=4578755, cid=2, type=1
Direct H5 API Fetcher: Fetching odds detail for match 4578755, cid 2, type 1 ...
[2026-07-15 17:54:09] get_odds_detail_via_api: Empty or missing data in res_json. Code=100007
[2026-07-15 17:54:09] H5 API approach returned error: API business error code 100007: {'code': 100007, 'data': None, 'msg': '请求非法', 'time': '2026-07-15 17:54:09'}. Falling back to HTML Scraper...
[2026-07-15 17:54:09] get_odds_detail_via_playwright: Phase 2 (HTML Scraper) starting for match=4578755, cid=2
[2026-07-15 17:54:09] Pure HTML Scraper: Fetching trend HTML via bypass: https://odds.leisu.com/trend-4578755-2 ...
[2026-07-15 17:54:09] parse_trend_html_data: Successfully parsed and decrypted 59 trend items!
[2026-07-15 17:54:09] Successfully fetched odds details via high performance Pure HTML Scraper!
[2026-07-15 17:54:10] get_odds_detail_via_playwright: Phase 1 (H5 API) starting for match=4578755, cid=3, type=1
Direct H5 API Fetcher: Fetching odds detail for match 4578755, cid 3, type 1 ...
[2026-07-15 17:54:15] Failed to get time for H5 odds detail: <urlopen error _ssl.c:975: The handshake operation timed out>
[2026-07-15 17:54:15] get_odds_detail_via_api: Empty or missing data in res_json. Code=100007
54.238.175.2 - - [15/Jul/2026 17:54:16] "GET /api/match_odds_detail?match_id=4578755&cid=3&type=1 HTTP/1.1" 200 -
54.238.175.2 - - [15/Jul/2026 17:54:32] "GET /api/match_odds_detail?match_id=4578755&cid=9&type=1 HTTP/1.1" 200 -
54.238.175.2 - - [15/Jul/2026 17:54:34] "GET /api/match_odds_detail?match_id=4578755&cid=10&type=1 HTTP/1.1" 200 -
54.238.175.2 - - [15/Jul/2026 17:54:35] "GET /api/match_odds_detail?match_id=4578755&cid=7&type=1 HTTP/1.1" 200 -
54.238.175.2 - - [15/Jul/2026 17:54:37] "GET /api/match_odds_detail?match_id=4578755&cid=5&type=1 HTTP/1.1" 200 -
54.238.175.2 - - [15/Jul/2026 17:54:38] "GET /api/match_odds_detail?match_id=4578755&cid=11&type=1 HTTP/1.1" 200 -
54.238.175.2 - - [15/Jul/2026 17:54:40] "GET /api/match_odds_detail?match_id=4578755&cid=13&type=1 HTTP/1.1" 200 -
54.238.175.2 - - [15/Jul/2026 17:54:42] "GET /api/match_odds_detail?match_id=4578755&cid=14&type=1 HTTP/1.1" 200 -
[2026-07-15 17:54:15] H5 API approach returned error: API business error code 100007: {'code': 100007, 'data': None, 'msg': '请求非法', 'time': '2026-07-15 17:54:15'}. Falling back to HTML Scraper...
[2026-07-15 17:54:15] get_odds_detail_via_playwright: Phase 2 (HTML Scraper) starting for match=4578755, cid=3
[2026-07-15 17:54:15] Pure HTML Scraper: Fetching trend HTML via bypass: https://odds.leisu.com/trend-4578755-3 ...
[2026-07-15 17:54:16] parse_trend_html_data: Successfully parsed and decrypted 26 trend items!
[2026-07-15 17:54:16] Successfully fetched odds details via high performance Pure HTML Scraper!
[2026-07-15 17:54:16] get_odds_detail_via_playwright: Phase 1 (H5 API) starting for match=4578755, cid=9, type=1
Direct H5 API Fetcher: Fetching odds detail for match 4578755, cid 9, type 1 ...
[2026-07-15 17:54:22] get_odds_detail_via_api: Empty or missing data in res_json. Code=100007
[2026-07-15 17:54:22] H5 API approach returned error: API business error code 100007: {'code': 100007, 'data': None, 'msg': '请求非法', 'time': '2026-07-15 17:54:22'}. Falling back to HTML Scraper...
[2026-07-15 17:54:22] get_odds_detail_via_playwright: Phase 2 (HTML Scraper) starting for match=4578755, cid=9
[2026-07-15 17:54:22] Pure HTML Scraper: Fetching trend HTML via bypass: https://odds.leisu.com/trend-4578755-9 ...
[2026-07-15 17:54:32] fetch_html_with_bypass error for https://odds.leisu.com/trend-4578755-9: <urlopen error _ssl.c:975: The handshake operation timed out> (HTTPError body: )
[2026-07-15 17:54:32] Pure HTML Scraper Error: <urlopen error _ssl.c:975: The handshake operation timed out>
[2026-07-15 17:54:32] Pure HTML Scraper returned empty or failed.
[2026-07-15 17:54:32] Playwright Subprocess Crawler Disabled for match 4578755, cid 9, type 1 to protect server resources.
[2026-07-15 17:54:32] get_odds_detail_via_playwright: Phase 1 (H5 API) starting for match=4578755, cid=10, type=1
Direct H5 API Fetcher: Fetching odds detail for match 4578755, cid 10, type 1 ...
[2026-07-15 17:54:33] get_odds_detail_via_api: Empty or missing data in res_json. Code=100007
[2026-07-15 17:54:33] H5 API approach returned error: API business error code 100007: {'code': 100007, 'data': None, 'msg': '请求非法', 'time': '2026-07-15 17:54:33'}. Falling back to HTML Scraper...
[2026-07-15 17:54:33] get_odds_detail_via_playwright: Phase 2 (HTML Scraper) starting for match=4578755, cid=10
[2026-07-15 17:54:33] Pure HTML Scraper: Fetching trend HTML via bypass: https://odds.leisu.com/trend-4578755-10 ...
[2026-07-15 17:54:34] parse_trend_html_data: Successfully parsed and decrypted 31 trend items!
[2026-07-15 17:54:34] Successfully fetched odds details via high performance Pure HTML Scraper!
[2026-07-15 17:54:34] get_odds_detail_via_playwright: Phase 1 (H5 API) starting for match=4578755, cid=7, type=1
Direct H5 API Fetcher: Fetching odds detail for match 4578755, cid 7, type 1 ...
[2026-07-15 17:54:35] get_odds_detail_via_api: Empty or missing data in res_json. Code=100007
[2026-07-15 17:54:35] H5 API approach returned error: API business error code 100007: {'code': 100007, 'data': None, 'msg': '请求非法', 'time': '2026-07-15 17:54:35'}. Falling back to HTML Scraper...
[2026-07-15 17:54:35] get_odds_detail_via_playwright: Phase 2 (HTML Scraper) starting for match=4578755, cid=7
[2026-07-15 17:54:35] Pure HTML Scraper: Fetching trend HTML via bypass: https://odds.leisu.com/trend-4578755-7 ...
[2026-07-15 17:54:35] parse_trend_html_data: Successfully parsed and decrypted 5 trend items!
[2026-07-15 17:54:35] Successfully fetched odds details via high performance Pure HTML Scraper!
[2026-07-15 17:54:35] get_odds_detail_via_playwright: Phase 1 (H5 API) starting for match=4578755, cid=5, type=1
Direct H5 API Fetcher: Fetching odds detail for match 4578755, cid 5, type 1 ...
[2026-07-15 17:54:36] get_odds_detail_via_api: Empty or missing data in res_json. Code=100007
[2026-07-15 17:54:36] H5 API approach returned error: API business error code 100007: {'code': 100007, 'data': None, 'msg': '请求非法', 'time': '2026-07-15 17:54:36'}. Falling back to HTML Scraper...
[2026-07-15 17:54:36] get_odds_detail_via_playwright: Phase 2 (HTML Scraper) starting for match=4578755, cid=5
[2026-07-15 17:54:36] Pure HTML Scraper: Fetching trend HTML via bypass: https://odds.leisu.com/trend-4578755-5 ...
[2026-07-15 17:54:37] Pure HTML Scraper returned empty or failed.
[2026-07-15 17:54:37] Playwright Subprocess Crawler Disabled for match 4578755, cid 5, type 1 to protect server resources.
[2026-07-15 17:54:37] get_odds_detail_via_playwright: Phase 1 (H5 API) starting for match=4578755, cid=11, type=1
Direct H5 API Fetcher: Fetching odds detail for match 4578755, cid 11, type 1 ...
[2026-07-15 17:54:38] get_odds_detail_via_api: Empty or missing data in res_json. Code=100007
[2026-07-15 17:54:38] H5 API approach returned error: API business error code 100007: {'code': 100007, 'data': None, 'msg': '请求非法', 'time': '2026-07-15 17:54:38'}. Falling back to HTML Scraper...
[2026-07-15 17:54:38] get_odds_detail_via_playwright: Phase 2 (HTML Scraper) starting for match=4578755, cid=11
[2026-07-15 17:54:38] Pure HTML Scraper: Fetching trend HTML via bypass: https://odds.leisu.com/trend-4578755-11 ...
[2026-07-15 17:54:38] parse_trend_html_data: Successfully parsed and decrypted 15 trend items!
[2026-07-15 17:54:38] Successfully fetched odds details via high performance Pure HTML Scraper!
[2026-07-15 17:54:39] get_odds_detail_via_playwright: Phase 1 (H5 API) starting for match=4578755, cid=13, type=1
Direct H5 API Fetcher: Fetching odds detail for match 4578755, cid 13, type 1 ...
[2026-07-15 17:54:39] get_odds_detail_via_api: Empty or missing data in res_json. Code=100007
[2026-07-15 17:54:39] H5 API approach returned error: API business error code 100007: {'code': 100007, 'data': None, 'msg': '请求非法', 'time': '2026-07-15 17:54:39'}. Falling back to HTML Scraper...
[2026-07-15 17:54:39] get_odds_detail_via_playwright: Phase 2 (HTML Scraper) starting for match=4578755, cid=13
[2026-07-15 17:54:39] Pure HTML Scraper: Fetching trend HTML via bypass: https://odds.leisu.com/trend-4578755-13 ...
[2026-07-15 17:54:40] parse_trend_html_data: Successfully parsed and decrypted 10 trend items!
[2026-07-15 17:54:40] Successfully fetched odds details via high performance Pure HTML Scraper!
[2026-07-15 17:54:40] get_odds_detail_via_playwright: Phase 1 (H5 API) starting for match=4578755, cid=14, type=1
Direct H5 API Fetcher: Fetching odds detail for match 4578755, cid 14, type 1 ...
[2026-07-15 17:54:41] get_odds_detail_via_api: Empty or missing data in res_json. Code=100007
[2026-07-15 17:54:41] H5 API approach returned error: API business error code 100007: {'code': 100007, 'data': None, 'msg': '请求非法', 'time': '2026-07-15 17:54:41'}. Falling back to HTML Scraper...
[2026-07-15 17:54:41] get_odds_detail_via_playwright: Phase 2 (HTML Scraper) starting for match=4578755, cid=14
[2026-07-15 17:54:41] Pure HTML Scraper: Fetching trend HTML via bypass: https://odds.leisu.com/trend-4578755-14 ...
[2026-07-15 17:54:42] parse_trend_html_data: Successfully parsed and decrypted 60 trend items!
[2026-07-15 17:54:42] Successfully fetched odds details via high performance Pure HTML Scraper!
[2026-07-15 17:54:42] get_odds_detail_via_playwright: Phase 1 (H5 API) starting for match=4578755, cid=15, type=1
Direct H5 API Fetcher: Fetching odds detail for match 4578755, cid 15, type 1 ...
[2026-07-15 17:54:43] get_odds_detail_via_api: Empty or missing data in res_json. Code=100007
[2026-07-15 17:54:43] H5 API approach returned error: API business error code 100007: {'code': 100007, 'data': None, 'msg': '请求非法', 'time': '2026-07-15 17:54:43'}. Falling back to HTML Scraper...
[2026-07-15 17:54:43] get_odds_detail_via_playwright: Phase 2 (HTML Scraper) starting for match=4578755, cid=15
[2026-07-15 17:54:43] Pure HTML Scraper: Fetching trend HTML via bypass: https://odds.leisu.com/trend-4578755-15 ...
[2026-07-15 17:54:43] parse_trend_html_data: Successfully parsed and decrypted 20 trend items!
54.238.175.2 - - [15/Jul/2026 17:54:43] "GET /api/match_odds_detail?match_id=4578755&cid=15&type=1 HTTP/1.1" 200 -
54.238.175.2 - - [15/Jul/2026 17:54:45] "GET /api/prediction_backtest HTTP/1.1" 200 -
54.238.175.2 - - [15/Jul/2026 17:54:45] "GET /api/match_odds_detail?match_id=4578755&cid=16&type=1 HTTP/1.1" 200 -
54.238.175.2 - - [15/Jul/2026 17:54:47] "GET /api/match_odds_detail?match_id=4578755&cid=17&type=1 HTTP/1.1" 200 -
54.238.175.2 - - [15/Jul/2026 17:54:52] "POST /api/match_ai_analysis HTTP/1.1" 200 -
54.238.175.2 - - [15/Jul/2026 17:54:55] "POST /api/match_ai_analysis HTTP/1.1" 200 -
54.238.175.2 - - [15/Jul/2026 17:54:56] "GET /api/ai_analysis_status?match_id=4578755 HTTP/1.1" 200 -
54.238.175.2 - - [15/Jul/2026 17:54:58] "GET /api/ai_analysis_status?match_id=4578755 HTTP/1.1" 200 -
54.238.175.2 - - [15/Jul/2026 17:54:59] "GET /api/match_odds_detail?match_id=4580258&cid=2&type=1 HTTP/1.1" 200 -
54.238.175.2 - - [15/Jul/2026 17:54:59] "GET /api/ai_analysis_status?match_id=4578755 HTTP/1.1" 200 -
54.238.175.2 - - [15/Jul/2026 17:55:00] "GET /api/match_odds_detail?match_id=4580258&cid=9&type=1 HTTP/1.1" 200 -
54.238.175.2 - - [15/Jul/2026 17:55:00] "GET /api/match_odds_detail?match_id=4580258&cid=10&type=1 HTTP/1.1" 200 -
54.238.175.2 - - [15/Jul/2026 17:55:01] "GET /api/ai_analysis_status?match_id=4578755 HTTP/1.1" 200 -
54.238.175.2 - - [15/Jul/2026 17:55:01] "GET /api/match_odds_detail?match_id=4580258&cid=7&type=1 HTTP/1.1" 200 -
54.238.175.2 - - [15/Jul/2026 17:55:02] "GET /api/ai_analysis_status?match_id=4578755 HTTP/1.1" 200 -
54.238.175.2 - - [15/Jul/2026 17:55:02] "GET /api/match_odds_detail?match_id=4580258&cid=5&type=1 HTTP/1.1" 200 -
54.238.175.2 - - [15/Jul/2026 17:55:03] "GET /api/match_odds_detail?match_id=4580258&cid=11&type=1 HTTP/1.1" 200 -
54.238.175.2 - - [15/Jul/2026 17:55:04] "GET /api/match_odds_detail?match_id=4580258&cid=13&type=1 HTTP/1.1" 200 -
54.238.175.2 - - [15/Jul/2026 17:55:04] "GET /api/ai_analysis_status?match_id=4578755 HTTP/1.1" 200 -
54.238.175.2 - - [15/Jul/2026 17:55:04] "GET /api/match_odds_detail?match_id=4580258&cid=14&type=1 HTTP/1.1" 200 -
54.238.175.2 - - [15/Jul/2026 17:55:04] "GET /api/match_odds_detail?match_id=4578755&cid=2&type=1 HTTP/1.1" 200 -
54.238.175.2 - - [15/Jul/2026 17:55:05] "GET /api/match_odds_detail?match_id=4578755&cid=3&type=1 HTTP/1.1" 200 -
54.238.175.2 - - [15/Jul/2026 17:55:05] "GET /api/ai_analysis_status?match_id=4578755 HTTP/1.1" 200 -
54.238.175.2 - - [15/Jul/2026 17:55:07] "GET /api/ai_analysis_status?match_id=4578755 HTTP/1.1" 200 -
54.238.175.2 - - [15/Jul/2026 17:55:07] "GET /api/match_odds_detail?match_id=4578755&cid=9&type=1 HTTP/1.1" 200 -
54.238.175.2 - - [15/Jul/2026 17:55:08] "GET /api/match_odds_detail?match_id=4578755&cid=10&type=1 HTTP/1.1" 200 -
54.238.175.2 - - [15/Jul/2026 17:55:08] "GET /api/match_odds_detail?match_id=4578755&cid=7&type=1 HTTP/1.1" 200 -
54.238.175.2 - - [15/Jul/2026 17:55:08] "GET /api/ai_analysis_status?match_id=4578755 HTTP/1.1" 200 -
54.238.175.2 - - [15/Jul/2026 17:55:10] "GET /api/match_odds_detail?match_id=4578755&cid=5&type=1 HTTP/1.1" 200 -
54.238.175.2 - - [15/Jul/2026 17:55:10] "GET /api/ai_analysis_status?match_id=4578755 HTTP/1.1" 200 -
54.238.175.2 - - [15/Jul/2026 17:55:10] "GET /api/match_odds_detail?match_id=4578755&cid=11&type=1 HTTP/1.1" 200 -
54.238.175.2 - - [15/Jul/2026 17:55:11] "GET /api/match_odds_detail?match_id=4578755&cid=13&type=1 HTTP/1.1" 200 -
54.238.175.2 - - [15/Jul/2026 17:55:11] "GET /api/ai_analysis_status?match_id=4578755 HTTP/1.1" 200 -
54.238.175.2 - - [15/Jul/2026 17:55:11] "GET /api/match_odds_detail?match_id=4578755&cid=14&type=1 HTTP/1.1" 200 -
54.238.175.2 - - [15/Jul/2026 17:55:12] "GET /api/match_odds_detail?match_id=4578755&cid=15&type=1 HTTP/1.1" 200 -
54.238.175.2 - - [15/Jul/2026 17:55:12] "GET /api/match_odds_detail?match_id=4578755&cid=16&type=1 HTTP/1.1" 200 -
54.238.175.2 - - [15/Jul/2026 17:55:13] "GET /api/ai_analysis_status?match_id=4578755 HTTP/1.1" 200 -
54.238.175.2 - - [15/Jul/2026 17:55:13] "GET /api/match_odds_detail?match_id=4578755&cid=17&type=1 HTTP/1.1" 200 -
54.238.175.2 - - [15/Jul/2026 17:55:14] "GET /api/ai_analysis_status?match_id=4578755 HTTP/1.1" 200 -
54.238.175.2 - - [15/Jul/2026 17:55:17] "GET /api/ai_analysis_status?match_id=4578755 HTTP/1.1" 200 -
54.238.175.2 - - [15/Jul/2026 17:55:18] "GET /api/ai_analysis_status?match_id=4578755 HTTP/1.1" 200 -
54.238.175.2 - - [15/Jul/2026 17:55:20] "GET /api/ai_analysis_status?match_id=4578755 HTTP/1.1" 200 -
54.238.175.2 - - [15/Jul/2026 17:55:21] "GET /api/ai_analysis_status?match_id=4578755 HTTP/1.1" 200 -
54.238.175.2 - - [15/Jul/2026 17:55:23] "GET /api/ai_analysis_status?match_id=4578755 HTTP/1.1" 200 -
54.238.175.2 - - [15/Jul/2026 17:55:24] "GET /api/ai_analysis_status?match_id=4578755 HTTP/1.1" 200 -
54.238.175.2 - - [15/Jul/2026 17:55:26] "GET /api/ai_analysis_status?match_id=4578755 HTTP/1.1" 200 -
54.238.175.2 - - [15/Jul/2026 17:55:27] "GET /api/ai_analysis_status?match_id=4578755 HTTP/1.1" 200 -
54.238.175.2 - - [15/Jul/2026 17:55:29] "GET /api/ai_analysis_status?match_id=4578755 HTTP/1.1" 200 -
54.238.175.2 - - [15/Jul/2026 17:55:30] "GET /api/ai_analysis_status?match_id=4578755 HTTP/1.1" 200 -
54.238.175.2 - - [15/Jul/2026 17:55:32] "GET /api/ai_analysis_status?match_id=4578755 HTTP/1.1" 200 -
54.238.175.2 - - [15/Jul/2026 17:55:33] "GET /api/ai_analysis_status?match_id=4578755 HTTP/1.1" 200 -
54.238.175.2 - - [15/Jul/2026 17:55:35] "GET /api/ai_analysis_status?match_id=4578755 HTTP/1.1" 200 -
54.238.175.2 - - [15/Jul/2026 17:55:36] "GET /api/ai_analysis_status?match_id=4578755 HTTP/1.1" 200 -
54.238.175.2 - - [15/Jul/2026 17:55:38] "GET /api/ai_analysis_status?match_id=4578755 HTTP/1.1" 200 -
54.238.175.2 - - [15/Jul/2026 17:55:39] "GET /api/ai_analysis_status?match_id=4578755 HTTP/1.1" 200 -
54.238.175.2 - - [15/Jul/2026 17:55:40] "GET /api/ai_analysis_status?match_id=4578755 HTTP/1.1" 200 -
54.238.175.2 - - [15/Jul/2026 17:55:41] "POST /api/match_ai_analysis HTTP/1.1" 200 -
54.238.175.2 - - [15/Jul/2026 17:55:41] "GET /api/ai_analysis_status?match_id=4578755 HTTP/1.1" 200 -
54.238.175.2 - - [15/Jul/2026 17:55:43] "GET /api/ai_analysis_status?match_id=4578755 HTTP/1.1" 200 -
54.238.175.2 - - [15/Jul/2026 17:55:44] "GET /api/ai_analysis_status?match_id=4578755 HTTP/1.1" 200 -
54.238.175.2 - - [15/Jul/2026 17:55:46] "GET /api/ai_analysis_status?match_id=4578755 HTTP/1.1" 200 -
54.238.175.2 - - [15/Jul/2026 17:55:47] "GET /api/ai_analysis_status?match_id=4578755 HTTP/1.1" 200 -
54.238.175.2 - - [15/Jul/2026 17:55:49] "GET /api/ai_analysis_status?match_id=4578755 HTTP/1.1" 200 -
54.238.175.2 - - [15/Jul/2026 17:55:50] "GET /api/ai_analysis_status?match_id=4578755 HTTP/1.1" 200 -
54.238.175.2 - - [15/Jul/2026 17:55:52] "GET /api/ai_analysis_status?match_id=4578755 HTTP/1.1" 200 -
54.238.175.2 - - [15/Jul/2026 17:55:53] "GET /api/ai_analysis_status?match_id=4578755 HTTP/1.1" 200 -
54.238.175.2 - - [15/Jul/2026 17:55:55] "GET /api/ai_analysis_status?match_id=4578755 HTTP/1.1" 200 -
54.238.175.2 - - [15/Jul/2026 17:55:56] "GET /api/ai_analysis_status?match_id=4578755 HTTP/1.1" 200 -
54.238.175.2 - - [15/Jul/2026 17:55:58] "GET /api/ai_analysis_status?match_id=4578755 HTTP/1.1" 200 -
54.238.175.2 - - [15/Jul/2026 17:55:59] "GET /api/ai_analysis_status?match_id=4578755 HTTP/1.1" 200 -
54.238.175.2 - - [15/Jul/2026 17:56:01] "GET /api/ai_analysis_status?match_id=4578755 HTTP/1.1" 200 -
54.238.175.2 - - [15/Jul/2026 17:56:02] "GET /api/ai_analysis_status?match_id=4578755 HTTP/1.1" 200 -
54.238.175.2 - - [15/Jul/2026 17:56:04] "GET /api/ai_analysis_status?match_id=4578755 HTTP/1.1" 200 -
54.238.175.2 - - [15/Jul/2026 17:56:05] "GET /api/ai_analysis_status?match_id=4578755 HTTP/1.1" 200 -
54.238.175.2 - - [15/Jul/2026 17:56:07] "GET /api/ai_analysis_status?match_id=4578755 HTTP/1.1" 200 -
54.238.175.2 - - [15/Jul/2026 17:56:08] "GET /api/ai_analysis_status?match_id=4578755 HTTP/1.1" 200 -
54.238.175.2 - - [15/Jul/2026 17:56:10] "GET /api/ai_analysis_status?match_id=4578755 HTTP/1.1" 200 -
54.238.175.2 - - [15/Jul/2026 17:56:11] "GET /api/ai_analysis_status?match_id=4578755 HTTP/1.1" 200 -
54.238.175.2 - - [15/Jul/2026 17:56:13] "GET /api/ai_analysis_status?match_id=4578755 HTTP/1.1" 200 -
54.238.175.2 - - [15/Jul/2026 17:56:14] "GET /api/ai_analysis_status?match_id=4578755 HTTP/1.1" 200 -
54.238.175.2 - - [15/Jul/2026 17:56:16] "GET /api/ai_analysis_status?match_id=4578755 HTTP/1.1" 200 -
54.238.175.2 - - [15/Jul/2026 17:56:16] "GET /api/refresh?date=20260715 HTTP/1.1" 200 -
54.238.175.2 - - [15/Jul/2026 17:56:17] "GET /api/ai_analysis_status?match_id=4578755 HTTP/1.1" 200 -
54.238.175.2 - - [15/Jul/2026 17:56:19] "GET /api/ai_analysis_status?match_id=4578755 HTTP/1.1" 200 -
54.238.175.2 - - [15/Jul/2026 17:56:20] "GET /api/ai_analysis_status?match_id=4578755 HTTP/1.1" 200 -
54.238.175.2 - - [15/Jul/2026 17:56:22] "GET /api/ai_analysis_status?match_id=4578755 HTTP/1.1" 200 -
54.238.175.2 - - [15/Jul/2026 17:56:23] "GET /api/ai_analysis_status?match_id=4578755 HTTP/1.1" 200 -
54.238.175.2 - - [15/Jul/2026 17:56:25] "GET /api/ai_analysis_status?match_id=4578755 HTTP/1.1" 200 -
54.238.175.2 - - [15/Jul/2026 17:56:26] "GET /api/ai_analysis_status?match_id=4578755 HTTP/1.1" 200 -
54.238.175.2 - - [15/Jul/2026 17:56:28] "GET /api/ai_analysis_status?match_id=4578755 HTTP/1.1" 200 -
54.238.175.2 - - [15/Jul/2026 17:56:29] "GET /api/ai_analysis_status?match_id=4578755 HTTP/1.1" 200 -
54.238.175.2 - - [15/Jul/2026 17:56:31] "GET /api/ai_analysis_status?match_id=4578755 HTTP/1.1" 200 -
54.238.175.2 - - [15/Jul/2026 17:56:32] "GET /api/ai_analysis_status?match_id=4578755 HTTP/1.1" 200 -
54.238.175.2 - - [15/Jul/2026 17:56:34] "GET /api/ai_analysis_status?match_id=4578755 HTTP/1.1" 200 -
54.238.175.2 - - [15/Jul/2026 17:56:35] "GET /api/ai_analysis_status?match_id=4578755 HTTP/1.1" 200 -
54.238.175.2 - - [15/Jul/2026 17:56:37] "GET /api/ai_analysis_status?match_id=4578755 HTTP/1.1" 200 -
54.238.175.2 - - [15/Jul/2026 17:56:38] "GET /api/ai_analysis_status?match_id=4578755 HTTP/1.1" 200 -
54.238.175.2 - - [15/Jul/2026 17:56:40] "GET /api/ai_analysis_status?match_id=4578755 HTTP/1.1" 200 -
54.238.175.2 - - [15/Jul/2026 17:56:41] "GET /api/ai_analysis_status?match_id=4578755 HTTP/1.1" 200 -
54.238.175.2 - - [15/Jul/2026 17:56:43] "GET /api/ai_analysis_status?match_id=4578755 HTTP/1.1" 200 -
54.238.175.2 - - [15/Jul/2026 17:56:44] "GET /api/ai_analysis_status?match_id=4578755 HTTP/1.1" 200 -
54.238.175.2 - - [15/Jul/2026 17:56:46] "GET /api/ai_analysis_status?match_id=4578755 HTTP/1.1" 200 -
54.238.175.2 - - [15/Jul/2026 17:56:47] "GET /api/ai_analysis_status?match_id=4578755 HTTP/1.1" 200 -
54.238.175.2 - - [15/Jul/2026 17:56:49] "GET /api/ai_analysis_status?match_id=4578755 HTTP/1.1" 200 -
54.238.175.2 - - [15/Jul/2026 17:56:50] "GET /api/ai_analysis_status?match_id=4578755 HTTP/1.1" 200 -
54.238.175.2 - - [15/Jul/2026 17:56:52] "GET /api/prediction_backtest HTTP/1.1" 200 -
54.238.175.2 - - [15/Jul/2026 17:56:52] "GET /api/ai_analysis_status?match_id=4578755 HTTP/1.1" 200 -
54.238.175.2 - - [15/Jul/2026 17:56:53] "GET /api/ai_analysis_status?match_id=4578755 HTTP/1.1" 200 -
54.238.175.2 - - [15/Jul/2026 17:56:55] "GET /api/ai_analysis_status?match_id=4578755 HTTP/1.1" 200 -
54.238.175.2 - - [15/Jul/2026 17:56:56] "GET /api/ai_analysis_status?match_id=4578755 HTTP/1.1" 200 -
54.238.175.2 - - [15/Jul/2026 17:56:58] "GET /api/ai_analysis_status?match_id=4578755 HTTP/1.1" 200 -
54.238.175.2 - - [15/Jul/2026 17:57:00] "GET /api/ai_analysis_status?match_id=4578755 HTTP/1.1" 200 -
54.238.175.2 - - [15/Jul/2026 17:57:01] "GET /api/ai_analysis_status?match_id=4578755 HTTP/1.1" 200 -
54.238.175.2 - - [15/Jul/2026 17:57:02] "GET /api/ai_analysis_status?match_id=4578755 HTTP/1.1" 200 -
54.238.175.2 - - [15/Jul/2026 17:57:04] "GET /api/ai_analysis_status?match_id=4578755 HTTP/1.1" 200 -
54.238.175.2 - - [15/Jul/2026 17:57:05] "GET /api/ai_analysis_status?match_id=4578755 HTTP/1.1" 200 -
54.238.175.2 - - [15/Jul/2026 17:57:07] "GET /api/ai_analysis_status?match_id=4578755 HTTP/1.1" 200 -
54.238.175.2 - - [15/Jul/2026 17:57:08] "GET /api/ai_analysis_status?match_id=4578755 HTTP/1.1" 200 -
54.238.175.2 - - [15/Jul/2026 17:57:10] "GET /api/ai_analysis_status?match_id=4578755 HTTP/1.1" 200 -
54.238.175.2 - - [15/Jul/2026 17:57:11] "GET /api/ai_analysis_status?match_id=4578755 HTTP/1.1" 200 -
54.238.175.2 - - [15/Jul/2026 17:57:13] "GET /api/ai_analysis_status?match_id=4578755 HTTP/1.1" 200 -
54.238.175.2 - - [15/Jul/2026 17:57:14] "GET /api/ai_analysis_status?match_id=4578755 HTTP/1.1" 200 -
54.238.175.2 - - [15/Jul/2026 17:57:16] "GET /api/ai_analysis_status?match_id=4578755 HTTP/1.1" 200 -
54.238.175.2 - - [15/Jul/2026 17:57:17] "GET /api/ai_analysis_status?match_id=4578755 HTTP/1.1" 200 -
54.238.175.2 - - [15/Jul/2026 17:57:19] "GET /api/ai_analysis_status?match_id=4578755 HTTP/1.1" 200 -
54.238.175.2 - - [15/Jul/2026 17:57:20] "GET /api/ai_analysis_status?match_id=4578755 HTTP/1.1" 200 -
54.238.175.2 - - [15/Jul/2026 17:57:22] "GET /api/ai_analysis_status?match_id=4578755 HTTP/1.1" 200 -
54.238.175.2 - - [15/Jul/2026 17:58:52] "GET /api/match_details?id=4578754&home=忠北清州&away=庆州水利 HTTP/1.1" 200 -
54.238.175.2 - - [15/Jul/2026 17:58:53] "GET /api/match_odds_detail?match_id=4578754&cid=2&type=1 HTTP/1.1" 200 -
54.238.175.2 - - [15/Jul/2026 17:58:55] "GET /api/match_odds_detail?match_id=4578754&cid=3&type=1 HTTP/1.1" 200 -
[2026-07-15 17:54:43] Successfully fetched odds details via high performance Pure HTML Scraper!
[2026-07-15 17:54:44] get_odds_detail_via_playwright: Phase 1 (H5 API) starting for match=4578755, cid=16, type=1
Direct H5 API Fetcher: Fetching odds detail for match 4578755, cid 16, type 1 ...
[2026-07-15 17:54:44] get_odds_detail_via_api: Empty or missing data in res_json. Code=100007
[2026-07-15 17:54:44] H5 API approach returned error: API business error code 100007: {'code': 100007, 'data': None, 'msg': '请求非法', 'time': '2026-07-15 17:54:44'}. Falling back to HTML Scraper...
[2026-07-15 17:54:44] get_odds_detail_via_playwright: Phase 2 (HTML Scraper) starting for match=4578755, cid=16
[2026-07-15 17:54:44] Pure HTML Scraper: Fetching trend HTML via bypass: https://odds.leisu.com/trend-4578755-16 ...
[2026-07-15 17:54:45] parse_trend_html_data: Successfully parsed and decrypted 62 trend items!
[2026-07-15 17:54:45] Successfully fetched odds details via high performance Pure HTML Scraper!
[2026-07-15 17:54:45] get_odds_detail_via_playwright: Phase 1 (H5 API) starting for match=4578755, cid=17, type=1
Direct H5 API Fetcher: Fetching odds detail for match 4578755, cid 17, type 1 ...
[2026-07-15 17:54:46] get_odds_detail_via_api: Empty or missing data in res_json. Code=100007
[2026-07-15 17:54:46] H5 API approach returned error: API business error code 100007: {'code': 100007, 'data': None, 'msg': '请求非法', 'time': '2026-07-15 17:54:46'}. Falling back to HTML Scraper...
[2026-07-15 17:54:46] get_odds_detail_via_playwright: Phase 2 (HTML Scraper) starting for match=4578755, cid=17
[2026-07-15 17:54:46] Pure HTML Scraper: Fetching trend HTML via bypass: https://odds.leisu.com/trend-4578755-17 ...
[2026-07-15 17:54:47] parse_trend_html_data: Successfully parsed and decrypted 63 trend items!
[2026-07-15 17:54:47] Successfully fetched odds details via high performance Pure HTML Scraper!
[2026-07-15 17:55:01] get_odds_detail_via_playwright: Phase 1 (H5 API) starting for match=4580258, cid=5, type=1
Direct H5 API Fetcher: Fetching odds detail for match 4580258, cid 5, type 1 ...
[2026-07-15 17:55:02] get_odds_detail_via_api: Empty or missing data in res_json. Code=100007
[2026-07-15 17:55:02] H5 API approach returned error: API business error code 100007: {'code': 100007, 'data': None, 'msg': '请求非法', 'time': '2026-07-15 17:55:02'}. Falling back to HTML Scraper...
[2026-07-15 17:55:02] get_odds_detail_via_playwright: Phase 2 (HTML Scraper) starting for match=4580258, cid=5
[2026-07-15 17:55:02] Pure HTML Scraper: Fetching trend HTML via bypass: https://odds.leisu.com/trend-4580258-5 ...
[2026-07-15 17:55:02] Pure HTML Scraper returned empty or failed.
[2026-07-15 17:55:02] Playwright Subprocess Crawler Disabled for match 4580258, cid 5, type 1 to protect server resources.
[2026-07-15 17:55:06] get_odds_detail_via_playwright: Phase 1 (H5 API) starting for match=4578755, cid=9, type=1
Direct H5 API Fetcher: Fetching odds detail for match 4578755, cid 9, type 1 ...
[2026-07-15 17:55:06] get_odds_detail_via_api: Empty or missing data in res_json. Code=100007
[2026-07-15 17:55:06] H5 API approach returned error: API business error code 100007: {'code': 100007, 'data': None, 'msg': '请求非法', 'time': '2026-07-15 17:55:06'}. Falling back to HTML Scraper...
[2026-07-15 17:55:06] get_odds_detail_via_playwright: Phase 2 (HTML Scraper) starting for match=4578755, cid=9
[2026-07-15 17:55:06] Pure HTML Scraper: Fetching trend HTML via bypass: https://odds.leisu.com/trend-4578755-9 ...
[2026-07-15 17:55:07] parse_trend_html_data: Successfully parsed and decrypted 22 trend items!
[2026-07-15 17:55:07] Successfully fetched odds details via high performance Pure HTML Scraper!
[2026-07-15 17:55:09] get_odds_detail_via_playwright: Phase 1 (H5 API) starting for match=4578755, cid=5, type=1
Direct H5 API Fetcher: Fetching odds detail for match 4578755, cid 5, type 1 ...
[2026-07-15 17:55:09] get_odds_detail_via_api: Empty or missing data in res_json. Code=100007
[2026-07-15 17:55:09] H5 API approach returned error: API business error code 100007: {'code': 100007, 'data': None, 'msg': '请求非法', 'time': '2026-07-15 17:55:09'}. Falling back to HTML Scraper...
[2026-07-15 17:55:09] get_odds_detail_via_playwright: Phase 2 (HTML Scraper) starting for match=4578755, cid=5
[2026-07-15 17:55:09] Pure HTML Scraper: Fetching trend HTML via bypass: https://odds.leisu.com/trend-4578755-5 ...
[2026-07-15 17:55:10] Pure HTML Scraper returned empty or failed.
[2026-07-15 17:55:10] Playwright Subprocess Crawler Disabled for match 4578755, cid 5, type 1 to protect server resources.
检测到抓取今日(20260715)赛事，启动【极速解密方案】...
【极速解密】成功解析出 273 场赛事数据！
Automatic fixture refresh completed: 460 matches for 20260715
检测到抓取今日(20260715)赛事，启动【极速解密方案】...
【极速解密】成功解析出 273 场赛事数据！
Scraping analysis page (HTML): https://live.leisu.com/shujufenxi-4578754
Fetching lineup and injuries via API for match 4578754...
API Lineup: Successfully parsed 0 injuries, 0 starting and 0 substitutes for home.
Attempting to decrypt shujufenxi JS data package for match 4578754 ...
decrypt_shujufenxi_data: Fetching JS data from https://live.leisu.com/shujufenxi/88924e636007.js ...
decrypt_shujufenxi_data: Successfully decrypted ciphertext with offset 13!
Successfully decrypted shujufenxi JS data!
Scraping SWOT page: https://www.leisu.com/guide/swot-4578754
SWOT page loaded. Length: 27213
[2026-07-15 17:58:52] get_odds_detail_via_playwright: Phase 1 (H5 API) starting for match=4578754, cid=2, type=1
Direct H5 API Fetcher: Fetching odds detail for match 4578754, cid 2, type 1 ...
[2026-07-15 17:58:53] get_odds_detail_via_api: Empty or missing data in res_json. Code=100007
[2026-07-15 17:58:53] H5 API approach returned error: API business error code 100007: {'code': 100007, 'data': None, 'msg': '请求非法', 'time': '2026-07-15 17:58:53'}. Falling back to HTML Scraper...
[2026-07-15 17:58:53] get_odds_detail_via_playwright: Phase 2 (HTML Scraper) starting for match=4578754, cid=2
[2026-07-15 17:58:53] Pure HTML Scraper: Fetching trend HTML via bypass: https://odds.leisu.com/trend-4578754-2 ...
[2026-07-15 17:58:53] parse_trend_html_data: Successfully parsed and decrypted 40 trend items!
[2026-07-15 17:58:53] Successfully fetched odds details via high performance Pure HTML Scraper!
[2026-07-15 17:58:54] get_odds_detail_via_playwright: Phase 1 (H5 API) starting for match=4578754, cid=3, type=1
Direct H5 API Fetcher: Fetching odds detail for match 4578754, cid 3, type 1 ...
[2026-07-15 17:58:55] get_odds_detail_via_api: Empty or missing data in res_json. Code=100007
[2026-07-15 17:58:55] H5 API approach returned error: API business error code 100007: {'code': 100007, 'data': None, 'msg': '请求非法', 'time': '2026-07-15 17:58:54'}. Falling back to HTML Scraper...
[2026-07-15 17:58:55] get_odds_detail_via_playwright: Phase 2 (HTML Scraper) starting for match=4578754, cid=3
[2026-07-15 17:58:55] Pure HTML Scraper: Fetching trend HTML via bypass: https://odds.leisu.com/trend-4578754-3 ...
[2026-07-15 17:58:55] parse_trend_html_data: Successfully parsed and decrypted 8 trend items!
[2026-07-15 17:58:55] Successfully fetched odds details via high performance Pure HTML Scraper!
[2026-07-15 17:58:56] get_odds_detail_via_playwright: Phase 1 (H5 API) starting for match=4578754, cid=9, type=1
Direct H5 API Fetcher: Fetching odds detail for match 4578754, cid 9, type 1 ...
[2026-07-15 17:58:56] get_odds_detail_via_api: Empty or missing data in res_json. Code=100007
[2026-07-15 17:58:56] H5 API approach returned error: API business error code 100007: {'code': 100007, 'data': None, 'msg': '请求非法', 'time': '2026-07-15 17:58:56'}. Falling back to HTML Scraper...
[2026-07-15 17:58:56] get_odds_detail_via_playwright: Phase 2 (HTML Scraper) starting for match=4578754, cid=9
[2026-07-15 17:58:56] Pure HTML Scraper: Fetching trend HTML via bypass: https://odds.leisu.com/trend-4578754-9 ...
54.238.175.2 - - [15/Jul/2026 17:58:57] "GET /api/match_odds_detail?match_id=4578754&cid=9&type=1 HTTP/1.1" 200 -
54.238.175.2 - - [15/Jul/2026 17:58:58] "GET /api/match_odds_detail?match_id=4578754&cid=10&type=1 HTTP/1.1" 200 -
54.238.175.2 - - [15/Jul/2026 17:59:00] "GET /api/match_odds_detail?match_id=4578754&cid=7&type=1 HTTP/1.1" 200 -
54.238.175.2 - - [15/Jul/2026 17:59:01] "GET /api/match_odds_detail?match_id=4578754&cid=5&type=1 HTTP/1.1" 200 -
54.238.175.2 - - [15/Jul/2026 17:59:12] "GET /api/match_odds_detail?match_id=4578754&cid=11&type=1 HTTP/1.1" 200 -
54.238.175.2 - - [15/Jul/2026 17:59:14] "GET /api/match_odds_detail?match_id=4578754&cid=13&type=1 HTTP/1.1" 200 -
54.238.175.2 - - [15/Jul/2026 17:59:16] "GET /api/match_odds_detail?match_id=4578754&cid=14&type=1 HTTP/1.1" 200 -
54.238.175.2 - - [15/Jul/2026 17:59:18] "GET /api/match_odds_detail?match_id=4578754&cid=15&type=1 HTTP/1.1" 200 -
54.238.175.2 - - [15/Jul/2026 17:59:20] "GET /api/match_odds_detail?match_id=4578754&cid=16&type=1 HTTP/1.1" 200 -
[2026-07-15 17:58:57] parse_trend_html_data: Successfully parsed and decrypted 9 trend items!
[2026-07-15 17:58:57] Successfully fetched odds details via high performance Pure HTML Scraper!
[2026-07-15 17:58:57] get_odds_detail_via_playwright: Phase 1 (H5 API) starting for match=4578754, cid=10, type=1
Direct H5 API Fetcher: Fetching odds detail for match 4578754, cid 10, type 1 ...
[2026-07-15 17:58:58] get_odds_detail_via_api: Empty or missing data in res_json. Code=100007
[2026-07-15 17:58:58] H5 API approach returned error: API business error code 100007: {'code': 100007, 'data': None, 'msg': '请求非法', 'time': '2026-07-15 17:58:58'}. Falling back to HTML Scraper...
[2026-07-15 17:58:58] get_odds_detail_via_playwright: Phase 2 (HTML Scraper) starting for match=4578754, cid=10
[2026-07-15 17:58:58] Pure HTML Scraper: Fetching trend HTML via bypass: https://odds.leisu.com/trend-4578754-10 ...
[2026-07-15 17:58:58] parse_trend_html_data: Successfully parsed and decrypted 23 trend items!
[2026-07-15 17:58:58] Successfully fetched odds details via high performance Pure HTML Scraper!
[2026-07-15 17:58:59] get_odds_detail_via_playwright: Phase 1 (H5 API) starting for match=4578754, cid=7, type=1
Direct H5 API Fetcher: Fetching odds detail for match 4578754, cid 7, type 1 ...
[2026-07-15 17:58:59] get_odds_detail_via_api: Empty or missing data in res_json. Code=100007
[2026-07-15 17:58:59] H5 API approach returned error: API business error code 100007: {'code': 100007, 'data': None, 'msg': '请求非法', 'time': '2026-07-15 17:58:59'}. Falling back to HTML Scraper...
[2026-07-15 17:58:59] get_odds_detail_via_playwright: Phase 2 (HTML Scraper) starting for match=4578754, cid=7
[2026-07-15 17:58:59] Pure HTML Scraper: Fetching trend HTML via bypass: https://odds.leisu.com/trend-4578754-7 ...
[2026-07-15 17:59:00] parse_trend_html_data: Successfully parsed and decrypted 2 trend items!
[2026-07-15 17:59:00] Successfully fetched odds details via high performance Pure HTML Scraper!
[2026-07-15 17:59:00] get_odds_detail_via_playwright: Phase 1 (H5 API) starting for match=4578754, cid=5, type=1
Direct H5 API Fetcher: Fetching odds detail for match 4578754, cid 5, type 1 ...
[2026-07-15 17:59:01] get_odds_detail_via_api: Empty or missing data in res_json. Code=100007
[2026-07-15 17:59:01] H5 API approach returned error: API business error code 100007: {'code': 100007, 'data': None, 'msg': '请求非法', 'time': '2026-07-15 17:59:01'}. Falling back to HTML Scraper...
[2026-07-15 17:59:01] get_odds_detail_via_playwright: Phase 2 (HTML Scraper) starting for match=4578754, cid=5
[2026-07-15 17:59:01] Pure HTML Scraper: Fetching trend HTML via bypass: https://odds.leisu.com/trend-4578754-5 ...
[2026-07-15 17:59:01] Pure HTML Scraper returned empty or failed.
[2026-07-15 17:59:01] Playwright Subprocess Crawler Disabled for match 4578754, cid 5, type 1 to protect server resources.
[2026-07-15 17:59:02] get_odds_detail_via_playwright: Phase 1 (H5 API) starting for match=4578754, cid=11, type=1
Direct H5 API Fetcher: Fetching odds detail for match 4578754, cid 11, type 1 ...
[2026-07-15 17:59:02] get_odds_detail_via_api: Empty or missing data in res_json. Code=100007
[2026-07-15 17:59:02] H5 API approach returned error: API business error code 100007: {'code': 100007, 'data': None, 'msg': '请求非法', 'time': '2026-07-15 17:59:02'}. Falling back to HTML Scraper...
[2026-07-15 17:59:02] get_odds_detail_via_playwright: Phase 2 (HTML Scraper) starting for match=4578754, cid=11
[2026-07-15 17:59:02] Pure HTML Scraper: Fetching trend HTML via bypass: https://odds.leisu.com/trend-4578754-11 ...
[2026-07-15 17:59:12] fetch_html_with_bypass error for https://odds.leisu.com/trend-4578754-11: <urlopen error _ssl.c:975: The handshake operation timed out> (HTTPError body: )
[2026-07-15 17:59:12] Pure HTML Scraper Error: <urlopen error _ssl.c:975: The handshake operation timed out>
[2026-07-15 17:59:12] Pure HTML Scraper returned empty or failed.
[2026-07-15 17:59:12] Playwright Subprocess Crawler Disabled for match 4578754, cid 11, type 1 to protect server resources.
[2026-07-15 17:59:13] get_odds_detail_via_playwright: Phase 1 (H5 API) starting for match=4578754, cid=13, type=1
Direct H5 API Fetcher: Fetching odds detail for match 4578754, cid 13, type 1 ...
[2026-07-15 17:59:13] get_odds_detail_via_api: Empty or missing data in res_json. Code=100007
[2026-07-15 17:59:13] H5 API approach returned error: API business error code 100007: {'code': 100007, 'data': None, 'msg': '请求非法', 'time': '2026-07-15 17:59:13'}. Falling back to HTML Scraper...
[2026-07-15 17:59:13] get_odds_detail_via_playwright: Phase 2 (HTML Scraper) starting for match=4578754, cid=13
[2026-07-15 17:59:13] Pure HTML Scraper: Fetching trend HTML via bypass: https://odds.leisu.com/trend-4578754-13 ...
[2026-07-15 17:59:14] parse_trend_html_data: Successfully parsed and decrypted 5 trend items!
[2026-07-15 17:59:14] Successfully fetched odds details via high performance Pure HTML Scraper!
[2026-07-15 17:59:14] get_odds_detail_via_playwright: Phase 1 (H5 API) starting for match=4578754, cid=14, type=1
Direct H5 API Fetcher: Fetching odds detail for match 4578754, cid 14, type 1 ...
[2026-07-15 17:59:15] get_odds_detail_via_api: Empty or missing data in res_json. Code=100007
[2026-07-15 17:59:15] H5 API approach returned error: API business error code 100007: {'code': 100007, 'data': None, 'msg': '请求非法', 'time': '2026-07-15 17:59:15'}. Falling back to HTML Scraper...
[2026-07-15 17:59:15] get_odds_detail_via_playwright: Phase 2 (HTML Scraper) starting for match=4578754, cid=14
[2026-07-15 17:59:15] Pure HTML Scraper: Fetching trend HTML via bypass: https://odds.leisu.com/trend-4578754-14 ...
[2026-07-15 17:59:16] parse_trend_html_data: Successfully parsed and decrypted 32 trend items!
[2026-07-15 17:59:16] Successfully fetched odds details via high performance Pure HTML Scraper!
[2026-07-15 17:59:17] get_odds_detail_via_playwright: Phase 1 (H5 API) starting for match=4578754, cid=15, type=1
Direct H5 API Fetcher: Fetching odds detail for match 4578754, cid 15, type 1 ...
[2026-07-15 17:59:17] get_odds_detail_via_api: Empty or missing data in res_json. Code=100007
[2026-07-15 17:59:17] H5 API approach returned error: API business error code 100007: {'code': 100007, 'data': None, 'msg': '请求非法', 'time': '2026-07-15 17:59:17'}. Falling back to HTML Scraper...
[2026-07-15 17:59:17] get_odds_detail_via_playwright: Phase 2 (HTML Scraper) starting for match=4578754, cid=15
[2026-07-15 17:59:17] Pure HTML Scraper: Fetching trend HTML via bypass: https://odds.leisu.com/trend-4578754-15 ...
[2026-07-15 17:59:18] parse_trend_html_data: Successfully parsed and decrypted 10 trend items!
[2026-07-15 17:59:18] Successfully fetched odds details via high performance Pure HTML Scraper!
[2026-07-15 17:59:19] get_odds_detail_via_playwright: Phase 1 (H5 API) starting for match=4578754, cid=16, type=1
Direct H5 API Fetcher: Fetching odds detail for match 4578754, cid 16, type 1 ...
[2026-07-15 17:59:19] get_odds_detail_via_api: Empty or missing data in res_json. Code=100007
[2026-07-15 17:59:19] H5 API approach returned error: API business error code 100007: {'code': 100007, 'data': None, 'msg': '请求非法', 'time': '2026-07-15 17:59:19'}. Falling back to HTML Scraper...
[2026-07-15 17:59:19] get_odds_detail_via_playwright: Phase 2 (HTML Scraper) starting for match=4578754, cid=16
[2026-07-15 17:59:19] Pure HTML Scraper: Fetching trend HTML via bypass: https://odds.leisu.com/trend-4578754-16 ...
[2026-07-15 17:59:20] parse_trend_html_data: Successfully parsed and decrypted 31 trend items!
[2026-07-15 17:59:20] Successfully fetched odds details via high performance Pure HTML Scraper!
[2026-07-15 17:59:21] get_odds_detail_via_playwright: Phase 1 (H5 API) starting for match=4578754, cid=17, type=1
Direct H5 API Fetcher: Fetching odds detail for match 4578754, cid 17, type 1 ...
54.238.175.2 - - [15/Jul/2026 17:59:32] "GET /api/match_odds_detail?match_id=4578754&cid=17&type=1 HTTP/1.1" 200 -
54.238.175.2 - - [15/Jul/2026 17:59:42] "POST /api/match_ai_analysis HTTP/1.1" 200 -
54.238.175.2 - - [15/Jul/2026 17:59:43] "POST /api/match_ai_analysis HTTP/1.1" 200 -
54.238.175.2 - - [15/Jul/2026 17:59:45] "GET /api/ai_analysis_status?match_id=4578754 HTTP/1.1" 200 -
54.238.175.2 - - [15/Jul/2026 17:59:47] "GET /api/ai_analysis_status?match_id=4578754 HTTP/1.1" 200 -
54.238.175.2 - - [15/Jul/2026 17:59:48] "GET /api/ai_analysis_status?match_id=4578754 HTTP/1.1" 200 -
54.238.175.2 - - [15/Jul/2026 17:59:50] "GET /api/ai_analysis_status?match_id=4578754 HTTP/1.1" 200 -
54.238.175.2 - - [15/Jul/2026 17:59:51] "GET /api/ai_analysis_status?match_id=4578754 HTTP/1.1" 200 -
54.238.175.2 - - [15/Jul/2026 17:59:53] "GET /api/ai_analysis_status?match_id=4578754 HTTP/1.1" 200 -
54.238.175.2 - - [15/Jul/2026 17:59:54] "GET /api/ai_analysis_status?match_id=4578754 HTTP/1.1" 200 -
54.238.175.2 - - [15/Jul/2026 17:59:56] "GET /api/ai_analysis_status?match_id=4578754 HTTP/1.1" 200 -
54.238.175.2 - - [15/Jul/2026 17:59:57] "GET /api/ai_analysis_status?match_id=4578754 HTTP/1.1" 200 -
54.238.175.2 - - [15/Jul/2026 17:59:58] "GET /api/ai_analysis_status?match_id=4578754 HTTP/1.1" 200 -
54.238.175.2 - - [15/Jul/2026 17:59:59] "GET /api/ai_analysis_status?match_id=4578754 HTTP/1.1" 200 -
54.238.175.2 - - [15/Jul/2026 18:00:01] "GET /api/ai_analysis_status?match_id=4578754 HTTP/1.1" 200 -
54.238.175.2 - - [15/Jul/2026 18:00:02] "GET /api/ai_analysis_status?match_id=4578754 HTTP/1.1" 200 -
54.238.175.2 - - [15/Jul/2026 18:00:04] "GET /api/ai_analysis_status?match_id=4578754 HTTP/1.1" 200 -
54.238.175.2 - - [15/Jul/2026 18:00:05] "GET /api/ai_analysis_status?match_id=4578754 HTTP/1.1" 200 -
54.238.175.2 - - [15/Jul/2026 18:00:06] "GET /api/prediction_backtest HTTP/1.1" 200 -
54.238.175.2 - - [15/Jul/2026 18:00:07] "GET /api/ai_analysis_status?match_id=4578754 HTTP/1.1" 200 -
54.238.175.2 - - [15/Jul/2026 18:00:08] "GET /api/ai_analysis_status?match_id=4578754 HTTP/1.1" 200 -
54.238.175.2 - - [15/Jul/2026 18:00:10] "GET /api/ai_analysis_status?match_id=4578754 HTTP/1.1" 200 -
54.238.175.2 - - [15/Jul/2026 18:00:11] "GET /api/ai_analysis_status?match_id=4578754 HTTP/1.1" 200 -
54.238.175.2 - - [15/Jul/2026 18:00:13] "GET /api/ai_analysis_status?match_id=4578754 HTTP/1.1" 200 -
54.238.175.2 - - [15/Jul/2026 18:00:14] "GET /api/ai_analysis_status?match_id=4578754 HTTP/1.1" 200 -
54.238.175.2 - - [15/Jul/2026 18:00:17] "GET /api/ai_analysis_status?match_id=4578754 HTTP/1.1" 200 -
54.238.175.2 - - [15/Jul/2026 18:00:18] "GET /api/ai_analysis_status?match_id=4578754 HTTP/1.1" 200 -
54.238.175.2 - - [15/Jul/2026 18:00:20] "GET /api/ai_analysis_status?match_id=4578754 HTTP/1.1" 200 -
54.238.175.2 - - [15/Jul/2026 18:00:21] "GET /api/ai_analysis_status?match_id=4578754 HTTP/1.1" 200 -
54.238.175.2 - - [15/Jul/2026 18:00:23] "GET /api/ai_analysis_status?match_id=4578754 HTTP/1.1" 200 -
54.238.175.2 - - [15/Jul/2026 18:00:24] "GET /api/ai_analysis_status?match_id=4578754 HTTP/1.1" 200 -
54.238.175.2 - - [15/Jul/2026 18:00:26] "GET /api/ai_analysis_status?match_id=4578754 HTTP/1.1" 200 -
54.238.175.2 - - [15/Jul/2026 18:00:27] "GET /api/ai_analysis_status?match_id=4578754 HTTP/1.1" 200 -
54.238.175.2 - - [15/Jul/2026 18:00:29] "GET /api/ai_analysis_status?match_id=4578754 HTTP/1.1" 200 -
54.238.175.2 - - [15/Jul/2026 18:00:30] "GET /api/ai_analysis_status?match_id=4578754 HTTP/1.1" 200 -
54.238.175.2 - - [15/Jul/2026 18:00:32] "GET /api/ai_analysis_status?match_id=4578754 HTTP/1.1" 200 -
54.238.175.2 - - [15/Jul/2026 18:00:33] "GET /api/ai_analysis_status?match_id=4578754 HTTP/1.1" 200 -
54.238.175.2 - - [15/Jul/2026 18:00:35] "GET /api/ai_analysis_status?match_id=4578754 HTTP/1.1" 200 -
54.238.175.2 - - [15/Jul/2026 18:00:36] "GET /api/ai_analysis_status?match_id=4578754 HTTP/1.1" 200 -
54.238.175.2 - - [15/Jul/2026 18:00:38] "GET /api/ai_analysis_status?match_id=4578754 HTTP/1.1" 200 -
54.238.175.2 - - [15/Jul/2026 18:00:39] "GET /api/ai_analysis_status?match_id=4578754 HTTP/1.1" 200 -
54.238.175.2 - - [15/Jul/2026 18:00:41] "GET /api/ai_analysis_status?match_id=4578754 HTTP/1.1" 200 -
54.238.175.2 - - [15/Jul/2026 18:00:42] "GET /api/ai_analysis_status?match_id=4578754 HTTP/1.1" 200 -
54.238.175.2 - - [15/Jul/2026 18:00:44] "GET /api/ai_analysis_status?match_id=4578754 HTTP/1.1" 200 -
54.238.175.2 - - [15/Jul/2026 18:00:45] "GET /api/ai_analysis_status?match_id=4578754 HTTP/1.1" 200 -
54.238.175.2 - - [15/Jul/2026 18:00:47] "GET /api/ai_analysis_status?match_id=4578754 HTTP/1.1" 200 -
54.238.175.2 - - [15/Jul/2026 18:00:48] "GET /api/ai_analysis_status?match_id=4578754 HTTP/1.1" 200 -
54.238.175.2 - - [15/Jul/2026 18:00:50] "GET /api/ai_analysis_status?match_id=4578754 HTTP/1.1" 200 -
54.238.175.2 - - [15/Jul/2026 18:00:51] "GET /api/ai_analysis_status?match_id=4578754 HTTP/1.1" 200 -
54.238.175.2 - - [15/Jul/2026 18:00:53] "GET /api/ai_analysis_status?match_id=4578754 HTTP/1.1" 200 -
54.238.175.2 - - [15/Jul/2026 18:00:54] "GET /api/ai_analysis_status?match_id=4578754 HTTP/1.1" 200 -
54.238.175.2 - - [15/Jul/2026 18:00:56] "GET /api/ai_analysis_status?match_id=4578754 HTTP/1.1" 200 -
54.238.175.2 - - [15/Jul/2026 18:00:57] "GET /api/ai_analysis_status?match_id=4578754 HTTP/1.1" 200 -
54.238.175.2 - - [15/Jul/2026 18:00:59] "GET /api/ai_analysis_status?match_id=4578754 HTTP/1.1" 200 -
54.238.175.2 - - [15/Jul/2026 18:01:00] "GET /api/ai_analysis_status?match_id=4578754 HTTP/1.1" 200 -
54.238.175.2 - - [15/Jul/2026 18:01:02] "GET /api/ai_analysis_status?match_id=4578754 HTTP/1.1" 200 -
54.238.175.2 - - [15/Jul/2026 18:01:03] "GET /api/ai_analysis_status?match_id=4578754 HTTP/1.1" 200 -
54.238.175.2 - - [15/Jul/2026 18:01:05] "GET /api/ai_analysis_status?match_id=4578754 HTTP/1.1" 200 -
54.238.175.2 - - [15/Jul/2026 18:01:06] "GET /api/ai_analysis_status?match_id=4578754 HTTP/1.1" 200 -
54.238.175.2 - - [15/Jul/2026 18:01:08] "GET /api/ai_analysis_status?match_id=4578754 HTTP/1.1" 200 -
54.238.175.2 - - [15/Jul/2026 18:01:09] "GET /api/ai_analysis_status?match_id=4578754 HTTP/1.1" 200 -
54.238.175.2 - - [15/Jul/2026 18:01:11] "GET /api/ai_analysis_status?match_id=4578754 HTTP/1.1" 200 -
54.238.175.2 - - [15/Jul/2026 18:01:12] "GET /api/ai_analysis_status?match_id=4578754 HTTP/1.1" 200 -
54.238.175.2 - - [15/Jul/2026 18:01:14] "GET /api/ai_analysis_status?match_id=4578754 HTTP/1.1" 200 -
54.238.175.2 - - [15/Jul/2026 18:01:15] "GET /api/ai_analysis_status?match_id=4578754 HTTP/1.1" 200 -
54.238.175.2 - - [15/Jul/2026 18:02:03] "GET /api/ai_analysis_status?match_id=4578754 HTTP/1.1" 200 -
54.238.175.2 - - [15/Jul/2026 18:02:18] "GET /api/prediction_backtest HTTP/1.1" 200 -
54.238.175.2 - - [15/Jul/2026 18:02:58] "GET /api/refresh?date=20260715 HTTP/1.1" 200 -
54.238.175.2 - - [15/Jul/2026 18:06:16] "GET /api/refresh?date=20260715 HTTP/1.1" 200 -
54.238.175.2 - - [15/Jul/2026 18:12:58] "GET /api/refresh?date=20260715 HTTP/1.1" 200 -
54.238.175.2 - - [15/Jul/2026 18:16:16] "GET /api/refresh?date=20260715 HTTP/1.1" 200 -
54.238.175.2 - - [15/Jul/2026 18:22:58] "GET /api/refresh?date=20260715 HTTP/1.1" 200 -
54.238.175.2 - - [15/Jul/2026 18:26:26] "GET /api/refresh?date=20260715 HTTP/1.1" 200 -
54.238.175.2 - - [15/Jul/2026 18:32:58] "GET /api/refresh?date=20260715 HTTP/1.1" 200 -
54.238.175.2 - - [15/Jul/2026 18:36:16] "GET /api/refresh?date=20260715 HTTP/1.1" 200 -
117.136.0.41 - - [15/Jul/2026 18:41:07] "GET / HTTP/1.1" 200 -
117.136.0.41 - - [15/Jul/2026 18:41:07] "GET /static/style.css?v=1.0.4 HTTP/1.1" 200 -
117.136.0.41 - - [15/Jul/2026 18:41:07] "GET /static/app.js?v=1.0.4 HTTP/1.1" 200 -
117.136.0.41 - - [15/Jul/2026 18:41:14] "GET /api/matches?today=20260715 HTTP/1.1" 200 -
117.136.0.41 - - [15/Jul/2026 18:41:35] "GET /api/refresh?date=20260716 HTTP/1.1" 200 -
117.136.0.41 - - [15/Jul/2026 18:41:41] "GET /api/prediction_backtest HTTP/1.1" 200 -
117.136.0.41 - - [15/Jul/2026 18:41:41] "GET /api/ai_config HTTP/1.1" 200 -
117.136.0.41 - - [15/Jul/2026 18:41:41] "GET /api/ai_config HTTP/1.1" 200 -
117.136.0.41 - - [15/Jul/2026 18:41:43] "GET /api/prediction_backtest HTTP/1.1" 200 -
117.136.0.41 - - [15/Jul/2026 18:41:55] "GET /api/match_details?id=4459813&home=英格兰&away=阿根廷 HTTP/1.1" 200 -
117.136.0.41 - - [15/Jul/2026 18:41:57] "GET /api/match_odds_detail?match_id=4459813&cid=2&type=1 HTTP/1.1" 200 -
117.136.0.41 - - [15/Jul/2026 18:42:00] "GET /api/match_odds_detail?match_id=4459813&cid=3&type=1 HTTP/1.1" 200 -
117.136.0.41 - - [15/Jul/2026 18:42:02] "GET /api/match_odds_detail?match_id=4459813&cid=9&type=1 HTTP/1.1" 200 -
117.136.0.41 - - [15/Jul/2026 18:42:04] "GET /api/match_odds_detail?match_id=4459813&cid=10&type=1 HTTP/1.1" 200 -
[2026-07-15 17:59:31] fetch_html_with_bypass error for https://api-gateway.leisu.com/v1/web/match/common/odds_detail?id=4578754&cid=17&type=1: <urlopen error _ssl.c:975: The handshake operation timed out> (HTTPError body: )
[2026-07-15 17:59:31] Failed to fetch odds detail from API directly: <urlopen error _ssl.c:975: The handshake operation timed out>
[2026-07-15 17:59:31] H5 API approach returned error: Fetch failed: <urlopen error _ssl.c:975: The handshake operation timed out>. Falling back to HTML Scraper...
[2026-07-15 17:59:31] get_odds_detail_via_playwright: Phase 2 (HTML Scraper) starting for match=4578754, cid=17
[2026-07-15 17:59:31] Pure HTML Scraper: Fetching trend HTML via bypass: https://odds.leisu.com/trend-4578754-17 ...
[2026-07-15 17:59:32] parse_trend_html_data: Successfully parsed and decrypted 29 trend items!
[2026-07-15 17:59:32] Successfully fetched odds details via high performance Pure HTML Scraper!
检测到抓取今日(20260715)赛事，启动【极速解密方案】...
【极速解密】成功解析出 273 场赛事数据！
检测到抓取今日(20260715)赛事，启动【极速解密方案】...
【极速解密】成功解析出 274 场赛事数据！
Automatic fixture refresh completed: 461 matches for 20260715
检测到抓取今日(20260715)赛事，启动【极速解密方案】...
【极速解密】成功解析出 274 场赛事数据！
检测到抓取今日(20260715)赛事，启动【极速解密方案】...
【极速解密】成功解析出 274 场赛事数据！
检测到抓取今日(20260715)赛事，启动【极速解密方案】...
【极速解密】成功解析出 275 场赛事数据！
Automatic fixture refresh completed: 462 matches for 20260715
检测到抓取今日(20260715)赛事，启动【极速解密方案】...
【极速解密】成功解析出 275 场赛事数据！
检测到抓取今日(20260715)赛事，启动【极速解密方案】...
【极速解密】成功解析出 275 场赛事数据！
检测到抓取今日(20260715)赛事，启动【极速解密方案】...
【极速解密】成功解析出 275 场赛事数据！
Automatic fixture refresh completed: 462 matches for 20260715
检测到抓取今日(20260715)赛事，启动【极速解密方案】...
【极速解密】第一志愿静态链接失败: <urlopen error _ssl.c:975: The handshake operation timed out>，启动灾备方案：从 live 首页动态定位数据源...
【极速解密】出错: 无法加载 alifInfo 数据源 JS，安全返回空列表。
检测到抓取今日(20260715)赛事，启动【极速解密方案】...
【极速解密】成功解析出 275 场赛事数据！
检测到抓取今日(20260715)赛事，启动【极速解密方案】...
【极速解密】成功解析出 275 场赛事数据！
Automatic fixture refresh completed: 462 matches for 20260715
检测到抓取今日(20260715)赛事，启动【极速解密方案】...
【极速解密】成功解析出 275 场赛事数据！
Scraping analysis page (HTML): https://live.leisu.com/shujufenxi-4459813
[2026-07-15 18:41:52] solve_waf_via_node: Starting node solver for https://live.leisu.com/shujufenxi-4459813 (NODE_PATH=/usr/local/bin/node)
[2026-07-15 18:41:52] solve_waf_via_node: Successfully solved WAF! Cookie prefix: 1234cf0d46-43c4...
[2026-07-15 18:41:52] fetch_html_with_bypass: Retrying request to https://live.leisu.com/shujufenxi-4459813 with new acw_sc__v2 WAF cookie...
[2026-07-15 18:41:52] fetch_html_with_bypass: Retry successful! HTML length: 102343
Fetching lineup and injuries via API for match 4459813...
API Lineup: Successfully parsed 1 injuries, 0 starting and 0 substitutes for home.
Attempting to decrypt shujufenxi JS data package for match 4459813 ...
decrypt_shujufenxi_data: Fetching JS data from https://live.leisu.com/shujufenxi/92bc5f21fc00.js ...
Failed to decrypt shujufenxi JS data, fallback to BeautifulSoup parser.
Fallback: parse H2H via BeautifulSoup
Fallback: parse recent results via BeautifulSoup
Scraping SWOT page: https://www.leisu.com/guide/swot-4459813
SWOT page loaded. Length: 30421
[2026-07-15 18:41:55] get_odds_detail_via_playwright: Phase 1 (H5 API) starting for match=4459813, cid=2, type=1
Direct H5 API Fetcher: Fetching odds detail for match 4459813, cid 2, type 1 ...
[2026-07-15 18:41:56] get_odds_detail_via_api: Empty or missing data in res_json. Code=100007
[2026-07-15 18:41:56] H5 API approach returned error: API business error code 100007: {'code': 100007, 'data': None, 'msg': '请求非法', 'time': '2026-07-15 18:41:56'}. Falling back to HTML Scraper...
[2026-07-15 18:41:56] get_odds_detail_via_playwright: Phase 2 (HTML Scraper) starting for match=4459813, cid=2
[2026-07-15 18:41:56] Pure HTML Scraper: Fetching trend HTML via bypass: https://odds.leisu.com/trend-4459813-2 ...
[2026-07-15 18:41:56] solve_waf_via_node: Starting node solver for https://odds.leisu.com/trend-4459813-2 (NODE_PATH=/usr/local/bin/node)
[2026-07-15 18:41:56] solve_waf_via_node: Successfully solved WAF! Cookie prefix: 1234cf0d46-02ca...
[2026-07-15 18:41:56] fetch_html_with_bypass: Retrying request to https://odds.leisu.com/trend-4459813-2 with new acw_sc__v2 WAF cookie...
[2026-07-15 18:41:57] fetch_html_with_bypass: Retry successful! HTML length: 259578
[2026-07-15 18:41:57] parse_trend_html_data: Successfully parsed and decrypted 243 trend items!
[2026-07-15 18:41:57] Successfully fetched odds details via high performance Pure HTML Scraper!
[2026-07-15 18:41:59] get_odds_detail_via_playwright: Phase 1 (H5 API) starting for match=4459813, cid=3, type=1
Direct H5 API Fetcher: Fetching odds detail for match 4459813, cid 3, type 1 ...
[2026-07-15 18:41:59] get_odds_detail_via_api: Empty or missing data in res_json. Code=100007
[2026-07-15 18:41:59] H5 API approach returned error: API business error code 100007: {'code': 100007, 'data': None, 'msg': '请求非法', 'time': '2026-07-15 18:41:59'}. Falling back to HTML Scraper...
[2026-07-15 18:41:59] get_odds_detail_via_playwright: Phase 2 (HTML Scraper) starting for match=4459813, cid=3
[2026-07-15 18:41:59] Pure HTML Scraper: Fetching trend HTML via bypass: https://odds.leisu.com/trend-4459813-3 ...
[2026-07-15 18:42:00] parse_trend_html_data: Successfully parsed and decrypted 82 trend items!
[2026-07-15 18:42:00] Successfully fetched odds details via high performance Pure HTML Scraper!
[2026-07-15 18:42:00] get_odds_detail_via_playwright: Phase 1 (H5 API) starting for match=4459813, cid=9, type=1
Direct H5 API Fetcher: Fetching odds detail for match 4459813, cid 9, type 1 ...
[2026-07-15 18:42:01] get_odds_detail_via_api: Empty or missing data in res_json. Code=100007
[2026-07-15 18:42:01] H5 API approach returned error: API business error code 100007: {'code': 100007, 'data': None, 'msg': '请求非法', 'time': '2026-07-15 18:42:01'}. Falling back to HTML Scraper...
[2026-07-15 18:42:01] get_odds_detail_via_playwright: Phase 2 (HTML Scraper) starting for match=4459813, cid=9
[2026-07-15 18:42:01] Pure HTML Scraper: Fetching trend HTML via bypass: https://odds.leisu.com/trend-4459813-9 ...
[2026-07-15 18:42:02] parse_trend_html_data: Successfully parsed and decrypted 25 trend items!
[2026-07-15 18:42:02] Successfully fetched odds details via high performance Pure HTML Scraper!
[2026-07-15 18:42:02] get_odds_detail_via_playwright: Phase 1 (H5 API) starting for match=4459813, cid=10, type=1
Direct H5 API Fetcher: Fetching odds detail for match 4459813, cid 10, type 1 ...
[2026-07-15 18:42:03] get_odds_detail_via_api: Empty or missing data in res_json. Code=100007
[2026-07-15 18:42:03] H5 API approach returned error: API business error code 100007: {'code': 100007, 'data': None, 'msg': '请求非法', 'time': '2026-07-15 18:42:03'}. Falling back to HTML Scraper...
[2026-07-15 18:42:03] get_odds_detail_via_playwright: Phase 2 (HTML Scraper) starting for match=4459813, cid=10
[2026-07-15 18:42:03] Pure HTML Scraper: Fetching trend HTML via bypass: https://odds.leisu.com/trend-4459813-10 ...
[2026-07-15 18:42:04] parse_trend_html_data: Successfully parsed and decrypted 152 trend items!
[2026-07-15 18:42:04] Successfully fetched odds details via high performance Pure HTML Scraper!
117.136.0.41 - - [15/Jul/2026 18:42:05] "GET /api/match_odds_detail?match_id=4459813&cid=7&type=1 HTTP/1.1" 200 -
117.136.0.41 - - [15/Jul/2026 18:42:07] "GET /api/match_odds_detail?match_id=4459813&cid=5&type=1 HTTP/1.1" 200 -
117.136.0.41 - - [15/Jul/2026 18:42:10] "GET /api/match_odds_detail?match_id=4459813&cid=11&type=1 HTTP/1.1" 200 -
117.136.0.41 - - [15/Jul/2026 18:42:11] "GET /api/match_odds_detail?match_id=4459813&cid=13&type=1 HTTP/1.1" 200 -
117.136.0.41 - - [15/Jul/2026 18:42:14] "GET /api/match_odds_detail?match_id=4459813&cid=14&type=1 HTTP/1.1" 200 -
117.136.0.41 - - [15/Jul/2026 18:42:16] "GET /api/match_odds_detail?match_id=4459813&cid=15&type=1 HTTP/1.1" 200 -
117.136.0.41 - - [15/Jul/2026 18:42:19] "GET /api/match_odds_detail?match_id=4459813&cid=16&type=1 HTTP/1.1" 200 -
117.136.0.41 - - [15/Jul/2026 18:42:21] "GET /api/match_odds_detail?match_id=4459813&cid=17&type=1 HTTP/1.1" 200 -
117.136.0.41 - - [15/Jul/2026 18:42:23] "POST /api/match_ai_analysis HTTP/1.1" 200 -
117.136.0.41 - - [15/Jul/2026 18:42:23] "POST /api/match_ai_analysis HTTP/1.1" 200 -
117.136.0.41 - - [15/Jul/2026 18:42:25] "GET /api/ai_analysis_status?match_id=4459813 HTTP/1.1" 200 -
117.136.0.41 - - [15/Jul/2026 18:42:27] "GET /api/ai_analysis_status?match_id=4459813 HTTP/1.1" 200 -
117.136.0.41 - - [15/Jul/2026 18:42:28] "GET /api/ai_analysis_status?match_id=4459813 HTTP/1.1" 200 -
117.136.0.41 - - [15/Jul/2026 18:42:30] "GET /api/ai_analysis_status?match_id=4459813 HTTP/1.1" 200 -
117.136.0.41 - - [15/Jul/2026 18:42:31] "GET /api/ai_analysis_status?match_id=4459813 HTTP/1.1" 200 -
117.136.0.41 - - [15/Jul/2026 18:42:33] "GET /api/ai_analysis_status?match_id=4459813 HTTP/1.1" 200 -
117.136.0.41 - - [15/Jul/2026 18:42:35] "GET /api/ai_analysis_status?match_id=4459813 HTTP/1.1" 200 -
117.136.0.41 - - [15/Jul/2026 18:42:51] "GET /api/ai_analysis_status?match_id=4459813 HTTP/1.1" 200 -
117.136.0.41 - - [15/Jul/2026 18:42:53] "GET /api/ai_analysis_status?match_id=4459813 HTTP/1.1" 200 -
117.136.0.41 - - [15/Jul/2026 18:42:55] "GET /api/ai_analysis_status?match_id=4459813 HTTP/1.1" 200 -
54.238.175.2 - - [15/Jul/2026 18:42:58] "GET /api/refresh?date=20260715 HTTP/1.1" 200 -
54.238.175.2 - - [15/Jul/2026 18:46:16] "GET /api/refresh?date=20260715 HTTP/1.1" 200 -
54.238.175.2 - - [15/Jul/2026 18:52:58] "GET /api/refresh?date=20260715 HTTP/1.1" 200 -
117.136.0.41 - - [15/Jul/2026 18:53:41] "GET / HTTP/1.1" 200 -
117.136.0.41 - - [15/Jul/2026 18:53:42] "[36mGET /static/style.css?v=1.0.4 HTTP/1.1[0m" 304 -
117.136.0.41 - - [15/Jul/2026 18:53:42] "[36mGET /static/app.js?v=1.0.4 HTTP/1.1[0m" 304 -
117.136.0.41 - - [15/Jul/2026 18:53:42] "GET /api/matches?today=20260715 HTTP/1.1" 200 -
117.136.0.41 - - [15/Jul/2026 18:53:53] "GET /api/refresh?date=20260716 HTTP/1.1" 200 -
117.136.0.41 - - [15/Jul/2026 18:53:58] "GET /api/refresh?date=20260716 HTTP/1.1" 200 -
[2026-07-15 18:42:04] get_odds_detail_via_playwright: Phase 1 (H5 API) starting for match=4459813, cid=7, type=1
Direct H5 API Fetcher: Fetching odds detail for match 4459813, cid 7, type 1 ...
[2026-07-15 18:42:05] get_odds_detail_via_api: Empty or missing data in res_json. Code=100007
[2026-07-15 18:42:05] H5 API approach returned error: API business error code 100007: {'code': 100007, 'data': None, 'msg': '请求非法', 'time': '2026-07-15 18:42:05'}. Falling back to HTML Scraper...
[2026-07-15 18:42:05] get_odds_detail_via_playwright: Phase 2 (HTML Scraper) starting for match=4459813, cid=7
[2026-07-15 18:42:05] Pure HTML Scraper: Fetching trend HTML via bypass: https://odds.leisu.com/trend-4459813-7 ...
[2026-07-15 18:42:05] parse_trend_html_data: Successfully parsed and decrypted 38 trend items!
[2026-07-15 18:42:05] Successfully fetched odds details via high performance Pure HTML Scraper!
[2026-07-15 18:42:06] get_odds_detail_via_playwright: Phase 1 (H5 API) starting for match=4459813, cid=5, type=1
Direct H5 API Fetcher: Fetching odds detail for match 4459813, cid 5, type 1 ...
[2026-07-15 18:42:07] get_odds_detail_via_api: Empty or missing data in res_json. Code=100007
[2026-07-15 18:42:07] H5 API approach returned error: API business error code 100007: {'code': 100007, 'data': None, 'msg': '请求非法', 'time': '2026-07-15 18:42:07'}. Falling back to HTML Scraper...
[2026-07-15 18:42:07] get_odds_detail_via_playwright: Phase 2 (HTML Scraper) starting for match=4459813, cid=5
[2026-07-15 18:42:07] Pure HTML Scraper: Fetching trend HTML via bypass: https://odds.leisu.com/trend-4459813-5 ...
[2026-07-15 18:42:07] parse_trend_html_data: Successfully parsed and decrypted 3 trend items!
[2026-07-15 18:42:07] Successfully fetched odds details via high performance Pure HTML Scraper!
[2026-07-15 18:42:08] get_odds_detail_via_playwright: Phase 1 (H5 API) starting for match=4459813, cid=11, type=1
Direct H5 API Fetcher: Fetching odds detail for match 4459813, cid 11, type 1 ...
[2026-07-15 18:42:08] get_odds_detail_via_api: Empty or missing data in res_json. Code=100007
[2026-07-15 18:42:08] H5 API approach returned error: API business error code 100007: {'code': 100007, 'data': None, 'msg': '请求非法', 'time': '2026-07-15 18:42:08'}. Falling back to HTML Scraper...
[2026-07-15 18:42:08] get_odds_detail_via_playwright: Phase 2 (HTML Scraper) starting for match=4459813, cid=11
[2026-07-15 18:42:08] Pure HTML Scraper: Fetching trend HTML via bypass: https://odds.leisu.com/trend-4459813-11 ...
[2026-07-15 18:42:10] parse_trend_html_data: Successfully parsed and decrypted 186 trend items!
[2026-07-15 18:42:10] Successfully fetched odds details via high performance Pure HTML Scraper!
[2026-07-15 18:42:10] get_odds_detail_via_playwright: Phase 1 (H5 API) starting for match=4459813, cid=13, type=1
Direct H5 API Fetcher: Fetching odds detail for match 4459813, cid 13, type 1 ...
[2026-07-15 18:42:11] get_odds_detail_via_api: Empty or missing data in res_json. Code=100007
[2026-07-15 18:42:11] H5 API approach returned error: API business error code 100007: {'code': 100007, 'data': None, 'msg': '请求非法', 'time': '2026-07-15 18:42:11'}. Falling back to HTML Scraper...
[2026-07-15 18:42:11] get_odds_detail_via_playwright: Phase 2 (HTML Scraper) starting for match=4459813, cid=13
[2026-07-15 18:42:11] Pure HTML Scraper: Fetching trend HTML via bypass: https://odds.leisu.com/trend-4459813-13 ...
[2026-07-15 18:42:11] parse_trend_html_data: Successfully parsed and decrypted 8 trend items!
[2026-07-15 18:42:11] Successfully fetched odds details via high performance Pure HTML Scraper!
[2026-07-15 18:42:12] get_odds_detail_via_playwright: Phase 1 (H5 API) starting for match=4459813, cid=14, type=1
Direct H5 API Fetcher: Fetching odds detail for match 4459813, cid 14, type 1 ...
[2026-07-15 18:42:12] get_odds_detail_via_api: Empty or missing data in res_json. Code=100007
[2026-07-15 18:42:12] H5 API approach returned error: API business error code 100007: {'code': 100007, 'data': None, 'msg': '请求非法', 'time': '2026-07-15 18:42:12'}. Falling back to HTML Scraper...
[2026-07-15 18:42:12] get_odds_detail_via_playwright: Phase 2 (HTML Scraper) starting for match=4459813, cid=14
[2026-07-15 18:42:12] Pure HTML Scraper: Fetching trend HTML via bypass: https://odds.leisu.com/trend-4459813-14 ...
[2026-07-15 18:42:14] parse_trend_html_data: Successfully parsed and decrypted 138 trend items!
[2026-07-15 18:42:14] Successfully fetched odds details via high performance Pure HTML Scraper!
[2026-07-15 18:42:14] get_odds_detail_via_playwright: Phase 1 (H5 API) starting for match=4459813, cid=15, type=1
Direct H5 API Fetcher: Fetching odds detail for match 4459813, cid 15, type 1 ...
[2026-07-15 18:42:15] get_odds_detail_via_api: Empty or missing data in res_json. Code=100007
[2026-07-15 18:42:15] H5 API approach returned error: API business error code 100007: {'code': 100007, 'data': None, 'msg': '请求非法', 'time': '2026-07-15 18:42:15'}. Falling back to HTML Scraper...
[2026-07-15 18:42:15] get_odds_detail_via_playwright: Phase 2 (HTML Scraper) starting for match=4459813, cid=15
[2026-07-15 18:42:15] Pure HTML Scraper: Fetching trend HTML via bypass: https://odds.leisu.com/trend-4459813-15 ...
[2026-07-15 18:42:16] parse_trend_html_data: Successfully parsed and decrypted 139 trend items!
[2026-07-15 18:42:16] Successfully fetched odds details via high performance Pure HTML Scraper!
[2026-07-15 18:42:17] get_odds_detail_via_playwright: Phase 1 (H5 API) starting for match=4459813, cid=16, type=1
Direct H5 API Fetcher: Fetching odds detail for match 4459813, cid 16, type 1 ...
[2026-07-15 18:42:17] get_odds_detail_via_api: Empty or missing data in res_json. Code=100007
[2026-07-15 18:42:17] H5 API approach returned error: API business error code 100007: {'code': 100007, 'data': None, 'msg': '请求非法', 'time': '2026-07-15 18:42:17'}. Falling back to HTML Scraper...
[2026-07-15 18:42:17] get_odds_detail_via_playwright: Phase 2 (HTML Scraper) starting for match=4459813, cid=16
[2026-07-15 18:42:17] Pure HTML Scraper: Fetching trend HTML via bypass: https://odds.leisu.com/trend-4459813-16 ...
[2026-07-15 18:42:19] parse_trend_html_data: Successfully parsed and decrypted 155 trend items!
[2026-07-15 18:42:19] Successfully fetched odds details via high performance Pure HTML Scraper!
[2026-07-15 18:42:19] get_odds_detail_via_playwright: Phase 1 (H5 API) starting for match=4459813, cid=17, type=1
Direct H5 API Fetcher: Fetching odds detail for match 4459813, cid 17, type 1 ...
[2026-07-15 18:42:20] get_odds_detail_via_api: Empty or missing data in res_json. Code=100007
[2026-07-15 18:42:20] H5 API approach returned error: API business error code 100007: {'code': 100007, 'data': None, 'msg': '请求非法', 'time': '2026-07-15 18:42:20'}. Falling back to HTML Scraper...
[2026-07-15 18:42:20] get_odds_detail_via_playwright: Phase 2 (HTML Scraper) starting for match=4459813, cid=17
[2026-07-15 18:42:20] Pure HTML Scraper: Fetching trend HTML via bypass: https://odds.leisu.com/trend-4459813-17 ...
[2026-07-15 18:42:21] parse_trend_html_data: Successfully parsed and decrypted 138 trend items!
[2026-07-15 18:42:21] Successfully fetched odds details via high performance Pure HTML Scraper!
检测到抓取今日(20260715)赛事，启动【极速解密方案】...
【极速解密】成功解析出 275 场赛事数据！
检测到抓取今日(20260715)赛事，启动【极速解密方案】...
【极速解密】成功解析出 275 场赛事数据！
Automatic fixture refresh completed: 462 matches for 20260715
检测到抓取今日(20260715)赛事，启动【极速解密方案】...
【极速解密】成功解析出 275 场赛事数据！
检测到抓取今日(20260715)赛事，启动【极速解密方案】...
【极速解密】成功解析出 275 场赛事数据！
Error fetching server time: <urlopen error _ssl.c:975: The handshake operation timed out>
检测到抓取今日(20260715)赛事，启动【极速解密方案】...
【极速解密】成功解析出 275 场赛事数据！
Automatic fixture refresh completed: 462 matches for 20260715
54.238.175.2 - - [15/Jul/2026 18:56:16] "GET /api/refresh?date=20260715 HTTP/1.1" 200 -
85.217.149.11 - - [15/Jul/2026 18:56:28] "GET / HTTP/1.1" 200 -
54.238.175.2 - - [15/Jul/2026 19:02:58] "GET /api/refresh?date=20260715 HTTP/1.1" 200 -
54.238.175.2 - - [15/Jul/2026 19:06:16] "GET /api/refresh?date=20260715 HTTP/1.1" 200 -
54.238.175.2 - - [15/Jul/2026 19:13:04] "GET /api/refresh?date=20260715 HTTP/1.1" 200 -
54.238.175.2 - - [15/Jul/2026 19:16:16] "GET /api/refresh?date=20260715 HTTP/1.1" 200 -
54.238.175.2 - - [15/Jul/2026 19:22:59] "GET /api/refresh?date=20260715 HTTP/1.1" 200 -
54.238.175.2 - - [15/Jul/2026 19:26:17] "GET /api/refresh?date=20260715 HTTP/1.1" 200 -
117.136.0.41 - - [15/Jul/2026 19:30:47] "GET /api/refresh?date=20260715 HTTP/1.1" 200 -
117.136.0.41 - - [15/Jul/2026 19:30:52] "POST /api/match_ai_analysis HTTP/1.1" 200 -
117.136.0.41 - - [15/Jul/2026 19:31:01] "GET /api/match_details?id=4459813&home=英格兰&away=阿根廷 HTTP/1.1" 200 -
117.136.0.41 - - [15/Jul/2026 19:31:02] "GET /api/ai_config HTTP/1.1" 200 -
117.136.0.41 - - [15/Jul/2026 19:31:04] "GET /api/match_odds_detail?match_id=4459813&cid=2&type=1 HTTP/1.1" 200 -
117.136.0.41 - - [15/Jul/2026 19:31:05] "GET /api/refresh?date=20260716 HTTP/1.1" 200 -
117.136.0.41 - - [15/Jul/2026 19:31:06] "GET /api/match_odds_detail?match_id=4459813&cid=3&type=1 HTTP/1.1" 200 -
117.136.0.41 - - [15/Jul/2026 19:31:08] "GET /api/match_odds_detail?match_id=4459813&cid=9&type=1 HTTP/1.1" 200 -
117.136.0.41 - - [15/Jul/2026 19:31:10] "GET /api/match_odds_detail?match_id=4459813&cid=10&type=1 HTTP/1.1" 200 -
117.136.0.41 - - [15/Jul/2026 19:31:12] "GET /api/match_odds_detail?match_id=4459813&cid=7&type=1 HTTP/1.1" 200 -
检测到抓取今日(20260715)赛事，启动【极速解密方案】...
【极速解密】成功解析出 275 场赛事数据！
检测到抓取今日(20260715)赛事，启动【极速解密方案】...
【极速解密】成功解析出 275 场赛事数据！
检测到抓取今日(20260715)赛事，启动【极速解密方案】...
【极速解密】成功解析出 275 场赛事数据！
Automatic fixture refresh completed: 462 matches for 20260715
检测到抓取今日(20260715)赛事，启动【极速解密方案】...
【极速解密】成功解析出 275 场赛事数据！
检测到抓取今日(20260715)赛事，启动【极速解密方案】...
【极速解密】成功解析出 275 场赛事数据！
检测到抓取今日(20260715)赛事，启动【极速解密方案】...
【极速解密】成功解析出 275 场赛事数据！
Automatic fixture refresh completed: 462 matches for 20260715
检测到抓取今日(20260715)赛事，启动【极速解密方案】...
【极速解密】成功解析出 275 场赛事数据！
检测到抓取今日(20260715)赛事，启动【极速解密方案】...
【极速解密】成功解析出 275 场赛事数据！
检测到抓取今日(20260715)赛事，启动【极速解密方案】...
【极速解密】成功解析出 275 场赛事数据！
Automatic fixture refresh completed: 462 matches for 20260715
检测到抓取今日(20260715)赛事，启动【极速解密方案】...
【极速解密】成功解析出 275 场赛事数据！
检测到抓取今日(20260715)赛事，启动【极速解密方案】...
【极速解密】成功解析出 275 场赛事数据！
Scraping analysis page (HTML): https://live.leisu.com/shujufenxi-4459813
[2026-07-15 19:30:48] solve_waf_via_node: Starting node solver for https://live.leisu.com/shujufenxi-4459813 (NODE_PATH=/usr/local/bin/node)
[2026-07-15 19:30:48] solve_waf_via_node: Successfully solved WAF! Cookie prefix: 1234cf0d46-ccaa...
[2026-07-15 19:30:48] fetch_html_with_bypass: Retrying request to https://live.leisu.com/shujufenxi-4459813 with new acw_sc__v2 WAF cookie...
[2026-07-15 19:30:54] fetch_html_with_bypass: Retry successful! HTML length: 102803
Fetching lineup and injuries via API for match 4459813...
API Lineup: Successfully parsed 1 injuries, 0 starting and 0 substitutes for home.
Attempting to decrypt shujufenxi JS data package for match 4459813 ...
decrypt_shujufenxi_data: Fetching JS data from https://live.leisu.com/shujufenxi/92bc5f21fc00.js ...
Failed to decrypt shujufenxi JS data, fallback to BeautifulSoup parser.
Fallback: parse H2H via BeautifulSoup
Fallback: parse recent results via BeautifulSoup
Scraping SWOT page: https://www.leisu.com/guide/swot-4459813
SWOT page loaded. Length: 30421
[2026-07-15 19:31:02] get_odds_detail_via_playwright: Phase 1 (H5 API) starting for match=4459813, cid=2, type=1
Direct H5 API Fetcher: Fetching odds detail for match 4459813, cid 2, type 1 ...
[2026-07-15 19:31:02] get_odds_detail_via_api: Empty or missing data in res_json. Code=100007
[2026-07-15 19:31:02] H5 API approach returned error: API business error code 100007: {'code': 100007, 'data': None, 'msg': '请求非法', 'time': '2026-07-15 19:31:02'}. Falling back to HTML Scraper...
[2026-07-15 19:31:02] get_odds_detail_via_playwright: Phase 2 (HTML Scraper) starting for match=4459813, cid=2
[2026-07-15 19:31:02] Pure HTML Scraper: Fetching trend HTML via bypass: https://odds.leisu.com/trend-4459813-2 ...
[2026-07-15 19:31:02] solve_waf_via_node: Starting node solver for https://odds.leisu.com/trend-4459813-2 (NODE_PATH=/usr/local/bin/node)
[2026-07-15 19:31:03] solve_waf_via_node: Successfully solved WAF! Cookie prefix: 1234cf0d46-270c...
[2026-07-15 19:31:03] fetch_html_with_bypass: Retrying request to https://odds.leisu.com/trend-4459813-2 with new acw_sc__v2 WAF cookie...
[2026-07-15 19:31:04] fetch_html_with_bypass: Retry successful! HTML length: 259578
[2026-07-15 19:31:04] parse_trend_html_data: Successfully parsed and decrypted 243 trend items!
[2026-07-15 19:31:04] Successfully fetched odds details via high performance Pure HTML Scraper!
[2026-07-15 19:31:05] get_odds_detail_via_playwright: Phase 1 (H5 API) starting for match=4459813, cid=3, type=1
Direct H5 API Fetcher: Fetching odds detail for match 4459813, cid 3, type 1 ...
[2026-07-15 19:31:05] get_odds_detail_via_api: Empty or missing data in res_json. Code=100007
[2026-07-15 19:31:05] H5 API approach returned error: API business error code 100007: {'code': 100007, 'data': None, 'msg': '请求非法', 'time': '2026-07-15 19:31:05'}. Falling back to HTML Scraper...
[2026-07-15 19:31:05] get_odds_detail_via_playwright: Phase 2 (HTML Scraper) starting for match=4459813, cid=3
[2026-07-15 19:31:05] Pure HTML Scraper: Fetching trend HTML via bypass: https://odds.leisu.com/trend-4459813-3 ...
[2026-07-15 19:31:06] parse_trend_html_data: Successfully parsed and decrypted 84 trend items!
[2026-07-15 19:31:06] Successfully fetched odds details via high performance Pure HTML Scraper!
[2026-07-15 19:31:07] get_odds_detail_via_playwright: Phase 1 (H5 API) starting for match=4459813, cid=9, type=1
Direct H5 API Fetcher: Fetching odds detail for match 4459813, cid 9, type 1 ...
[2026-07-15 19:31:07] get_odds_detail_via_api: Empty or missing data in res_json. Code=100007
[2026-07-15 19:31:07] H5 API approach returned error: API business error code 100007: {'code': 100007, 'data': None, 'msg': '请求非法', 'time': '2026-07-15 19:31:07'}. Falling back to HTML Scraper...
[2026-07-15 19:31:07] get_odds_detail_via_playwright: Phase 2 (HTML Scraper) starting for match=4459813, cid=9
[2026-07-15 19:31:07] Pure HTML Scraper: Fetching trend HTML via bypass: https://odds.leisu.com/trend-4459813-9 ...
[2026-07-15 19:31:08] parse_trend_html_data: Successfully parsed and decrypted 25 trend items!
[2026-07-15 19:31:08] Successfully fetched odds details via high performance Pure HTML Scraper!
[2026-07-15 19:31:08] get_odds_detail_via_playwright: Phase 1 (H5 API) starting for match=4459813, cid=10, type=1
Direct H5 API Fetcher: Fetching odds detail for match 4459813, cid 10, type 1 ...
[2026-07-15 19:31:09] get_odds_detail_via_api: Empty or missing data in res_json. Code=100007
[2026-07-15 19:31:09] H5 API approach returned error: API business error code 100007: {'code': 100007, 'data': None, 'msg': '请求非法', 'time': '2026-07-15 19:31:09'}. Falling back to HTML Scraper...
[2026-07-15 19:31:09] get_odds_detail_via_playwright: Phase 2 (HTML Scraper) starting for match=4459813, cid=10
[2026-07-15 19:31:09] Pure HTML Scraper: Fetching trend HTML via bypass: https://odds.leisu.com/trend-4459813-10 ...
[2026-07-15 19:31:10] parse_trend_html_data: Successfully parsed and decrypted 158 trend items!
[2026-07-15 19:31:10] Successfully fetched odds details via high performance Pure HTML Scraper!
[2026-07-15 19:31:11] get_odds_detail_via_playwright: Phase 1 (H5 API) starting for match=4459813, cid=7, type=1
Direct H5 API Fetcher: Fetching odds detail for match 4459813, cid 7, type 1 ...
[2026-07-15 19:31:11] get_odds_detail_via_api: Empty or missing data in res_json. Code=100007
[2026-07-15 19:31:11] H5 API approach returned error: API business error code 100007: {'code': 100007, 'data': None, 'msg': '请求非法', 'time': '2026-07-15 19:31:11'}. Falling back to HTML Scraper...
[2026-07-15 19:31:11] get_odds_detail_via_playwright: Phase 2 (HTML Scraper) starting for match=4459813, cid=7
[2026-07-15 19:31:11] Pure HTML Scraper: Fetching trend HTML via bypass: https://odds.leisu.com/trend-4459813-7 ...
[2026-07-15 19:31:12] parse_trend_html_data: Successfully parsed and decrypted 38 trend items!
[2026-07-15 19:31:12] Successfully fetched odds details via high performance Pure HTML Scraper!
[2026-07-15 19:31:12] get_odds_detail_via_playwright: Phase 1 (H5 API) starting for match=4459813, cid=5, type=1
Direct H5 API Fetcher: Fetching odds detail for match 4459813, cid 5, type 1 ...
[2026-07-15 19:31:13] get_odds_detail_via_api: Empty or missing data in res_json. Code=100007
117.136.0.41 - - [15/Jul/2026 19:31:14] "GET /api/match_odds_detail?match_id=4459813&cid=5&type=1 HTTP/1.1" 200 -
117.136.0.41 - - [15/Jul/2026 19:31:16] "GET /api/match_odds_detail?match_id=4459813&cid=11&type=1 HTTP/1.1" 200 -
117.136.0.41 - - [15/Jul/2026 19:31:17] "GET /api/match_details?id=4459813&home=英格兰&away=阿根廷 HTTP/1.1" 200 -
117.136.0.41 - - [15/Jul/2026 19:31:17] "GET /api/match_odds_detail?match_id=4459813&cid=2&type=1 HTTP/1.1" 200 -
117.136.0.41 - - [15/Jul/2026 19:31:18] "GET /api/match_odds_detail?match_id=4459813&cid=3&type=1 HTTP/1.1" 200 -
117.136.0.41 - - [15/Jul/2026 19:31:19] "GET /api/match_odds_detail?match_id=4459813&cid=9&type=1 HTTP/1.1" 200 -
117.136.0.41 - - [15/Jul/2026 19:31:19] "GET /api/match_odds_detail?match_id=4459813&cid=10&type=1 HTTP/1.1" 200 -
117.136.0.41 - - [15/Jul/2026 19:31:20] "GET /api/match_odds_detail?match_id=4459813&cid=7&type=1 HTTP/1.1" 200 -
117.136.0.41 - - [15/Jul/2026 19:31:20] "GET /api/match_odds_detail?match_id=4459813&cid=5&type=1 HTTP/1.1" 200 -
117.136.0.41 - - [15/Jul/2026 19:31:21] "GET /api/match_odds_detail?match_id=4459813&cid=11&type=1 HTTP/1.1" 200 -
117.136.0.41 - - [15/Jul/2026 19:31:22] "GET /api/match_odds_detail?match_id=4459813&cid=13&type=1 HTTP/1.1" 200 -
117.136.0.41 - - [15/Jul/2026 19:31:23] "GET /api/match_odds_detail?match_id=4459813&cid=13&type=1 HTTP/1.1" 200 -
117.136.0.41 - - [15/Jul/2026 19:31:30] "GET /api/match_odds_detail?match_id=4459813&cid=14&type=1 HTTP/1.1" 200 -
117.136.0.41 - - [15/Jul/2026 19:31:32] "GET /api/match_odds_detail?match_id=4459813&cid=16&type=1 HTTP/1.1" 200 -
117.136.0.41 - - [15/Jul/2026 19:31:40] "GET /api/match_odds_detail?match_id=4459813&cid=15&type=1 HTTP/1.1" 200 -
117.136.0.41 - - [15/Jul/2026 19:31:44] "POST /api/match_ai_analysis HTTP/1.1" 200 -
117.136.0.41 - - [15/Jul/2026 19:31:50] "GET /api/match_odds_detail?match_id=4459813&cid=17&type=1 HTTP/1.1" 200 -
54.238.175.2 - - [15/Jul/2026 19:32:59] "GET /api/refresh?date=20260715 HTTP/1.1" 200 -
54.238.175.2 - - [15/Jul/2026 19:36:17] "GET /api/refresh?date=20260715 HTTP/1.1" 200 -
143.198.74.157 - - [15/Jul/2026 19:41:59] "GET / HTTP/1.1" 200 -
143.198.74.157 - - [15/Jul/2026 19:41:59] "[33mGET /favicon.ico HTTP/1.1[0m" 404 -
54.238.175.2 - - [15/Jul/2026 19:43:08] "GET /api/refresh?date=20260715 HTTP/1.1" 200 -
54.238.175.2 - - [15/Jul/2026 19:46:17] "GET /api/refresh?date=20260715 HTTP/1.1" 200 -
[2026-07-15 19:31:13] H5 API approach returned error: API business error code 100007: {'code': 100007, 'data': None, 'msg': '请求非法', 'time': '2026-07-15 19:31:13'}. Falling back to HTML Scraper...
[2026-07-15 19:31:13] get_odds_detail_via_playwright: Phase 2 (HTML Scraper) starting for match=4459813, cid=5
[2026-07-15 19:31:13] Pure HTML Scraper: Fetching trend HTML via bypass: https://odds.leisu.com/trend-4459813-5 ...
[2026-07-15 19:31:14] parse_trend_html_data: Successfully parsed and decrypted 3 trend items!
[2026-07-15 19:31:14] Successfully fetched odds details via high performance Pure HTML Scraper!
[2026-07-15 19:31:14] get_odds_detail_via_playwright: Phase 1 (H5 API) starting for match=4459813, cid=11, type=1
Direct H5 API Fetcher: Fetching odds detail for match 4459813, cid 11, type 1 ...
[2026-07-15 19:31:15] get_odds_detail_via_api: Empty or missing data in res_json. Code=100007
[2026-07-15 19:31:15] H5 API approach returned error: API business error code 100007: {'code': 100007, 'data': None, 'msg': '请求非法', 'time': '2026-07-15 19:31:15'}. Falling back to HTML Scraper...
[2026-07-15 19:31:15] get_odds_detail_via_playwright: Phase 2 (HTML Scraper) starting for match=4459813, cid=11
[2026-07-15 19:31:15] Pure HTML Scraper: Fetching trend HTML via bypass: https://odds.leisu.com/trend-4459813-11 ...
[2026-07-15 19:31:16] parse_trend_html_data: Successfully parsed and decrypted 192 trend items!
[2026-07-15 19:31:16] Successfully fetched odds details via high performance Pure HTML Scraper!
[2026-07-15 19:31:17] get_odds_detail_via_playwright: Phase 1 (H5 API) starting for match=4459813, cid=13, type=1
Direct H5 API Fetcher: Fetching odds detail for match 4459813, cid 13, type 1 ...
[2026-07-15 19:31:21] get_odds_detail_via_playwright: Phase 1 (H5 API) starting for match=4459813, cid=13, type=1
Direct H5 API Fetcher: Fetching odds detail for match 4459813, cid 13, type 1 ...
[2026-07-15 19:31:22] get_odds_detail_via_api: Empty or missing data in res_json. Code=100007
[2026-07-15 19:31:22] H5 API approach returned error: API business error code 100007: {'code': 100007, 'data': None, 'msg': '请求非法', 'time': '2026-07-15 19:31:22'}. Falling back to HTML Scraper...
[2026-07-15 19:31:22] get_odds_detail_via_playwright: Phase 2 (HTML Scraper) starting for match=4459813, cid=13
[2026-07-15 19:31:22] Pure HTML Scraper: Fetching trend HTML via bypass: https://odds.leisu.com/trend-4459813-13 ...
[2026-07-15 19:31:22] get_odds_detail_via_api: Empty or missing data in res_json. Code=100007
[2026-07-15 19:31:22] H5 API approach returned error: API business error code 100007: {'code': 100007, 'data': None, 'msg': '请求非法', 'time': '2026-07-15 19:31:22'}. Falling back to HTML Scraper...
[2026-07-15 19:31:22] get_odds_detail_via_playwright: Phase 2 (HTML Scraper) starting for match=4459813, cid=13
[2026-07-15 19:31:22] Pure HTML Scraper: Fetching trend HTML via bypass: https://odds.leisu.com/trend-4459813-13 ...
[2026-07-15 19:31:22] parse_trend_html_data: Successfully parsed and decrypted 8 trend items!
[2026-07-15 19:31:22] Successfully fetched odds details via high performance Pure HTML Scraper!
[2026-07-15 19:31:23] parse_trend_html_data: Successfully parsed and decrypted 8 trend items!
[2026-07-15 19:31:23] Successfully fetched odds details via high performance Pure HTML Scraper!
[2026-07-15 19:31:23] get_odds_detail_via_playwright: Phase 1 (H5 API) starting for match=4459813, cid=14, type=1
Direct H5 API Fetcher: Fetching odds detail for match 4459813, cid 14, type 1 ...
[2026-07-15 19:31:23] get_odds_detail_via_playwright: Phase 1 (H5 API) starting for match=4459813, cid=15, type=1
Direct H5 API Fetcher: Fetching odds detail for match 4459813, cid 15, type 1 ...
[2026-07-15 19:31:29] get_odds_detail_via_api: Empty or missing data in res_json. Code=100007
[2026-07-15 19:31:29] H5 API approach returned error: API business error code 100007: {'code': 100007, 'data': None, 'msg': '请求非法', 'time': '2026-07-15 19:31:28'}. Falling back to HTML Scraper...
[2026-07-15 19:31:29] get_odds_detail_via_playwright: Phase 2 (HTML Scraper) starting for match=4459813, cid=14
[2026-07-15 19:31:29] Pure HTML Scraper: Fetching trend HTML via bypass: https://odds.leisu.com/trend-4459813-14 ...
[2026-07-15 19:31:30] parse_trend_html_data: Successfully parsed and decrypted 139 trend items!
[2026-07-15 19:31:30] Successfully fetched odds details via high performance Pure HTML Scraper!
[2026-07-15 19:31:30] get_odds_detail_via_playwright: Phase 1 (H5 API) starting for match=4459813, cid=16, type=1
Direct H5 API Fetcher: Fetching odds detail for match 4459813, cid 16, type 1 ...
[2026-07-15 19:31:31] get_odds_detail_via_api: Empty or missing data in res_json. Code=100007
[2026-07-15 19:31:31] H5 API approach returned error: API business error code 100007: {'code': 100007, 'data': None, 'msg': '请求非法', 'time': '2026-07-15 19:31:31'}. Falling back to HTML Scraper...
[2026-07-15 19:31:31] get_odds_detail_via_playwright: Phase 2 (HTML Scraper) starting for match=4459813, cid=16
[2026-07-15 19:31:31] Pure HTML Scraper: Fetching trend HTML via bypass: https://odds.leisu.com/trend-4459813-16 ...
[2026-07-15 19:31:32] parse_trend_html_data: Successfully parsed and decrypted 157 trend items!
[2026-07-15 19:31:32] Successfully fetched odds details via high performance Pure HTML Scraper!
[2026-07-15 19:31:33] get_odds_detail_via_playwright: Phase 1 (H5 API) starting for match=4459813, cid=17, type=1
Direct H5 API Fetcher: Fetching odds detail for match 4459813, cid 17, type 1 ...
[2026-07-15 19:31:34] get_odds_detail_via_api: Empty or missing data in res_json. Code=100007
[2026-07-15 19:31:34] H5 API approach returned error: API business error code 100007: {'code': 100007, 'data': None, 'msg': '请求非法', 'time': '2026-07-15 19:31:34'}. Falling back to HTML Scraper...
[2026-07-15 19:31:34] get_odds_detail_via_playwright: Phase 2 (HTML Scraper) starting for match=4459813, cid=15
[2026-07-15 19:31:34] Pure HTML Scraper: Fetching trend HTML via bypass: https://odds.leisu.com/trend-4459813-15 ...
[2026-07-15 19:31:40] parse_trend_html_data: Successfully parsed and decrypted 144 trend items!
[2026-07-15 19:31:40] Successfully fetched odds details via high performance Pure HTML Scraper!
[2026-07-15 19:31:44] get_odds_detail_via_api: Empty or missing data in res_json. Code=100007
[2026-07-15 19:31:44] H5 API approach returned error: API business error code 100007: {'code': 100007, 'data': None, 'msg': '请求非法', 'time': '2026-07-15 19:31:44'}. Falling back to HTML Scraper...
[2026-07-15 19:31:44] get_odds_detail_via_playwright: Phase 2 (HTML Scraper) starting for match=4459813, cid=17
[2026-07-15 19:31:44] Pure HTML Scraper: Fetching trend HTML via bypass: https://odds.leisu.com/trend-4459813-17 ...
[2026-07-15 19:31:50] parse_trend_html_data: Successfully parsed and decrypted 139 trend items!
[2026-07-15 19:31:50] Successfully fetched odds details via high performance Pure HTML Scraper!
检测到抓取今日(20260715)赛事，启动【极速解密方案】...
【极速解密】成功解析出 275 场赛事数据！
检测到抓取今日(20260715)赛事，启动【极速解密方案】...
【极速解密】成功解析出 275 场赛事数据！
Automatic fixture refresh completed: 462 matches for 20260715
检测到抓取今日(20260715)赛事，启动【极速解密方案】...
【极速解密】成功解析出 275 场赛事数据！
检测到抓取今日(20260715)赛事，启动【极速解密方案】...
【极速解密】第一志愿静态链接失败: <urlopen error _ssl.c:975: The handshake operation timed out>，启动灾备方案：从 live 首页动态定位数据源...
【极速解密】出错: 无法加载 alifInfo 数据源 JS，安全返回空列表。
检测到抓取今日(20260715)赛事，启动【极速解密方案】...
【极速解密】成功解析出 276 场赛事数据！
Automatic fixture refresh completed: 463 matches for 20260715
检测到抓取今日(20260715)赛事，启动【极速解密方案】...
【极速解密】成功解析出 276 场赛事数据！
54.238.175.2 - - [15/Jul/2026 19:52:59] "GET /api/refresh?date=20260715 HTTP/1.1" 200 -
54.238.175.2 - - [15/Jul/2026 19:56:17] "GET /api/refresh?date=20260715 HTTP/1.1" 200 -
54.238.175.2 - - [15/Jul/2026 20:02:59] "GET /api/refresh?date=20260715 HTTP/1.1" 200 -
54.238.175.2 - - [15/Jul/2026 20:06:17] "GET /api/refresh?date=20260715 HTTP/1.1" 200 -
152.32.131.10 - - [15/Jul/2026 20:12:19] code 400, message Bad request syntax ('ÿ\x00\x00\x00\x00\x00\x00\x00\x00\x7f\x03\x01NULL\x00\x00\x00\x00\x00\x00\x00\x00\x00\x00\x00\x00\x00\x00\x00\x00\x00\x00\x00\x00\x00\x00\x00\x00\x00\x00\x00\x00\x00\x00\x00\x00\x00\x00\x00\x00\x00\x00\x00\x00\x00\x00\x00\x00\x00\x00\x00\x00')
152.32.131.10 - - [15/Jul/2026 20:12:19] "[31m[1mÿ\x00\x00\x00\x00\x00\x00\x00\x00\x7f\x03\x01NULL\x00\x00\x00\x00\x00\x00\x00\x00\x00\x00\x00\x00\x00\x00\x00\x00\x00\x00\x00\x00\x00\x00\x00\x00\x00\x00\x00\x00\x00\x00\x00\x00\x00\x00\x00\x00\x00\x00\x00\x00\x00\x00\x00\x00\x00\x00\x00\x00[0m" 400 -
152.32.131.10 - - [15/Jul/2026 20:12:36] code 400, message Bad request syntax ('ÿ\x00\x00\x00\x00\x00\x00\x00\x00\x7f\x03\x01NULL\x00\x00\x00\x00\x00\x00\x00\x00\x00\x00\x00\x00\x00\x00\x00\x00\x00\x00\x00\x00\x00\x00\x00\x00\x00\x00\x00\x00\x00\x00\x00\x00\x00\x00\x00\x00\x00\x00\x00\x00\x00\x00\x00\x00\x00\x00\x00\x00')
152.32.131.10 - - [15/Jul/2026 20:12:36] "[31m[1mÿ\x00\x00\x00\x00\x00\x00\x00\x00\x7f\x03\x01NULL\x00\x00\x00\x00\x00\x00\x00\x00\x00\x00\x00\x00\x00\x00\x00\x00\x00\x00\x00\x00\x00\x00\x00\x00\x00\x00\x00\x00\x00\x00\x00\x00\x00\x00\x00\x00\x00\x00\x00\x00\x00\x00\x00\x00\x00\x00\x00\x00[0m" 400 -
152.32.131.10 - - [15/Jul/2026 20:12:54] code 400, message Bad request syntax ('ÿ\x00\x00\x00\x00\x00\x00\x00\x00\x7f\x03\x01NULL\x00\x00\x00\x00\x00\x00\x00\x00\x00\x00\x00\x00\x00\x00\x00\x00\x00\x00\x00\x00\x00\x00\x00\x00\x00\x00\x00\x00\x00\x00\x00\x00\x00\x00\x00\x00\x00\x00\x00\x00\x00\x00\x00\x00\x00\x00\x00\x00')
152.32.131.10 - - [15/Jul/2026 20:12:54] "[31m[1mÿ\x00\x00\x00\x00\x00\x00\x00\x00\x7f\x03\x01NULL\x00\x00\x00\x00\x00\x00\x00\x00\x00\x00\x00\x00\x00\x00\x00\x00\x00\x00\x00\x00\x00\x00\x00\x00\x00\x00\x00\x00\x00\x00\x00\x00\x00\x00\x00\x00\x00\x00\x00\x00\x00\x00\x00\x00\x00\x00\x00\x00[0m" 400 -
54.238.175.2 - - [15/Jul/2026 20:12:59] "GET /api/refresh?date=20260715 HTTP/1.1" 200 -
152.32.131.10 - - [15/Jul/2026 20:13:02] "GET / HTTP/1.1" 200 -
152.32.131.10 - - [15/Jul/2026 20:13:03] "GET / HTTP/1.1" 200 -
152.32.131.10 - - [15/Jul/2026 20:13:03] "[33mGET /favicon.ico HTTP/1.1[0m" 404 -
152.32.131.10 - - [15/Jul/2026 20:13:03] "GET /static/app.js?v=1.0.4 HTTP/1.1" 200 -
54.238.175.2 - - [15/Jul/2026 20:16:17] "GET /api/refresh?date=20260715 HTTP/1.1" 200 -
54.238.175.2 - - [15/Jul/2026 20:22:59] "GET /api/refresh?date=20260715 HTTP/1.1" 200 -
54.238.175.2 - - [15/Jul/2026 20:26:17] "GET /api/refresh?date=20260715 HTTP/1.1" 200 -
54.238.175.2 - - [15/Jul/2026 20:32:59] "GET /api/refresh?date=20260715 HTTP/1.1" 200 -
54.238.175.2 - - [15/Jul/2026 20:36:17] "GET /api/refresh?date=20260715 HTTP/1.1" 200 -
117.136.0.41 - - [15/Jul/2026 20:41:01] "GET /api/refresh?date=20260715 HTTP/1.1" 200 -
117.136.0.41 - - [15/Jul/2026 20:41:02] "POST /api/match_ai_analysis HTTP/1.1" 200 -
117.136.0.41 - - [15/Jul/2026 20:41:05] "GET /api/match_odds_detail?match_id=4459813&cid=2&type=1 HTTP/1.1" 200 -
117.136.0.41 - - [15/Jul/2026 20:41:07] "GET /api/match_odds_detail?match_id=4459813&cid=3&type=1 HTTP/1.1" 200 -
117.136.0.41 - - [15/Jul/2026 20:41:09] "GET /api/match_odds_detail?match_id=4459813&cid=9&type=1 HTTP/1.1" 200 -
117.136.0.41 - - [15/Jul/2026 20:41:11] "GET /api/match_odds_detail?match_id=4459813&cid=10&type=1 HTTP/1.1" 200 -
检测到抓取今日(20260715)赛事，启动【极速解密方案】...
【极速解密】成功解析出 277 场赛事数据！
检测到抓取今日(20260715)赛事，启动【极速解密方案】...
【极速解密】成功解析出 275 场赛事数据！
检测到抓取今日(20260715)赛事，启动【极速解密方案】...
【极速解密】成功解析出 275 场赛事数据！
Automatic fixture refresh completed: 463 matches for 20260715
检测到抓取今日(20260715)赛事，启动【极速解密方案】...
【极速解密】成功解析出 277 场赛事数据！
检测到抓取今日(20260715)赛事，启动【极速解密方案】...
【极速解密】成功解析出 276 场赛事数据！
检测到抓取今日(20260715)赛事，启动【极速解密方案】...
【极速解密】成功解析出 276 场赛事数据！
Automatic fixture refresh completed: 463 matches for 20260715
检测到抓取今日(20260715)赛事，启动【极速解密方案】...
【极速解密】成功解析出 277 场赛事数据！
检测到抓取今日(20260715)赛事，启动【极速解密方案】...
【极速解密】成功解析出 277 场赛事数据！
检测到抓取今日(20260715)赛事，启动【极速解密方案】...
【极速解密】第一志愿静态链接失败: <urlopen error _ssl.c:975: The handshake operation timed out>，启动灾备方案：从 live 首页动态定位数据源...
【极速解密】出错: 无法加载 alifInfo 数据源 JS，安全返回空列表。
Automatic fixture refresh completed: 330 matches for 20260715
检测到抓取今日(20260715)赛事，启动【极速解密方案】...
【极速解密】成功解析出 277 场赛事数据！
检测到抓取今日(20260715)赛事，启动【极速解密方案】...
【极速解密】成功解析出 277 场赛事数据！
检测到抓取今日(20260715)赛事，启动【极速解密方案】...
【极速解密】第一志愿静态链接失败: <urlopen error _ssl.c:975: The handshake operation timed out>，启动灾备方案：从 live 首页动态定位数据源...
【极速解密】出错: 无法加载 alifInfo 数据源 JS，安全返回空列表。
Automatic fixture refresh completed: 329 matches for 20260715
检测到抓取今日(20260715)赛事，启动【极速解密方案】...
【极速解密】成功解析出 276 场赛事数据！
检测到抓取今日(20260715)赛事，启动【极速解密方案】...
【极速解密】成功解析出 276 场赛事数据！
检测到抓取今日(20260715)赛事，启动【极速解密方案】...
【极速解密】成功解析出 276 场赛事数据！
Automatic fixture refresh completed: 463 matches for 20260715
检测到抓取今日(20260715)赛事，启动【极速解密方案】...
【极速解密】成功解析出 276 场赛事数据！
[2026-07-15 20:41:02] get_odds_detail_via_playwright: Phase 1 (H5 API) starting for match=4459813, cid=2, type=1
Direct H5 API Fetcher: Fetching odds detail for match 4459813, cid 2, type 1 ...
[2026-07-15 20:41:03] solve_waf_via_node: Starting node solver for https://api-gateway.leisu.com/v1/web/match/common/odds_detail?id=4459813&cid=2&type=1 (NODE_PATH=/usr/local/bin/node)
[2026-07-15 20:41:03] solve_waf_via_node: Successfully solved WAF! Cookie prefix: 1234cf0d46-b1f2...
[2026-07-15 20:41:03] fetch_html_with_bypass: Retrying request to https://api-gateway.leisu.com/v1/web/match/common/odds_detail?id=4459813&cid=2&type=1 with new acw_sc__v2 WAF cookie...
[2026-07-15 20:41:03] fetch_html_with_bypass: Retry successful! HTML length: 69
[2026-07-15 20:41:03] get_odds_detail_via_api: Empty or missing data in res_json. Code=100007
[2026-07-15 20:41:03] H5 API approach returned error: API business error code 100007: {'code': 100007, 'data': None, 'msg': '请求非法', 'time': '2026-07-15 20:41:03'}. Falling back to HTML Scraper...
[2026-07-15 20:41:03] get_odds_detail_via_playwright: Phase 2 (HTML Scraper) starting for match=4459813, cid=2
[2026-07-15 20:41:03] Pure HTML Scraper: Fetching trend HTML via bypass: https://odds.leisu.com/trend-4459813-2 ...
[2026-07-15 20:41:04] solve_waf_via_node: Starting node solver for https://odds.leisu.com/trend-4459813-2 (NODE_PATH=/usr/local/bin/node)
[2026-07-15 20:41:04] solve_waf_via_node: Successfully solved WAF! Cookie prefix: 1234cf0d46-409c...
[2026-07-15 20:41:04] fetch_html_with_bypass: Retrying request to https://odds.leisu.com/trend-4459813-2 with new acw_sc__v2 WAF cookie...
[2026-07-15 20:41:05] fetch_html_with_bypass: Retry successful! HTML length: 260123
[2026-07-15 20:41:05] parse_trend_html_data: Successfully parsed and decrypted 243 trend items!
[2026-07-15 20:41:05] Successfully fetched odds details via high performance Pure HTML Scraper!
[2026-07-15 20:41:06] get_odds_detail_via_playwright: Phase 1 (H5 API) starting for match=4459813, cid=3, type=1
Direct H5 API Fetcher: Fetching odds detail for match 4459813, cid 3, type 1 ...
[2026-07-15 20:41:06] get_odds_detail_via_api: Empty or missing data in res_json. Code=100007
[2026-07-15 20:41:06] H5 API approach returned error: API business error code 100007: {'code': 100007, 'data': None, 'msg': '请求非法', 'time': '2026-07-15 20:41:06'}. Falling back to HTML Scraper...
[2026-07-15 20:41:06] get_odds_detail_via_playwright: Phase 2 (HTML Scraper) starting for match=4459813, cid=3
[2026-07-15 20:41:06] Pure HTML Scraper: Fetching trend HTML via bypass: https://odds.leisu.com/trend-4459813-3 ...
[2026-07-15 20:41:07] parse_trend_html_data: Successfully parsed and decrypted 84 trend items!
[2026-07-15 20:41:07] Successfully fetched odds details via high performance Pure HTML Scraper!
[2026-07-15 20:41:08] get_odds_detail_via_playwright: Phase 1 (H5 API) starting for match=4459813, cid=9, type=1
Direct H5 API Fetcher: Fetching odds detail for match 4459813, cid 9, type 1 ...
[2026-07-15 20:41:08] get_odds_detail_via_api: Empty or missing data in res_json. Code=100007
[2026-07-15 20:41:08] H5 API approach returned error: API business error code 100007: {'code': 100007, 'data': None, 'msg': '请求非法', 'time': '2026-07-15 20:41:08'}. Falling back to HTML Scraper...
[2026-07-15 20:41:08] get_odds_detail_via_playwright: Phase 2 (HTML Scraper) starting for match=4459813, cid=9
[2026-07-15 20:41:08] Pure HTML Scraper: Fetching trend HTML via bypass: https://odds.leisu.com/trend-4459813-9 ...
[2026-07-15 20:41:09] parse_trend_html_data: Successfully parsed and decrypted 25 trend items!
[2026-07-15 20:41:09] Successfully fetched odds details via high performance Pure HTML Scraper!
[2026-07-15 20:41:09] get_odds_detail_via_playwright: Phase 1 (H5 API) starting for match=4459813, cid=10, type=1
Direct H5 API Fetcher: Fetching odds detail for match 4459813, cid 10, type 1 ...
[2026-07-15 20:41:10] get_odds_detail_via_api: Empty or missing data in res_json. Code=100007
[2026-07-15 20:41:10] H5 API approach returned error: API business error code 100007: {'code': 100007, 'data': None, 'msg': '请求非法', 'time': '2026-07-15 20:41:10'}. Falling back to HTML Scraper...
[2026-07-15 20:41:10] get_odds_detail_via_playwright: Phase 2 (HTML Scraper) starting for match=4459813, cid=10
[2026-07-15 20:41:10] Pure HTML Scraper: Fetching trend HTML via bypass: https://odds.leisu.com/trend-4459813-10 ...
[2026-07-15 20:41:11] parse_trend_html_data: Successfully parsed and decrypted 163 trend items!
[2026-07-15 20:41:11] Successfully fetched odds details via high performance Pure HTML Scraper!
[2026-07-15 20:41:11] get_odds_detail_via_playwright: Phase 1 (H5 API) starting for match=4459813, cid=7, type=1
Direct H5 API Fetcher: Fetching odds detail for match 4459813, cid 7, type 1 ...
[2026-07-15 20:41:12] get_odds_detail_via_api: Empty or missing data in res_json. Code=100007
[2026-07-15 20:41:12] H5 API approach returned error: API business error code 100007: {'code': 100007, 'data': None, 'msg': '请求非法', 'time': '2026-07-15 20:41:12'}. Falling back to HTML Scraper...
[2026-07-15 20:41:12] get_odds_detail_via_playwright: Phase 2 (HTML Scraper) starting for match=4459813, cid=7
117.136.0.41 - - [15/Jul/2026 20:41:12] "GET /api/match_odds_detail?match_id=4459813&cid=7&type=1 HTTP/1.1" 200 -
117.136.0.41 - - [15/Jul/2026 20:41:14] "GET /api/match_odds_detail?match_id=4459813&cid=5&type=1 HTTP/1.1" 200 -
117.136.0.41 - - [15/Jul/2026 20:41:17] "GET /api/match_odds_detail?match_id=4459813&cid=11&type=1 HTTP/1.1" 200 -
117.136.0.41 - - [15/Jul/2026 20:41:18] "GET /api/match_odds_detail?match_id=4459813&cid=13&type=1 HTTP/1.1" 200 -
117.136.0.41 - - [15/Jul/2026 20:41:20] "GET /api/match_odds_detail?match_id=4459813&cid=14&type=1 HTTP/1.1" 200 -
117.136.0.41 - - [15/Jul/2026 20:41:23] "GET /api/match_odds_detail?match_id=4459813&cid=15&type=1 HTTP/1.1" 200 -
117.136.0.41 - - [15/Jul/2026 20:41:26] "GET /api/match_odds_detail?match_id=4459813&cid=16&type=1 HTTP/1.1" 200 -
117.136.0.41 - - [15/Jul/2026 20:41:28] "GET /api/match_odds_detail?match_id=4459813&cid=17&type=1 HTTP/1.1" 200 -
117.136.0.41 - - [15/Jul/2026 20:41:36] "POST /api/match_ai_analysis HTTP/1.1" 200 -
117.136.0.41 - - [15/Jul/2026 20:41:48] "POST /api/match_ai_analysis HTTP/1.1" 200 -
117.136.0.41 - - [15/Jul/2026 20:41:50] "GET /api/ai_analysis_status?match_id=4459813 HTTP/1.1" 200 -
117.136.0.41 - - [15/Jul/2026 20:41:52] "GET /api/ai_analysis_status?match_id=4459813 HTTP/1.1" 200 -
117.136.0.41 - - [15/Jul/2026 20:41:53] "GET /api/ai_analysis_status?match_id=4459813 HTTP/1.1" 200 -
117.136.0.41 - - [15/Jul/2026 20:41:55] "GET /api/ai_analysis_status?match_id=4459813 HTTP/1.1" 200 -
117.136.0.41 - - [15/Jul/2026 20:41:56] "GET /api/ai_analysis_status?match_id=4459813 HTTP/1.1" 200 -
117.136.0.41 - - [15/Jul/2026 20:41:58] "GET /api/ai_analysis_status?match_id=4459813 HTTP/1.1" 200 -
54.238.175.2 - - [15/Jul/2026 20:43:02] "GET /api/refresh?date=20260715 HTTP/1.1" 200 -
117.136.0.41 - - [15/Jul/2026 20:45:02] "GET /api/ai_analysis_status?match_id=4459813 HTTP/1.1" 200 -
54.238.175.2 - - [15/Jul/2026 20:46:17] "GET /api/refresh?date=20260715 HTTP/1.1" 200 -
54.238.175.2 - - [15/Jul/2026 20:52:59] "GET /api/refresh?date=20260715 HTTP/1.1" 200 -
54.238.175.2 - - [15/Jul/2026 20:56:17] "GET /api/refresh?date=20260715 HTTP/1.1" 200 -
117.136.0.41 - - [15/Jul/2026 20:59:37] "GET /api/refresh?date=20260715 HTTP/1.1" 200 -
[2026-07-15 20:41:12] Pure HTML Scraper: Fetching trend HTML via bypass: https://odds.leisu.com/trend-4459813-7 ...
[2026-07-15 20:41:12] parse_trend_html_data: Successfully parsed and decrypted 38 trend items!
[2026-07-15 20:41:12] Successfully fetched odds details via high performance Pure HTML Scraper!
[2026-07-15 20:41:13] get_odds_detail_via_playwright: Phase 1 (H5 API) starting for match=4459813, cid=5, type=1
Direct H5 API Fetcher: Fetching odds detail for match 4459813, cid 5, type 1 ...
[2026-07-15 20:41:14] get_odds_detail_via_api: Empty or missing data in res_json. Code=100007
[2026-07-15 20:41:14] H5 API approach returned error: API business error code 100007: {'code': 100007, 'data': None, 'msg': '请求非法', 'time': '2026-07-15 20:41:13'}. Falling back to HTML Scraper...
[2026-07-15 20:41:14] get_odds_detail_via_playwright: Phase 2 (HTML Scraper) starting for match=4459813, cid=5
[2026-07-15 20:41:14] Pure HTML Scraper: Fetching trend HTML via bypass: https://odds.leisu.com/trend-4459813-5 ...
[2026-07-15 20:41:14] parse_trend_html_data: Successfully parsed and decrypted 3 trend items!
[2026-07-15 20:41:14] Successfully fetched odds details via high performance Pure HTML Scraper!
[2026-07-15 20:41:15] get_odds_detail_via_playwright: Phase 1 (H5 API) starting for match=4459813, cid=11, type=1
Direct H5 API Fetcher: Fetching odds detail for match 4459813, cid 11, type 1 ...
[2026-07-15 20:41:15] get_odds_detail_via_api: Empty or missing data in res_json. Code=100007
[2026-07-15 20:41:15] H5 API approach returned error: API business error code 100007: {'code': 100007, 'data': None, 'msg': '请求非法', 'time': '2026-07-15 20:41:15'}. Falling back to HTML Scraper...
[2026-07-15 20:41:15] get_odds_detail_via_playwright: Phase 2 (HTML Scraper) starting for match=4459813, cid=11
[2026-07-15 20:41:15] Pure HTML Scraper: Fetching trend HTML via bypass: https://odds.leisu.com/trend-4459813-11 ...
[2026-07-15 20:41:17] parse_trend_html_data: Successfully parsed and decrypted 197 trend items!
[2026-07-15 20:41:17] Successfully fetched odds details via high performance Pure HTML Scraper!
[2026-07-15 20:41:17] get_odds_detail_via_playwright: Phase 1 (H5 API) starting for match=4459813, cid=13, type=1
Direct H5 API Fetcher: Fetching odds detail for match 4459813, cid 13, type 1 ...
[2026-07-15 20:41:18] get_odds_detail_via_api: Empty or missing data in res_json. Code=100007
[2026-07-15 20:41:18] H5 API approach returned error: API business error code 100007: {'code': 100007, 'data': None, 'msg': '请求非法', 'time': '2026-07-15 20:41:18'}. Falling back to HTML Scraper...
[2026-07-15 20:41:18] get_odds_detail_via_playwright: Phase 2 (HTML Scraper) starting for match=4459813, cid=13
[2026-07-15 20:41:18] Pure HTML Scraper: Fetching trend HTML via bypass: https://odds.leisu.com/trend-4459813-13 ...
[2026-07-15 20:41:18] parse_trend_html_data: Successfully parsed and decrypted 8 trend items!
[2026-07-15 20:41:18] Successfully fetched odds details via high performance Pure HTML Scraper!
[2026-07-15 20:41:19] get_odds_detail_via_playwright: Phase 1 (H5 API) starting for match=4459813, cid=14, type=1
Direct H5 API Fetcher: Fetching odds detail for match 4459813, cid 14, type 1 ...
[2026-07-15 20:41:19] get_odds_detail_via_api: Empty or missing data in res_json. Code=100007
[2026-07-15 20:41:19] H5 API approach returned error: API business error code 100007: {'code': 100007, 'data': None, 'msg': '请求非法', 'time': '2026-07-15 20:41:19'}. Falling back to HTML Scraper...
[2026-07-15 20:41:19] get_odds_detail_via_playwright: Phase 2 (HTML Scraper) starting for match=4459813, cid=14
[2026-07-15 20:41:19] Pure HTML Scraper: Fetching trend HTML via bypass: https://odds.leisu.com/trend-4459813-14 ...
[2026-07-15 20:41:20] parse_trend_html_data: Successfully parsed and decrypted 141 trend items!
[2026-07-15 20:41:20] Successfully fetched odds details via high performance Pure HTML Scraper!
[2026-07-15 20:41:21] get_odds_detail_via_playwright: Phase 1 (H5 API) starting for match=4459813, cid=15, type=1
Direct H5 API Fetcher: Fetching odds detail for match 4459813, cid 15, type 1 ...
[2026-07-15 20:41:22] get_odds_detail_via_api: Empty or missing data in res_json. Code=100007
[2026-07-15 20:41:22] H5 API approach returned error: API business error code 100007: {'code': 100007, 'data': None, 'msg': '请求非法', 'time': '2026-07-15 20:41:22'}. Falling back to HTML Scraper...
[2026-07-15 20:41:22] get_odds_detail_via_playwright: Phase 2 (HTML Scraper) starting for match=4459813, cid=15
[2026-07-15 20:41:22] Pure HTML Scraper: Fetching trend HTML via bypass: https://odds.leisu.com/trend-4459813-15 ...
[2026-07-15 20:41:23] parse_trend_html_data: Successfully parsed and decrypted 150 trend items!
[2026-07-15 20:41:23] Successfully fetched odds details via high performance Pure HTML Scraper!
[2026-07-15 20:41:24] get_odds_detail_via_playwright: Phase 1 (H5 API) starting for match=4459813, cid=16, type=1
Direct H5 API Fetcher: Fetching odds detail for match 4459813, cid 16, type 1 ...
[2026-07-15 20:41:24] get_odds_detail_via_api: Empty or missing data in res_json. Code=100007
[2026-07-15 20:41:24] H5 API approach returned error: API business error code 100007: {'code': 100007, 'data': None, 'msg': '请求非法', 'time': '2026-07-15 20:41:24'}. Falling back to HTML Scraper...
[2026-07-15 20:41:24] get_odds_detail_via_playwright: Phase 2 (HTML Scraper) starting for match=4459813, cid=16
[2026-07-15 20:41:24] Pure HTML Scraper: Fetching trend HTML via bypass: https://odds.leisu.com/trend-4459813-16 ...
[2026-07-15 20:41:26] parse_trend_html_data: Successfully parsed and decrypted 162 trend items!
[2026-07-15 20:41:26] Successfully fetched odds details via high performance Pure HTML Scraper!
[2026-07-15 20:41:26] get_odds_detail_via_playwright: Phase 1 (H5 API) starting for match=4459813, cid=17, type=1
Direct H5 API Fetcher: Fetching odds detail for match 4459813, cid 17, type 1 ...
[2026-07-15 20:41:27] get_odds_detail_via_api: Empty or missing data in res_json. Code=100007
[2026-07-15 20:41:27] H5 API approach returned error: API business error code 100007: {'code': 100007, 'data': None, 'msg': '请求非法', 'time': '2026-07-15 20:41:27'}. Falling back to HTML Scraper...
[2026-07-15 20:41:27] get_odds_detail_via_playwright: Phase 2 (HTML Scraper) starting for match=4459813, cid=17
[2026-07-15 20:41:27] Pure HTML Scraper: Fetching trend HTML via bypass: https://odds.leisu.com/trend-4459813-17 ...
[2026-07-15 20:41:28] parse_trend_html_data: Successfully parsed and decrypted 141 trend items!
[2026-07-15 20:41:28] Successfully fetched odds details via high performance Pure HTML Scraper!
检测到抓取今日(20260715)赛事，启动【极速解密方案】...
【极速解密】成功解析出 276 场赛事数据！
检测到抓取今日(20260715)赛事，启动【极速解密方案】...
【极速解密】成功解析出 276 场赛事数据！
检测到抓取今日(20260715)赛事，启动【极速解密方案】...
【极速解密】成功解析出 276 场赛事数据！
Automatic fixture refresh completed: 463 matches for 20260715
检测到抓取今日(20260715)赛事，启动【极速解密方案】...
【极速解密】成功解析出 276 场赛事数据！
检测到抓取今日(20260715)赛事，启动【极速解密方案】...
【极速解密】成功解析出 276 场赛事数据！
检测到抓取今日(20260715)赛事，启动【极速解密方案】...
【极速解密】第一志愿静态链接失败: <urlopen error _ssl.c:975: The handshake operation timed out>，启动灾备方案：从 live 首页动态定位数据源...
【极速解密】出错: 无法加载 alifInfo 数据源 JS，安全返回空列表。
Automatic fixture refresh completed: 329 matches for 20260715
检测到抓取今日(20260715)赛事，启动【极速解密方案】...
【极速解密】成功解析出 276 场赛事数据！
Scraping analysis page (HTML): https://live.leisu.com/shujufenxi-4586133
Fetching lineup and injuries via API for match 4586133...
API Lineup: Successfully parsed 0 injuries, 0 starting and 0 substitutes for home.
117.136.0.41 - - [15/Jul/2026 21:00:13] "GET /api/match_details?id=4586133&home=萨尔茨堡红牛&away=巴萨克赛尔 HTTP/1.1" 200 -
117.136.0.41 - - [15/Jul/2026 21:00:14] "GET /api/match_odds_detail?match_id=4586133&cid=2&type=1 HTTP/1.1" 200 -
117.136.0.41 - - [15/Jul/2026 21:00:16] "GET /api/match_odds_detail?match_id=4586133&cid=3&type=1 HTTP/1.1" 200 -
117.136.0.41 - - [15/Jul/2026 21:00:29] "GET /api/match_odds_detail?match_id=4586133&cid=9&type=1 HTTP/1.1" 200 -
117.136.0.41 - - [15/Jul/2026 21:00:31] "GET /api/match_odds_detail?match_id=4586133&cid=10&type=1 HTTP/1.1" 200 -
117.136.0.41 - - [15/Jul/2026 21:00:34] "GET /api/match_odds_detail?match_id=4586133&cid=5&type=1 HTTP/1.1" 200 -
117.136.0.41 - - [15/Jul/2026 21:00:36] "GET /api/match_odds_detail?match_id=4586133&cid=11&type=1 HTTP/1.1" 200 -
117.136.0.41 - - [15/Jul/2026 21:00:38] "GET /api/match_odds_detail?match_id=4586133&cid=16&type=1 HTTP/1.1" 200 -
Attempting to decrypt shujufenxi JS data package for match 4586133 ...
decrypt_shujufenxi_data: Fetching JS data from https://live.leisu.com/shujufenxi/534757c539f1.js ...
decrypt_shujufenxi_data: Successfully decrypted ciphertext with offset 13!
Successfully decrypted shujufenxi JS data!
Scraping SWOT page: https://www.leisu.com/guide/swot-4586133
SWOT page loaded. Length: 26534
[2026-07-15 21:00:13] get_odds_detail_via_playwright: Phase 1 (H5 API) starting for match=4586133, cid=2, type=1
Direct H5 API Fetcher: Fetching odds detail for match 4586133, cid 2, type 1 ...
[2026-07-15 21:00:13] get_odds_detail_via_api: Empty or missing data in res_json. Code=100007
[2026-07-15 21:00:13] H5 API approach returned error: API business error code 100007: {'code': 100007, 'data': None, 'msg': '请求非法', 'time': '2026-07-15 21:00:13'}. Falling back to HTML Scraper...
[2026-07-15 21:00:13] get_odds_detail_via_playwright: Phase 2 (HTML Scraper) starting for match=4586133, cid=2
[2026-07-15 21:00:13] Pure HTML Scraper: Fetching trend HTML via bypass: https://odds.leisu.com/trend-4586133-2 ...
[2026-07-15 21:00:14] parse_trend_html_data: Successfully parsed and decrypted 3 trend items!
[2026-07-15 21:00:14] Successfully fetched odds details via high performance Pure HTML Scraper!
[2026-07-15 21:00:15] get_odds_detail_via_playwright: Phase 1 (H5 API) starting for match=4586133, cid=3, type=1
Direct H5 API Fetcher: Fetching odds detail for match 4586133, cid 3, type 1 ...
[2026-07-15 21:00:15] get_odds_detail_via_api: Empty or missing data in res_json. Code=100007
[2026-07-15 21:00:15] H5 API approach returned error: API business error code 100007: {'code': 100007, 'data': None, 'msg': '请求非法', 'time': '2026-07-15 21:00:15'}. Falling back to HTML Scraper...
[2026-07-15 21:00:15] get_odds_detail_via_playwright: Phase 2 (HTML Scraper) starting for match=4586133, cid=3
[2026-07-15 21:00:15] Pure HTML Scraper: Fetching trend HTML via bypass: https://odds.leisu.com/trend-4586133-3 ...
[2026-07-15 21:00:16] parse_trend_html_data: Successfully parsed and decrypted 17 trend items!
[2026-07-15 21:00:16] Successfully fetched odds details via high performance Pure HTML Scraper!
[2026-07-15 21:00:18] get_odds_detail_via_playwright: Phase 1 (H5 API) starting for match=4586133, cid=9, type=1
Direct H5 API Fetcher: Fetching odds detail for match 4586133, cid 9, type 1 ...
[2026-07-15 21:00:19] get_odds_detail_via_api: Empty or missing data in res_json. Code=100007
[2026-07-15 21:00:19] H5 API approach returned error: API business error code 100007: {'code': 100007, 'data': None, 'msg': '请求非法', 'time': '2026-07-15 21:00:19'}. Falling back to HTML Scraper...
[2026-07-15 21:00:19] get_odds_detail_via_playwright: Phase 2 (HTML Scraper) starting for match=4586133, cid=9
[2026-07-15 21:00:19] Pure HTML Scraper: Fetching trend HTML via bypass: https://odds.leisu.com/trend-4586133-9 ...
[2026-07-15 21:00:29] fetch_html_with_bypass error for https://odds.leisu.com/trend-4586133-9: <urlopen error _ssl.c:975: The handshake operation timed out> (HTTPError body: )
[2026-07-15 21:00:29] Pure HTML Scraper Error: <urlopen error _ssl.c:975: The handshake operation timed out>
[2026-07-15 21:00:29] Pure HTML Scraper returned empty or failed.
[2026-07-15 21:00:29] Playwright Subprocess Crawler Disabled for match 4586133, cid 9, type 1 to protect server resources.
[2026-07-15 21:00:30] get_odds_detail_via_playwright: Phase 1 (H5 API) starting for match=4586133, cid=10, type=1
Direct H5 API Fetcher: Fetching odds detail for match 4586133, cid 10, type 1 ...
[2026-07-15 21:00:30] get_odds_detail_via_api: Empty or missing data in res_json. Code=100007
[2026-07-15 21:00:30] H5 API approach returned error: API business error code 100007: {'code': 100007, 'data': None, 'msg': '请求非法', 'time': '2026-07-15 21:00:30'}. Falling back to HTML Scraper...
[2026-07-15 21:00:30] get_odds_detail_via_playwright: Phase 2 (HTML Scraper) starting for match=4586133, cid=10
[2026-07-15 21:00:30] Pure HTML Scraper: Fetching trend HTML via bypass: https://odds.leisu.com/trend-4586133-10 ...
[2026-07-15 21:00:31] parse_trend_html_data: Successfully parsed and decrypted 24 trend items!
[2026-07-15 21:00:31] Successfully fetched odds details via high performance Pure HTML Scraper!
[2026-07-15 21:00:31] get_odds_detail_via_playwright: Phase 1 (H5 API) starting for match=4586133, cid=5, type=1
Direct H5 API Fetcher: Fetching odds detail for match 4586133, cid 5, type 1 ...
[2026-07-15 21:00:32] get_odds_detail_via_playwright: Phase 1 (H5 API) starting for match=4586133, cid=5, type=1
Direct H5 API Fetcher: Fetching odds detail for match 4586133, cid 5, type 1 ...
[2026-07-15 21:00:33] get_odds_detail_via_api: Empty or missing data in res_json. Code=100007
[2026-07-15 21:00:33] H5 API approach returned error: API business error code 100007: {'code': 100007, 'data': None, 'msg': '请求非法', 'time': '2026-07-15 21:00:33'}. Falling back to HTML Scraper...
[2026-07-15 21:00:33] get_odds_detail_via_playwright: Phase 2 (HTML Scraper) starting for match=4586133, cid=5
[2026-07-15 21:00:33] Pure HTML Scraper: Fetching trend HTML via bypass: https://odds.leisu.com/trend-4586133-5 ...
[2026-07-15 21:00:34] Pure HTML Scraper returned empty or failed.
[2026-07-15 21:00:34] Playwright Subprocess Crawler Disabled for match 4586133, cid 5, type 1 to protect server resources.
[2026-07-15 21:00:35] get_odds_detail_via_playwright: Phase 1 (H5 API) starting for match=4586133, cid=11, type=1
Direct H5 API Fetcher: Fetching odds detail for match 4586133, cid 11, type 1 ...
[2026-07-15 21:00:36] get_odds_detail_via_api: Empty or missing data in res_json. Code=100007
[2026-07-15 21:00:36] H5 API approach returned error: API business error code 100007: {'code': 100007, 'data': None, 'msg': '请求非法', 'time': '2026-07-15 21:00:36'}. Falling back to HTML Scraper...
[2026-07-15 21:00:36] get_odds_detail_via_playwright: Phase 2 (HTML Scraper) starting for match=4586133, cid=11
[2026-07-15 21:00:36] Pure HTML Scraper: Fetching trend HTML via bypass: https://odds.leisu.com/trend-4586133-11 ...
[2026-07-15 21:00:36] parse_trend_html_data: Successfully parsed and decrypted 22 trend items!
[2026-07-15 21:00:36] Successfully fetched odds details via high performance Pure HTML Scraper!
[2026-07-15 21:00:37] get_odds_detail_via_playwright: Phase 1 (H5 API) starting for match=4586133, cid=16, type=1
Direct H5 API Fetcher: Fetching odds detail for match 4586133, cid 16, type 1 ...
[2026-07-15 21:00:37] get_odds_detail_via_api: Empty or missing data in res_json. Code=100007
[2026-07-15 21:00:37] H5 API approach returned error: API business error code 100007: {'code': 100007, 'data': None, 'msg': '请求非法', 'time': '2026-07-15 21:00:37'}. Falling back to HTML Scraper...
[2026-07-15 21:00:37] get_odds_detail_via_playwright: Phase 2 (HTML Scraper) starting for match=4586133, cid=16
[2026-07-15 21:00:37] Pure HTML Scraper: Fetching trend HTML via bypass: https://odds.leisu.com/trend-4586133-16 ...
[2026-07-15 21:00:38] parse_trend_html_data: Successfully parsed and decrypted 3 trend items!
[2026-07-15 21:00:38] Successfully fetched odds details via high performance Pure HTML Scraper!
[2026-07-15 21:00:38] get_odds_detail_via_playwright: Phase 1 (H5 API) starting for match=4586133, cid=17, type=1
Direct H5 API Fetcher: Fetching odds detail for match 4586133, cid 17, type 1 ...
Scraping analysis page (HTML): https://live.leisu.com/shujufenxi-4585388
Fetching lineup and injuries via API for match 4585388...
API Lineup: Successfully parsed 0 injuries, 11 starting and 14 substitutes for home.
Attempting to decrypt shujufenxi JS data package for match 4585388 ...
decrypt_shujufenxi_data: Fetching JS data from https://live.leisu.com/shujufenxi/e6882063bc82.js ...
decrypt_shujufenxi_data: Successfully decrypted ciphertext with offset 13!
Successfully decrypted shujufenxi JS data!
Scraping SWOT page: https://www.leisu.com/guide/swot-4585388
117.136.0.41 - - [15/Jul/2026 21:00:42] "GET /api/match_odds_detail?match_id=4586133&cid=5&type=1 HTTP/1.1" 200 -
117.136.0.41 - - [15/Jul/2026 21:00:43] "GET /api/match_details?id=4585388&home=萨尔茨堡红牛&away=大阪钢巴 HTTP/1.1" 200 -
117.136.0.41 - - [15/Jul/2026 21:00:44] "GET /api/match_odds_detail?match_id=4585388&cid=2&type=1 HTTP/1.1" 200 -
117.136.0.41 - - [15/Jul/2026 21:00:46] "GET /api/match_odds_detail?match_id=4585388&cid=3&type=1 HTTP/1.1" 200 -
117.136.0.41 - - [15/Jul/2026 21:00:47] "GET /api/refresh?date=20260716 HTTP/1.1" 200 -
117.136.0.41 - - [15/Jul/2026 21:00:48] "GET /api/match_odds_detail?match_id=4585388&cid=9&type=1 HTTP/1.1" 200 -
117.136.0.41 - - [15/Jul/2026 21:00:50] "GET /api/match_odds_detail?match_id=4585388&cid=10&type=1 HTTP/1.1" 200 -
117.136.0.41 - - [15/Jul/2026 21:00:59] "GET /api/match_odds_detail?match_id=4586133&cid=17&type=1 HTTP/1.1" 200 -
117.136.0.41 - - [15/Jul/2026 21:01:00] "GET /api/refresh?date=20260715 HTTP/1.1" 200 -
117.136.0.41 - - [15/Jul/2026 21:01:01] "GET /api/match_odds_detail?match_id=4585388&cid=5&type=1 HTTP/1.1" 200 -
117.136.0.41 - - [15/Jul/2026 21:01:03] "GET /api/match_odds_detail?match_id=4585388&cid=11&type=1 HTTP/1.1" 200 -
[2026-07-15 21:00:42] fetch_html_with_bypass error for https://api-gateway.leisu.com/v1/web/match/common/odds_detail?id=4586133&cid=5&type=1: <urlopen error _ssl.c:975: The handshake operation timed out> (HTTPError body: )
[2026-07-15 21:00:42] Failed to fetch odds detail from API directly: <urlopen error _ssl.c:975: The handshake operation timed out>
[2026-07-15 21:00:42] H5 API approach returned error: Fetch failed: <urlopen error _ssl.c:975: The handshake operation timed out>. Falling back to HTML Scraper...
[2026-07-15 21:00:42] get_odds_detail_via_playwright: Phase 2 (HTML Scraper) starting for match=4586133, cid=5
[2026-07-15 21:00:42] Pure HTML Scraper: Fetching trend HTML via bypass: https://odds.leisu.com/trend-4586133-5 ...
SWOT page loaded. Length: 26528
[2026-07-15 21:00:42] Pure HTML Scraper returned empty or failed.
[2026-07-15 21:00:42] Playwright Subprocess Crawler Disabled for match 4586133, cid 5, type 1 to protect server resources.
[2026-07-15 21:00:43] get_odds_detail_via_playwright: Phase 1 (H5 API) starting for match=4585388, cid=2, type=1
Direct H5 API Fetcher: Fetching odds detail for match 4585388, cid 2, type 1 ...
[2026-07-15 21:00:44] get_odds_detail_via_api: Empty or missing data in res_json. Code=100007
[2026-07-15 21:00:44] H5 API approach returned error: API business error code 100007: {'code': 100007, 'data': None, 'msg': '请求非法', 'time': '2026-07-15 21:00:44'}. Falling back to HTML Scraper...
[2026-07-15 21:00:44] get_odds_detail_via_playwright: Phase 2 (HTML Scraper) starting for match=4585388, cid=2
[2026-07-15 21:00:44] Pure HTML Scraper: Fetching trend HTML via bypass: https://odds.leisu.com/trend-4585388-2 ...
[2026-07-15 21:00:44] parse_trend_html_data: Successfully parsed and decrypted 7 trend items!
[2026-07-15 21:00:44] Successfully fetched odds details via high performance Pure HTML Scraper!
[2026-07-15 21:00:45] get_odds_detail_via_playwright: Phase 1 (H5 API) starting for match=4585388, cid=3, type=1
Direct H5 API Fetcher: Fetching odds detail for match 4585388, cid 3, type 1 ...
[2026-07-15 21:00:45] get_odds_detail_via_api: Empty or missing data in res_json. Code=100007
[2026-07-15 21:00:45] H5 API approach returned error: API business error code 100007: {'code': 100007, 'data': None, 'msg': '请求非法', 'time': '2026-07-15 21:00:45'}. Falling back to HTML Scraper...
[2026-07-15 21:00:45] get_odds_detail_via_playwright: Phase 2 (HTML Scraper) starting for match=4585388, cid=3
[2026-07-15 21:00:45] Pure HTML Scraper: Fetching trend HTML via bypass: https://odds.leisu.com/trend-4585388-3 ...
[2026-07-15 21:00:46] parse_trend_html_data: Successfully parsed and decrypted 20 trend items!
[2026-07-15 21:00:46] Successfully fetched odds details via high performance Pure HTML Scraper!
[2026-07-15 21:00:46] get_odds_detail_via_playwright: Phase 1 (H5 API) starting for match=4585388, cid=9, type=1
Direct H5 API Fetcher: Fetching odds detail for match 4585388, cid 9, type 1 ...
fetch_matches_for_tier global error for date 20260716, n 4: <urlopen error _ssl.c:975: The handshake operation timed out>
[2026-07-15 21:00:47] get_odds_detail_via_api: Empty or missing data in res_json. Code=100007
[2026-07-15 21:00:47] H5 API approach returned error: API business error code 100007: {'code': 100007, 'data': None, 'msg': '请求非法', 'time': '2026-07-15 21:00:47'}. Falling back to HTML Scraper...
[2026-07-15 21:00:47] get_odds_detail_via_playwright: Phase 2 (HTML Scraper) starting for match=4585388, cid=9
[2026-07-15 21:00:47] Pure HTML Scraper: Fetching trend HTML via bypass: https://odds.leisu.com/trend-4585388-9 ...
[2026-07-15 21:00:48] Pure HTML Scraper returned empty or failed.
[2026-07-15 21:00:48] Playwright Subprocess Crawler Disabled for match 4585388, cid 9, type 1 to protect server resources.
[2026-07-15 21:00:48] get_odds_detail_via_playwright: Phase 1 (H5 API) starting for match=4585388, cid=10, type=1
Direct H5 API Fetcher: Fetching odds detail for match 4585388, cid 10, type 1 ...
[2026-07-15 21:00:49] get_odds_detail_via_api: Empty or missing data in res_json. Code=100007
[2026-07-15 21:00:49] H5 API approach returned error: API business error code 100007: {'code': 100007, 'data': None, 'msg': '请求非法', 'time': '2026-07-15 21:00:49'}. Falling back to HTML Scraper...
[2026-07-15 21:00:49] get_odds_detail_via_playwright: Phase 2 (HTML Scraper) starting for match=4585388, cid=10
[2026-07-15 21:00:49] Pure HTML Scraper: Fetching trend HTML via bypass: https://odds.leisu.com/trend-4585388-10 ...
[2026-07-15 21:00:49] Failed to fetch odds detail from API directly: Expecting value: line 1 column 1 (char 0)
[2026-07-15 21:00:49] H5 API approach returned error: Fetch failed: Expecting value: line 1 column 1 (char 0). Falling back to HTML Scraper...
[2026-07-15 21:00:49] get_odds_detail_via_playwright: Phase 2 (HTML Scraper) starting for match=4586133, cid=17
[2026-07-15 21:00:49] Pure HTML Scraper: Fetching trend HTML via bypass: https://odds.leisu.com/trend-4586133-17 ...
[2026-07-15 21:00:50] parse_trend_html_data: Successfully parsed and decrypted 8 trend items!
[2026-07-15 21:00:50] Successfully fetched odds details via high performance Pure HTML Scraper!
[2026-07-15 21:00:50] get_odds_detail_via_playwright: Phase 1 (H5 API) starting for match=4585388, cid=5, type=1
Direct H5 API Fetcher: Fetching odds detail for match 4585388, cid 5, type 1 ...
[2026-07-15 21:00:59] fetch_html_with_bypass error for https://odds.leisu.com/trend-4586133-17: <urlopen error _ssl.c:975: The handshake operation timed out> (HTTPError body: )
[2026-07-15 21:00:59] Pure HTML Scraper Error: <urlopen error _ssl.c:975: The handshake operation timed out>
[2026-07-15 21:00:59] Pure HTML Scraper returned empty or failed.
[2026-07-15 21:00:59] Playwright Subprocess Crawler Disabled for match 4586133, cid 17, type 1 to protect server resources.
检测到抓取今日(20260715)赛事，启动【极速解密方案】...
【极速解密】成功解析出 277 场赛事数据！
[2026-07-15 21:01:01] Failed to fetch odds detail from API directly: Expecting value: line 1 column 1 (char 0)
[2026-07-15 21:01:01] H5 API approach returned error: Fetch failed: Expecting value: line 1 column 1 (char 0). Falling back to HTML Scraper...
[2026-07-15 21:01:01] get_odds_detail_via_playwright: Phase 2 (HTML Scraper) starting for match=4585388, cid=5
[2026-07-15 21:01:01] Pure HTML Scraper: Fetching trend HTML via bypass: https://odds.leisu.com/trend-4585388-5 ...
[2026-07-15 21:01:01] Pure HTML Scraper returned empty or failed.
[2026-07-15 21:01:01] Playwright Subprocess Crawler Disabled for match 4585388, cid 5, type 1 to protect server resources.
[2026-07-15 21:01:02] get_odds_detail_via_playwright: Phase 1 (H5 API) starting for match=4585388, cid=11, type=1
Direct H5 API Fetcher: Fetching odds detail for match 4585388, cid 11, type 1 ...
[2026-07-15 21:01:02] get_odds_detail_via_api: Empty or missing data in res_json. Code=100007
[2026-07-15 21:01:02] H5 API approach returned error: API business error code 100007: {'code': 100007, 'data': None, 'msg': '请求非法', 'time': '2026-07-15 21:01:02'}. Falling back to HTML Scraper...
[2026-07-15 21:01:02] get_odds_detail_via_playwright: Phase 2 (HTML Scraper) starting for match=4585388, cid=11
[2026-07-15 21:01:02] Pure HTML Scraper: Fetching trend HTML via bypass: https://odds.leisu.com/trend-4585388-11 ...
[2026-07-15 21:01:03] parse_trend_html_data: Successfully parsed and decrypted 6 trend items!
[2026-07-15 21:01:03] Successfully fetched odds details via high performance Pure HTML Scraper!
[2026-07-15 21:01:03] get_odds_detail_via_playwright: Phase 1 (H5 API) starting for match=4585388, cid=13, type=1
Direct H5 API Fetcher: Fetching odds detail for match 4585388, cid 13, type 1 ...
[2026-07-15 21:01:04] get_odds_detail_via_api: Empty or missing data in res_json. Code=100007
[2026-07-15 21:01:04] H5 API approach returned error: API business error code 100007: {'code': 100007, 'data': None, 'msg': '请求非法', 'time': '2026-07-15 21:01:04'}. Falling back to HTML Scraper...
117.136.0.41 - - [15/Jul/2026 21:01:04] "GET /api/match_odds_detail?match_id=4585388&cid=13&type=1 HTTP/1.1" 200 -
117.136.0.41 - - [15/Jul/2026 21:01:05] "GET /api/match_details?id=4585388&home=萨尔茨堡红牛&away=大阪钢巴 HTTP/1.1" 200 -
117.136.0.41 - - [15/Jul/2026 21:01:06] "GET /api/match_odds_detail?match_id=4585388&cid=17&type=1 HTTP/1.1" 200 -
117.136.0.41 - - [15/Jul/2026 21:01:06] "GET /api/match_odds_detail?match_id=4585388&cid=2&type=1 HTTP/1.1" 200 -
117.136.0.41 - - [15/Jul/2026 21:01:06] "GET /api/match_odds_detail?match_id=4585388&cid=3&type=1 HTTP/1.1" 200 -
117.136.0.41 - - [15/Jul/2026 21:01:07] "GET /api/match_odds_detail?match_id=4585388&cid=10&type=1 HTTP/1.1" 200 -
117.136.0.41 - - [15/Jul/2026 21:01:08] "GET /api/match_odds_detail?match_id=4585388&cid=5&type=1 HTTP/1.1" 200 -
117.136.0.41 - - [15/Jul/2026 21:01:09] "GET /api/match_odds_detail?match_id=4585388&cid=11&type=1 HTTP/1.1" 200 -
117.136.0.41 - - [15/Jul/2026 21:01:17] "GET /api/match_odds_detail?match_id=4585388&cid=9&type=1 HTTP/1.1" 200 -
117.136.0.41 - - [15/Jul/2026 21:01:18] "GET /api/match_odds_detail?match_id=4585388&cid=17&type=1 HTTP/1.1" 200 -
117.136.0.41 - - [15/Jul/2026 21:01:20] "GET /api/match_odds_detail?match_id=4585388&cid=13&type=1 HTTP/1.1" 200 -
117.136.0.41 - - [15/Jul/2026 21:01:24] "POST /api/match_ai_analysis HTTP/1.1" 200 -
117.136.0.41 - - [15/Jul/2026 21:01:25] "POST /api/match_ai_analysis HTTP/1.1" 200 -
117.136.0.41 - - [15/Jul/2026 21:01:27] "GET /api/ai_analysis_status?match_id=4585388 HTTP/1.1" 200 -
117.136.0.41 - - [15/Jul/2026 21:01:28] "GET /api/ai_analysis_status?match_id=4585388 HTTP/1.1" 200 -
117.136.0.41 - - [15/Jul/2026 21:01:30] "GET /api/ai_analysis_status?match_id=4585388 HTTP/1.1" 200 -
117.136.0.41 - - [15/Jul/2026 21:01:31] "GET /api/ai_analysis_status?match_id=4585388 HTTP/1.1" 200 -
117.136.0.41 - - [15/Jul/2026 21:01:33] "GET /api/ai_analysis_status?match_id=4585388 HTTP/1.1" 200 -
117.136.0.41 - - [15/Jul/2026 21:01:34] "GET /api/ai_analysis_status?match_id=4585388 HTTP/1.1" 200 -
117.136.0.41 - - [15/Jul/2026 21:01:36] "GET /api/ai_analysis_status?match_id=4585388 HTTP/1.1" 200 -
117.136.0.41 - - [15/Jul/2026 21:01:37] "GET /api/ai_analysis_status?match_id=4585388 HTTP/1.1" 200 -
117.136.0.41 - - [15/Jul/2026 21:01:39] "GET /api/ai_analysis_status?match_id=4585388 HTTP/1.1" 200 -
117.136.0.41 - - [15/Jul/2026 21:01:40] "GET /api/ai_analysis_status?match_id=4585388 HTTP/1.1" 200 -
117.136.0.41 - - [15/Jul/2026 21:01:42] "GET /api/ai_analysis_status?match_id=4585388 HTTP/1.1" 200 -
117.136.0.41 - - [15/Jul/2026 21:01:43] "GET /api/ai_analysis_status?match_id=4585388 HTTP/1.1" 200 -
117.136.0.41 - - [15/Jul/2026 21:01:45] "GET /api/ai_analysis_status?match_id=4585388 HTTP/1.1" 200 -
117.136.0.41 - - [15/Jul/2026 21:01:46] "GET /api/ai_analysis_status?match_id=4585388 HTTP/1.1" 200 -
117.136.0.41 - - [15/Jul/2026 21:01:48] "GET /api/ai_analysis_status?match_id=4585388 HTTP/1.1" 200 -
117.136.0.41 - - [15/Jul/2026 21:01:50] "GET /api/ai_analysis_status?match_id=4585388 HTTP/1.1" 200 -
54.238.175.2 - - [15/Jul/2026 21:02:59] "GET /api/refresh?date=20260715 HTTP/1.1" 200 -
117.136.0.41 - - [15/Jul/2026 21:03:53] "GET /api/ai_analysis_status?match_id=4585388 HTTP/1.1" 200 -
117.136.0.41 - - [15/Jul/2026 21:03:56] "POST /api/match_ai_analysis HTTP/1.1" 200 -
117.136.0.41 - - [15/Jul/2026 21:03:57] "GET /api/ai_analysis_status?match_id=4585388 HTTP/1.1" 200 -
117.136.0.41 - - [15/Jul/2026 21:03:59] "GET /api/ai_analysis_status?match_id=4585388 HTTP/1.1" 200 -
117.136.0.41 - - [15/Jul/2026 21:04:00] "GET /api/ai_analysis_status?match_id=4585388 HTTP/1.1" 200 -
117.136.0.41 - - [15/Jul/2026 21:04:02] "GET /api/ai_analysis_status?match_id=4585388 HTTP/1.1" 200 -
117.136.0.41 - - [15/Jul/2026 21:04:03] "GET /api/ai_analysis_status?match_id=4585388 HTTP/1.1" 200 -
117.136.0.41 - - [15/Jul/2026 21:04:05] "GET /api/ai_analysis_status?match_id=4585388 HTTP/1.1" 200 -
117.136.0.41 - - [15/Jul/2026 21:04:06] "GET /api/ai_analysis_status?match_id=4585388 HTTP/1.1" 200 -
117.136.0.41 - - [15/Jul/2026 21:04:08] "GET /api/ai_analysis_status?match_id=4585388 HTTP/1.1" 200 -
117.136.0.41 - - [15/Jul/2026 21:04:09] "GET /api/ai_analysis_status?match_id=4585388 HTTP/1.1" 200 -
117.136.0.41 - - [15/Jul/2026 21:04:11] "GET /api/ai_analysis_status?match_id=4585388 HTTP/1.1" 200 -
117.136.0.41 - - [15/Jul/2026 21:04:12] "GET /api/ai_analysis_status?match_id=4585388 HTTP/1.1" 200 -
117.136.0.41 - - [15/Jul/2026 21:04:14] "GET /api/ai_analysis_status?match_id=4585388 HTTP/1.1" 200 -
117.136.0.41 - - [15/Jul/2026 21:04:15] "GET /api/ai_analysis_status?match_id=4585388 HTTP/1.1" 200 -
117.136.0.41 - - [15/Jul/2026 21:04:17] "GET /api/ai_analysis_status?match_id=4585388 HTTP/1.1" 200 -
117.136.0.41 - - [15/Jul/2026 21:04:18] "GET /api/ai_analysis_status?match_id=4585388 HTTP/1.1" 200 -
117.136.0.41 - - [15/Jul/2026 21:04:20] "GET /api/ai_analysis_status?match_id=4585388 HTTP/1.1" 200 -
117.136.0.41 - - [15/Jul/2026 21:04:22] "GET /api/ai_analysis_status?match_id=4585388 HTTP/1.1" 200 -
117.136.0.41 - - [15/Jul/2026 21:04:24] "GET /api/ai_analysis_status?match_id=4585388 HTTP/1.1" 200 -
54.238.175.2 - - [15/Jul/2026 21:06:17] "GET /api/refresh?date=20260715 HTTP/1.1" 200 -
54.238.175.2 - - [15/Jul/2026 21:12:59] "GET /api/refresh?date=20260715 HTTP/1.1" 200 -
54.238.175.2 - - [15/Jul/2026 21:16:17] "GET /api/refresh?date=20260715 HTTP/1.1" 200 -
117.136.0.41 - - [15/Jul/2026 21:17:30] "GET /api/ai_analysis_status?match_id=4585388 HTTP/1.1" 200 -
117.136.0.41 - - [15/Jul/2026 21:17:31] "GET /api/refresh?date=20260715 HTTP/1.1" 200 -
117.136.0.41 - - [15/Jul/2026 21:17:32] "POST /api/match_ai_analysis HTTP/1.1" 200 -
117.136.0.41 - - [15/Jul/2026 21:17:34] "GET /api/ai_analysis_status?match_id=4585388 HTTP/1.1" 200 -
117.136.0.41 - - [15/Jul/2026 21:17:35] "GET /api/ai_analysis_status?match_id=4585388 HTTP/1.1" 200 -
117.136.0.41 - - [15/Jul/2026 21:17:37] "GET /api/ai_analysis_status?match_id=4585388 HTTP/1.1" 200 -
117.136.0.41 - - [15/Jul/2026 21:17:38] "GET /api/ai_analysis_status?match_id=4585388 HTTP/1.1" 200 -
117.136.0.41 - - [15/Jul/2026 21:17:40] "GET /api/ai_analysis_status?match_id=4585388 HTTP/1.1" 200 -
117.136.0.41 - - [15/Jul/2026 21:17:41] "GET /api/ai_analysis_status?match_id=4585388 HTTP/1.1" 200 -
117.136.0.41 - - [15/Jul/2026 21:17:43] "GET /api/ai_analysis_status?match_id=4585388 HTTP/1.1" 200 -
117.136.0.41 - - [15/Jul/2026 21:17:44] "GET /api/ai_analysis_status?match_id=4585388 HTTP/1.1" 200 -
117.136.0.41 - - [15/Jul/2026 21:17:46] "GET /api/ai_analysis_status?match_id=4585388 HTTP/1.1" 200 -
117.136.0.41 - - [15/Jul/2026 21:17:47] "GET /api/ai_analysis_status?match_id=4585388 HTTP/1.1" 200 -
117.136.0.41 - - [15/Jul/2026 21:17:49] "GET /api/ai_analysis_status?match_id=4585388 HTTP/1.1" 200 -
117.136.0.41 - - [15/Jul/2026 21:17:50] "GET /api/ai_analysis_status?match_id=4585388 HTTP/1.1" 200 -
117.136.0.41 - - [15/Jul/2026 21:17:52] "GET /api/ai_analysis_status?match_id=4585388 HTTP/1.1" 200 -
117.136.0.41 - - [15/Jul/2026 21:17:54] "GET /api/ai_analysis_status?match_id=4585388 HTTP/1.1" 200 -
117.136.0.41 - - [15/Jul/2026 21:17:55] "GET /api/ai_analysis_status?match_id=4585388 HTTP/1.1" 200 -
117.136.0.41 - - [15/Jul/2026 21:17:57] "GET /api/ai_analysis_status?match_id=4585388 HTTP/1.1" 200 -
117.136.0.41 - - [15/Jul/2026 21:17:58] "GET /api/ai_analysis_status?match_id=4585388 HTTP/1.1" 200 -
117.136.0.41 - - [15/Jul/2026 21:18:00] "GET /api/ai_analysis_status?match_id=4585388 HTTP/1.1" 200 -
117.136.0.41 - - [15/Jul/2026 21:18:01] "GET /api/ai_analysis_status?match_id=4585388 HTTP/1.1" 200 -
117.136.0.41 - - [15/Jul/2026 21:18:03] "GET /api/ai_analysis_status?match_id=4585388 HTTP/1.1" 200 -
117.136.0.41 - - [15/Jul/2026 21:18:04] "GET /api/ai_analysis_status?match_id=4585388 HTTP/1.1" 200 -
117.136.0.41 - - [15/Jul/2026 21:18:06] "GET /api/ai_analysis_status?match_id=4585388 HTTP/1.1" 200 -
117.136.0.41 - - [15/Jul/2026 21:18:07] "GET /api/ai_analysis_status?match_id=4585388 HTTP/1.1" 200 -
117.136.0.41 - - [15/Jul/2026 21:18:10] "GET /api/ai_analysis_status?match_id=4585388 HTTP/1.1" 200 -
117.136.0.41 - - [15/Jul/2026 21:18:27] "GET /api/ai_analysis_status?match_id=4585388 HTTP/1.1" 200 -
117.136.0.41 - - [15/Jul/2026 21:18:29] "GET /api/ai_analysis_status?match_id=4585388 HTTP/1.1" 200 -
117.136.0.41 - - [15/Jul/2026 21:18:30] "GET /api/ai_analysis_status?match_id=4585388 HTTP/1.1" 200 -
117.136.0.41 - - [15/Jul/2026 21:18:32] "GET /api/ai_analysis_status?match_id=4585388 HTTP/1.1" 200 -
117.136.0.41 - - [15/Jul/2026 21:18:33] "GET /api/ai_analysis_status?match_id=4585388 HTTP/1.1" 200 -
117.136.0.41 - - [15/Jul/2026 21:18:35] "GET /api/ai_analysis_status?match_id=4585388 HTTP/1.1" 200 -
117.136.0.41 - - [15/Jul/2026 21:18:36] "GET /api/ai_analysis_status?match_id=4585388 HTTP/1.1" 200 -
117.136.0.41 - - [15/Jul/2026 21:18:38] "GET /api/ai_analysis_status?match_id=4585388 HTTP/1.1" 200 -
117.136.0.41 - - [15/Jul/2026 21:18:39] "GET /api/ai_analysis_status?match_id=4585388 HTTP/1.1" 200 -
117.136.0.41 - - [15/Jul/2026 21:18:41] "GET /api/ai_analysis_status?match_id=4585388 HTTP/1.1" 200 -
117.136.0.41 - - [15/Jul/2026 21:18:42] "GET /api/ai_analysis_status?match_id=4585388 HTTP/1.1" 200 -
117.136.0.41 - - [15/Jul/2026 21:18:44] "GET /api/ai_analysis_status?match_id=4585388 HTTP/1.1" 200 -
117.136.0.41 - - [15/Jul/2026 21:18:45] "GET /api/ai_analysis_status?match_id=4585388 HTTP/1.1" 200 -
117.136.0.41 - - [15/Jul/2026 21:18:47] "GET /api/ai_analysis_status?match_id=4585388 HTTP/1.1" 200 -
117.136.0.41 - - [15/Jul/2026 21:18:48] "GET /api/ai_analysis_status?match_id=4585388 HTTP/1.1" 200 -
117.136.0.41 - - [15/Jul/2026 21:18:50] "GET /api/ai_analysis_status?match_id=4585388 HTTP/1.1" 200 -
117.136.0.41 - - [15/Jul/2026 21:18:53] "GET /api/ai_analysis_status?match_id=4585388 HTTP/1.1" 200 -
117.136.0.41 - - [15/Jul/2026 21:18:53] "GET /api/ai_analysis_status?match_id=4585388 HTTP/1.1" 200 -
117.136.0.41 - - [15/Jul/2026 21:18:55] "GET /api/ai_analysis_status?match_id=4585388 HTTP/1.1" 200 -
117.136.0.41 - - [15/Jul/2026 21:18:56] "GET /api/ai_analysis_status?match_id=4585388 HTTP/1.1" 200 -
117.136.0.41 - - [15/Jul/2026 21:18:58] "GET /api/ai_analysis_status?match_id=4585388 HTTP/1.1" 200 -
117.136.0.41 - - [15/Jul/2026 21:18:59] "GET /api/ai_analysis_status?match_id=4585388 HTTP/1.1" 200 -
117.136.0.41 - - [15/Jul/2026 21:19:01] "GET /api/ai_analysis_status?match_id=4585388 HTTP/1.1" 200 -
117.136.0.41 - - [15/Jul/2026 21:19:03] "GET /api/ai_analysis_status?match_id=4585388 HTTP/1.1" 200 -
117.136.0.41 - - [15/Jul/2026 21:20:05] "GET /api/ai_analysis_status?match_id=4585388 HTTP/1.1" 200 -
117.136.0.41 - - [15/Jul/2026 21:20:06] "GET /api/ai_analysis_status?match_id=4585388 HTTP/1.1" 200 -
117.136.0.41 - - [15/Jul/2026 21:20:08] "GET /api/ai_analysis_status?match_id=4585388 HTTP/1.1" 200 -
117.136.0.41 - - [15/Jul/2026 21:20:09] "GET /api/ai_analysis_status?match_id=4585388 HTTP/1.1" 200 -
117.136.0.41 - - [15/Jul/2026 21:20:11] "GET /api/ai_analysis_status?match_id=4585388 HTTP/1.1" 200 -
117.136.0.41 - - [15/Jul/2026 21:20:12] "GET /api/ai_analysis_status?match_id=4585388 HTTP/1.1" 200 -
117.136.0.41 - - [15/Jul/2026 21:20:14] "GET /api/ai_analysis_status?match_id=4585388 HTTP/1.1" 200 -
117.136.0.41 - - [15/Jul/2026 21:20:15] "GET /api/ai_analysis_status?match_id=4585388 HTTP/1.1" 200 -
117.136.0.41 - - [15/Jul/2026 21:20:17] "GET /api/ai_analysis_status?match_id=4585388 HTTP/1.1" 200 -
117.136.0.41 - - [15/Jul/2026 21:20:18] "GET /api/ai_analysis_status?match_id=4585388 HTTP/1.1" 200 -
117.136.0.41 - - [15/Jul/2026 21:20:20] "GET /api/ai_analysis_status?match_id=4585388 HTTP/1.1" 200 -
117.136.0.41 - - [15/Jul/2026 21:20:21] "GET /api/ai_analysis_status?match_id=4585388 HTTP/1.1" 200 -
117.136.0.41 - - [15/Jul/2026 21:20:23] "GET /api/ai_analysis_status?match_id=4585388 HTTP/1.1" 200 -
117.136.0.41 - - [15/Jul/2026 21:20:24] "GET /api/ai_analysis_status?match_id=4585388 HTTP/1.1" 200 -
117.136.0.41 - - [15/Jul/2026 21:20:26] "GET /api/ai_analysis_status?match_id=4585388 HTTP/1.1" 200 -
117.136.0.41 - - [15/Jul/2026 21:20:28] "GET /api/ai_analysis_status?match_id=4585388 HTTP/1.1" 200 -
117.136.0.41 - - [15/Jul/2026 21:20:29] "GET /api/ai_analysis_status?match_id=4585388 HTTP/1.1" 200 -
117.136.0.41 - - [15/Jul/2026 21:20:31] "GET /api/ai_analysis_status?match_id=4585388 HTTP/1.1" 200 -
117.136.0.41 - - [15/Jul/2026 21:20:33] "GET /api/ai_analysis_status?match_id=4585388 HTTP/1.1" 200 -
117.136.0.41 - - [15/Jul/2026 21:20:34] "GET /api/ai_analysis_status?match_id=4585388 HTTP/1.1" 200 -
117.136.0.41 - - [15/Jul/2026 21:20:35] "GET /api/ai_analysis_status?match_id=4585388 HTTP/1.1" 200 -
117.136.0.41 - - [15/Jul/2026 21:20:37] "GET /api/ai_analysis_status?match_id=4585388 HTTP/1.1" 200 -
117.136.0.41 - - [15/Jul/2026 21:20:38] "GET /api/ai_analysis_status?match_id=4585388 HTTP/1.1" 200 -
117.136.0.41 - - [15/Jul/2026 21:20:40] "GET /api/ai_analysis_status?match_id=4585388 HTTP/1.1" 200 -
117.136.0.41 - - [15/Jul/2026 21:20:41] "GET /api/ai_analysis_status?match_id=4585388 HTTP/1.1" 200 -
117.136.0.41 - - [15/Jul/2026 21:20:43] "GET /api/ai_analysis_status?match_id=4585388 HTTP/1.1" 200 -
117.136.0.41 - - [15/Jul/2026 21:20:46] "GET /api/ai_analysis_status?match_id=4585388 HTTP/1.1" 200 -
117.136.0.41 - - [15/Jul/2026 21:20:46] "GET /api/ai_analysis_status?match_id=4585388 HTTP/1.1" 200 -
117.136.0.41 - - [15/Jul/2026 21:20:47] "GET /api/ai_analysis_status?match_id=4585388 HTTP/1.1" 200 -
117.136.0.41 - - [15/Jul/2026 21:20:49] "GET /api/ai_analysis_status?match_id=4585388 HTTP/1.1" 200 -
117.136.0.41 - - [15/Jul/2026 21:20:51] "GET /api/ai_analysis_status?match_id=4585388 HTTP/1.1" 200 -
117.136.0.41 - - [15/Jul/2026 21:20:52] "GET /api/ai_analysis_status?match_id=4585388 HTTP/1.1" 200 -
117.136.0.41 - - [15/Jul/2026 21:20:54] "GET /api/ai_analysis_status?match_id=4585388 HTTP/1.1" 200 -
117.136.0.41 - - [15/Jul/2026 21:20:55] "GET /api/ai_analysis_status?match_id=4585388 HTTP/1.1" 200 -
117.136.0.41 - - [15/Jul/2026 21:20:57] "GET /api/ai_analysis_status?match_id=4585388 HTTP/1.1" 200 -
117.136.0.41 - - [15/Jul/2026 21:20:58] "GET /api/ai_analysis_status?match_id=4585388 HTTP/1.1" 200 -
117.136.0.41 - - [15/Jul/2026 21:21:00] "GET /api/ai_analysis_status?match_id=4585388 HTTP/1.1" 200 -
117.136.0.41 - - [15/Jul/2026 21:21:01] "GET /api/ai_analysis_status?match_id=4585388 HTTP/1.1" 200 -
117.136.0.41 - - [15/Jul/2026 21:21:03] "GET /api/ai_analysis_status?match_id=4585388 HTTP/1.1" 200 -
117.136.0.41 - - [15/Jul/2026 21:21:04] "GET /api/ai_analysis_status?match_id=4585388 HTTP/1.1" 200 -
117.136.0.41 - - [15/Jul/2026 21:21:06] "GET /api/ai_analysis_status?match_id=4585388 HTTP/1.1" 200 -
117.136.0.41 - - [15/Jul/2026 21:21:07] "GET /api/ai_analysis_status?match_id=4585388 HTTP/1.1" 200 -
117.136.0.41 - - [15/Jul/2026 21:21:09] "GET /api/ai_analysis_status?match_id=4585388 HTTP/1.1" 200 -
117.136.0.41 - - [15/Jul/2026 21:21:10] "GET /api/ai_analysis_status?match_id=4585388 HTTP/1.1" 200 -
117.136.0.41 - - [15/Jul/2026 21:21:12] "GET /api/ai_analysis_status?match_id=4585388 HTTP/1.1" 200 -
117.136.0.41 - - [15/Jul/2026 21:21:13] "GET /api/ai_analysis_status?match_id=4585388 HTTP/1.1" 200 -
117.136.0.41 - - [15/Jul/2026 21:21:15] "GET /api/ai_analysis_status?match_id=4585388 HTTP/1.1" 200 -
117.136.0.41 - - [15/Jul/2026 21:21:17] "GET /api/ai_analysis_status?match_id=4585388 HTTP/1.1" 200 -
117.136.0.41 - - [15/Jul/2026 21:21:18] "GET /api/ai_analysis_status?match_id=4585388 HTTP/1.1" 200 -
117.136.0.41 - - [15/Jul/2026 21:21:20] "GET /api/ai_analysis_status?match_id=4585388 HTTP/1.1" 200 -
117.136.0.41 - - [15/Jul/2026 21:22:25] "GET /api/ai_analysis_status?match_id=4585388 HTTP/1.1" 200 -
54.238.175.2 - - [15/Jul/2026 21:23:09] "GET /api/refresh?date=20260715 HTTP/1.1" 200 -
222.101.11.80 - - [15/Jul/2026 21:25:28] "GET / HTTP/1.0" 200 -
54.238.175.2 - - [15/Jul/2026 21:26:17] "GET /api/refresh?date=20260715 HTTP/1.1" 200 -
54.238.175.2 - - [15/Jul/2026 21:33:00] "GET /api/refresh?date=20260715 HTTP/1.1" 200 -
54.238.175.2 - - [15/Jul/2026 21:36:18] "GET /api/refresh?date=20260715 HTTP/1.1" 200 -
43.160.240.216 - - [15/Jul/2026 21:37:58] "GET / HTTP/1.1" 200 -
54.238.175.2 - - [15/Jul/2026 21:42:59] "GET /api/refresh?date=20260715 HTTP/1.1" 200 -
54.238.175.2 - - [15/Jul/2026 21:46:17] "GET /api/refresh?date=20260715 HTTP/1.1" 200 -
117.136.0.41 - - [15/Jul/2026 21:48:43] "GET /api/matches?today=20260715 HTTP/1.1" 200 -
[2026-07-15 21:01:04] get_odds_detail_via_playwright: Phase 2 (HTML Scraper) starting for match=4585388, cid=13
[2026-07-15 21:01:04] Pure HTML Scraper: Fetching trend HTML via bypass: https://odds.leisu.com/trend-4585388-13 ...
[2026-07-15 21:01:04] Pure HTML Scraper returned empty or failed.
[2026-07-15 21:01:04] Playwright Subprocess Crawler Disabled for match 4585388, cid 13, type 1 to protect server resources.
[2026-07-15 21:01:05] get_odds_detail_via_playwright: Phase 1 (H5 API) starting for match=4585388, cid=17, type=1
Direct H5 API Fetcher: Fetching odds detail for match 4585388, cid 17, type 1 ...
[2026-07-15 21:01:05] get_odds_detail_via_api: Empty or missing data in res_json. Code=100007
[2026-07-15 21:01:05] H5 API approach returned error: API business error code 100007: {'code': 100007, 'data': None, 'msg': '请求非法', 'time': '2026-07-15 21:01:05'}. Falling back to HTML Scraper...
[2026-07-15 21:01:05] get_odds_detail_via_playwright: Phase 2 (HTML Scraper) starting for match=4585388, cid=17
[2026-07-15 21:01:05] Pure HTML Scraper: Fetching trend HTML via bypass: https://odds.leisu.com/trend-4585388-17 ...
[2026-07-15 21:01:06] parse_trend_html_data: Successfully parsed and decrypted 8 trend items!
[2026-07-15 21:01:06] Successfully fetched odds details via high performance Pure HTML Scraper!
[2026-07-15 21:01:06] get_odds_detail_via_playwright: Phase 1 (H5 API) starting for match=4585388, cid=9, type=1
Direct H5 API Fetcher: Fetching odds detail for match 4585388, cid 9, type 1 ...
[2026-07-15 21:01:07] get_odds_detail_via_api: Empty or missing data in res_json. Code=100007
[2026-07-15 21:01:07] H5 API approach returned error: API business error code 100007: {'code': 100007, 'data': None, 'msg': '请求非法', 'time': '2026-07-15 21:01:07'}. Falling back to HTML Scraper...
[2026-07-15 21:01:07] get_odds_detail_via_playwright: Phase 2 (HTML Scraper) starting for match=4585388, cid=9
[2026-07-15 21:01:07] Pure HTML Scraper: Fetching trend HTML via bypass: https://odds.leisu.com/trend-4585388-9 ...
[2026-07-15 21:01:07] get_odds_detail_via_playwright: Phase 1 (H5 API) starting for match=4585388, cid=5, type=1
Direct H5 API Fetcher: Fetching odds detail for match 4585388, cid 5, type 1 ...
[2026-07-15 21:01:08] get_odds_detail_via_api: Empty or missing data in res_json. Code=100007
[2026-07-15 21:01:08] H5 API approach returned error: API business error code 100007: {'code': 100007, 'data': None, 'msg': '请求非法', 'time': '2026-07-15 21:01:08'}. Falling back to HTML Scraper...
[2026-07-15 21:01:08] get_odds_detail_via_playwright: Phase 2 (HTML Scraper) starting for match=4585388, cid=5
[2026-07-15 21:01:08] Pure HTML Scraper: Fetching trend HTML via bypass: https://odds.leisu.com/trend-4585388-5 ...
[2026-07-15 21:01:08] Pure HTML Scraper returned empty or failed.
[2026-07-15 21:01:08] Playwright Subprocess Crawler Disabled for match 4585388, cid 5, type 1 to protect server resources.
[2026-07-15 21:01:09] get_odds_detail_via_playwright: Phase 1 (H5 API) starting for match=4585388, cid=13, type=1
Direct H5 API Fetcher: Fetching odds detail for match 4585388, cid 13, type 1 ...
[2026-07-15 21:01:17] Pure HTML Scraper returned empty or failed.
[2026-07-15 21:01:17] Playwright Subprocess Crawler Disabled for match 4585388, cid 9, type 1 to protect server resources.
[2026-07-15 21:01:20] fetch_html_with_bypass error for https://api-gateway.leisu.com/v1/web/match/common/odds_detail?id=4585388&cid=13&type=1: <urlopen error _ssl.c:975: The handshake operation timed out> (HTTPError body: )
[2026-07-15 21:01:20] Failed to fetch odds detail from API directly: <urlopen error _ssl.c:975: The handshake operation timed out>
[2026-07-15 21:01:20] H5 API approach returned error: Fetch failed: <urlopen error _ssl.c:975: The handshake operation timed out>. Falling back to HTML Scraper...
[2026-07-15 21:01:20] get_odds_detail_via_playwright: Phase 2 (HTML Scraper) starting for match=4585388, cid=13
[2026-07-15 21:01:20] Pure HTML Scraper: Fetching trend HTML via bypass: https://odds.leisu.com/trend-4585388-13 ...
[2026-07-15 21:01:20] Pure HTML Scraper returned empty or failed.
[2026-07-15 21:01:20] Playwright Subprocess Crawler Disabled for match 4585388, cid 13, type 1 to protect server resources.
Background AI Thread error for match 4585388: 第 2 份研判只返回了思考过程，未生成正文。请重新生成。
检测到抓取今日(20260715)赛事，启动【极速解密方案】...
【极速解密】成功解析出 277 场赛事数据！
Background AI Thread error for match 4585388: 第 2 份研判只返回了思考过程，未生成正文。请重新生成。
检测到抓取今日(20260715)赛事，启动【极速解密方案】...
【极速解密】成功解析出 277 场赛事数据！
检测到抓取今日(20260715)赛事，启动【极速解密方案】...
【极速解密】成功解析出 277 场赛事数据！
Automatic fixture refresh completed: 464 matches for 20260715
检测到抓取今日(20260715)赛事，启动【极速解密方案】...
【极速解密】成功解析出 277 场赛事数据！
检测到抓取今日(20260715)赛事，启动【极速解密方案】...
【极速解密】成功解析出 277 场赛事数据！
检测到抓取今日(20260715)赛事，启动【极速解密方案】...
【极速解密】成功解析出 280 场赛事数据！
Automatic fixture refresh completed: 467 matches for 20260715
检测到抓取今日(20260715)赛事，启动【极速解密方案】...
【极速解密】成功解析出 280 场赛事数据！
检测到抓取今日(20260715)赛事，启动【极速解密方案】...
【极速解密】第一志愿静态链接失败: <urlopen error _ssl.c:975: The handshake operation timed out>，启动灾备方案：从 live 首页动态定位数据源...
【极速解密】出错: 无法加载 alifInfo 数据源 JS，安全返回空列表。
检测到抓取今日(20260715)赛事，启动【极速解密方案】...
【极速解密】成功解析出 280 场赛事数据！
检测到抓取今日(20260715)赛事，启动【极速解密方案】...
【极速解密】第一志愿静态链接失败: <urlopen error _ssl.c:975: The handshake operation timed out>，启动灾备方案：从 live 首页动态定位数据源...
【极速解密】出错: 无法加载 alifInfo 数据源 JS，安全返回空列表。
Automatic fixture refresh completed: 331 matches for 20260715
检测到抓取今日(20260715)赛事，启动【极速解密方案】...
【极速解密】成功解析出 280 场赛事数据！
检测到抓取今日(20260715)赛事，启动【极速解密方案】...
【极速解密】成功解析出 280 场赛事数据！
检测到抓取今日(20260715)赛事，启动【极速解密方案】...
【极速解密】成功解析出 282 场赛事数据！
Automatic fixture refresh completed: 469 matches for 20260715
检测到抓取今日(20260715)赛事，启动【极速解密方案】...
【极速解密】成功解析出 282 场赛事数据！
检测到抓取今日(20260715)赛事，启动【极速解密方案】...
【极速解密】成功解析出 282 场赛事数据！
检测到抓取今日(20260715)赛事，启动【极速解密方案】...
【极速解密】成功解析出 284 场赛事数据！
Automatic fixture refresh completed: 471 matches for 20260715
Scraping analysis page (HTML): https://live.leisu.com/shujufenxi-4556583
[2026-07-15 21:51:36] solve_waf_via_node: Starting node solver for https://live.leisu.com/shujufenxi-4556583 (NODE_PATH=/usr/local/bin/node)
[2026-07-15 21:51:36] solve_waf_via_node: Successfully solved WAF! Cookie prefix: 1234cf0d46-c55b...
[2026-07-15 21:51:36] fetch_html_with_bypass: Retrying request to https://live.leisu.com/shujufenxi-4556583 with new acw_sc__v2 WAF cookie...
[2026-07-15 21:51:37] fetch_html_with_bypass: Retry successful! HTML length: 48612
Fetching lineup and injuries via API for match 4556583...
API Lineup: Successfully parsed 0 injuries, 11 starting and 11 substitutes for home.
Attempting to decrypt shujufenxi JS data package for match 4556583 ...
117.136.0.41 - - [15/Jul/2026 21:51:40] "GET /api/match_details?id=4556583&home=马利舍瓦&away=维拉斯尼亚 HTTP/1.1" 200 -
117.136.0.41 - - [15/Jul/2026 21:51:40] "GET /api/ai_config HTTP/1.1" 200 -
117.136.0.41 - - [15/Jul/2026 21:51:43] "GET /api/match_odds_detail?match_id=4556583&cid=2&type=1 HTTP/1.1" 200 -
117.136.0.41 - - [15/Jul/2026 21:51:44] "GET /api/match_odds_detail?match_id=4556583&cid=3&type=1 HTTP/1.1" 200 -
117.136.0.41 - - [15/Jul/2026 21:52:01] "GET /api/match_odds_detail?match_id=4556583&cid=9&type=1 HTTP/1.1" 200 -
117.136.0.41 - - [15/Jul/2026 21:52:11] "GET /api/match_odds_detail?match_id=4556583&cid=10&type=1 HTTP/1.1" 200 -
117.136.0.41 - - [15/Jul/2026 21:52:17] "GET /api/match_odds_detail?match_id=4556583&cid=7&type=1 HTTP/1.1" 200 -
117.136.0.41 - - [15/Jul/2026 21:52:18] "GET /api/match_odds_detail?match_id=4556583&cid=5&type=1 HTTP/1.1" 200 -
117.136.0.41 - - [15/Jul/2026 21:52:21] "GET /api/match_odds_detail?match_id=4556583&cid=11&type=1 HTTP/1.1" 200 -
decrypt_shujufenxi_data: Fetching JS data from https://live.leisu.com/shujufenxi/e1a1dab2b835.js ...
decrypt_shujufenxi_data: Successfully decrypted ciphertext with offset 13!
Successfully decrypted shujufenxi JS data!
Scraping SWOT page: https://www.leisu.com/guide/swot-4556583
SWOT page loaded. Length: 27192
[2026-07-15 21:51:40] get_odds_detail_via_playwright: Phase 1 (H5 API) starting for match=4556583, cid=2, type=1
Direct H5 API Fetcher: Fetching odds detail for match 4556583, cid 2, type 1 ...
[2026-07-15 21:51:41] get_odds_detail_via_api: Empty or missing data in res_json. Code=100007
[2026-07-15 21:51:41] H5 API approach returned error: API business error code 100007: {'code': 100007, 'data': None, 'msg': '请求非法', 'time': '2026-07-15 21:51:41'}. Falling back to HTML Scraper...
[2026-07-15 21:51:41] get_odds_detail_via_playwright: Phase 2 (HTML Scraper) starting for match=4556583, cid=2
[2026-07-15 21:51:41] Pure HTML Scraper: Fetching trend HTML via bypass: https://odds.leisu.com/trend-4556583-2 ...
[2026-07-15 21:51:41] solve_waf_via_node: Starting node solver for https://odds.leisu.com/trend-4556583-2 (NODE_PATH=/usr/local/bin/node)
[2026-07-15 21:51:41] solve_waf_via_node: Successfully solved WAF! Cookie prefix: 1234cf0d46-9128...
[2026-07-15 21:51:41] fetch_html_with_bypass: Retrying request to https://odds.leisu.com/trend-4556583-2 with new acw_sc__v2 WAF cookie...
[2026-07-15 21:51:42] fetch_html_with_bypass: Retry successful! HTML length: 233637
[2026-07-15 21:51:43] parse_trend_html_data: Successfully parsed and decrypted 169 trend items!
[2026-07-15 21:51:43] Successfully fetched odds details via high performance Pure HTML Scraper!
[2026-07-15 21:51:43] get_odds_detail_via_playwright: Phase 1 (H5 API) starting for match=4556583, cid=3, type=1
Direct H5 API Fetcher: Fetching odds detail for match 4556583, cid 3, type 1 ...
[2026-07-15 21:51:44] get_odds_detail_via_api: Empty or missing data in res_json. Code=100007
[2026-07-15 21:51:44] H5 API approach returned error: API business error code 100007: {'code': 100007, 'data': None, 'msg': '请求非法', 'time': '2026-07-15 21:51:44'}. Falling back to HTML Scraper...
[2026-07-15 21:51:44] get_odds_detail_via_playwright: Phase 2 (HTML Scraper) starting for match=4556583, cid=3
[2026-07-15 21:51:44] Pure HTML Scraper: Fetching trend HTML via bypass: https://odds.leisu.com/trend-4556583-3 ...
[2026-07-15 21:51:44] parse_trend_html_data: Successfully parsed and decrypted 31 trend items!
[2026-07-15 21:51:44] Successfully fetched odds details via high performance Pure HTML Scraper!
[2026-07-15 21:51:45] get_odds_detail_via_playwright: Phase 1 (H5 API) starting for match=4556583, cid=9, type=1
Direct H5 API Fetcher: Fetching odds detail for match 4556583, cid 9, type 1 ...
[2026-07-15 21:51:50] Failed to get time for H5 odds detail: <urlopen error _ssl.c:975: The handshake operation timed out>
[2026-07-15 21:52:00] fetch_html_with_bypass error for https://api-gateway.leisu.com/v1/web/match/common/odds_detail?id=4556583&cid=9&type=1: <urlopen error _ssl.c:975: The handshake operation timed out> (HTTPError body: )
[2026-07-15 21:52:00] Failed to fetch odds detail from API directly: <urlopen error _ssl.c:975: The handshake operation timed out>
[2026-07-15 21:52:00] H5 API approach returned error: Fetch failed: <urlopen error _ssl.c:975: The handshake operation timed out>. Falling back to HTML Scraper...
[2026-07-15 21:52:00] get_odds_detail_via_playwright: Phase 2 (HTML Scraper) starting for match=4556583, cid=9
[2026-07-15 21:52:00] Pure HTML Scraper: Fetching trend HTML via bypass: https://odds.leisu.com/trend-4556583-9 ...
[2026-07-15 21:52:01] Pure HTML Scraper returned empty or failed.
[2026-07-15 21:52:01] Playwright Subprocess Crawler Disabled for match 4556583, cid 9, type 1 to protect server resources.
[2026-07-15 21:52:09] get_odds_detail_via_playwright: Phase 1 (H5 API) starting for match=4556583, cid=10, type=1
Direct H5 API Fetcher: Fetching odds detail for match 4556583, cid 10, type 1 ...
[2026-07-15 21:52:10] get_odds_detail_via_api: Empty or missing data in res_json. Code=100007
[2026-07-15 21:52:10] H5 API approach returned error: API business error code 100007: {'code': 100007, 'data': None, 'msg': '请求非法', 'time': '2026-07-15 21:52:10'}. Falling back to HTML Scraper...
[2026-07-15 21:52:10] get_odds_detail_via_playwright: Phase 2 (HTML Scraper) starting for match=4556583, cid=10
[2026-07-15 21:52:10] Pure HTML Scraper: Fetching trend HTML via bypass: https://odds.leisu.com/trend-4556583-10 ...
[2026-07-15 21:52:11] parse_trend_html_data: Successfully parsed and decrypted 69 trend items!
[2026-07-15 21:52:11] Successfully fetched odds details via high performance Pure HTML Scraper!
[2026-07-15 21:52:11] get_odds_detail_via_playwright: Phase 1 (H5 API) starting for match=4556583, cid=7, type=1
Direct H5 API Fetcher: Fetching odds detail for match 4556583, cid 7, type 1 ...
[2026-07-15 21:52:16] Failed to get time for H5 odds detail: <urlopen error _ssl.c:975: The handshake operation timed out>
[2026-07-15 21:52:17] get_odds_detail_via_api: Empty or missing data in res_json. Code=100007
[2026-07-15 21:52:17] H5 API approach returned error: API business error code 100007: {'code': 100007, 'data': None, 'msg': '请求非法', 'time': '2026-07-15 21:52:17'}. Falling back to HTML Scraper...
[2026-07-15 21:52:17] get_odds_detail_via_playwright: Phase 2 (HTML Scraper) starting for match=4556583, cid=7
[2026-07-15 21:52:17] Pure HTML Scraper: Fetching trend HTML via bypass: https://odds.leisu.com/trend-4556583-7 ...
[2026-07-15 21:52:17] parse_trend_html_data: Successfully parsed and decrypted 8 trend items!
[2026-07-15 21:52:17] Successfully fetched odds details via high performance Pure HTML Scraper!
[2026-07-15 21:52:18] get_odds_detail_via_playwright: Phase 1 (H5 API) starting for match=4556583, cid=5, type=1
Direct H5 API Fetcher: Fetching odds detail for match 4556583, cid 5, type 1 ...
[2026-07-15 21:52:18] get_odds_detail_via_api: Empty or missing data in res_json. Code=100007
[2026-07-15 21:52:18] H5 API approach returned error: API business error code 100007: {'code': 100007, 'data': None, 'msg': '请求非法', 'time': '2026-07-15 21:52:18'}. Falling back to HTML Scraper...
[2026-07-15 21:52:18] get_odds_detail_via_playwright: Phase 2 (HTML Scraper) starting for match=4556583, cid=5
[2026-07-15 21:52:18] Pure HTML Scraper: Fetching trend HTML via bypass: https://odds.leisu.com/trend-4556583-5 ...
[2026-07-15 21:52:18] parse_trend_html_data: Successfully parsed and decrypted 2 trend items!
[2026-07-15 21:52:18] Successfully fetched odds details via high performance Pure HTML Scraper!
[2026-07-15 21:52:19] get_odds_detail_via_playwright: Phase 1 (H5 API) starting for match=4556583, cid=11, type=1
Direct H5 API Fetcher: Fetching odds detail for match 4556583, cid 11, type 1 ...
[2026-07-15 21:52:20] get_odds_detail_via_api: Empty or missing data in res_json. Code=100007
[2026-07-15 21:52:20] H5 API approach returned error: API business error code 100007: {'code': 100007, 'data': None, 'msg': '请求非法', 'time': '2026-07-15 21:52:20'}. Falling back to HTML Scraper...
[2026-07-15 21:52:20] get_odds_detail_via_playwright: Phase 2 (HTML Scraper) starting for match=4556583, cid=11
[2026-07-15 21:52:20] Pure HTML Scraper: Fetching trend HTML via bypass: https://odds.leisu.com/trend-4556583-11 ...
[2026-07-15 21:52:21] parse_trend_html_data: Successfully parsed and decrypted 120 trend items!
[2026-07-15 21:52:21] Successfully fetched odds details via high performance Pure HTML Scraper!
[2026-07-15 21:52:21] get_odds_detail_via_playwright: Phase 1 (H5 API) starting for match=4556583, cid=13, type=1
Direct H5 API Fetcher: Fetching odds detail for match 4556583, cid 13, type 1 ...
[2026-07-15 21:52:22] get_odds_detail_via_api: Empty or missing data in res_json. Code=100007
[2026-07-15 21:52:22] H5 API approach returned error: API business error code 100007: {'code': 100007, 'data': None, 'msg': '请求非法', 'time': '2026-07-15 21:52:22'}. Falling back to HTML Scraper...
117.136.0.41 - - [15/Jul/2026 21:52:22] "GET /api/match_odds_detail?match_id=4556583&cid=13&type=1 HTTP/1.1" 200 -
117.136.0.41 - - [15/Jul/2026 21:52:24] "GET /api/match_odds_detail?match_id=4556583&cid=14&type=1 HTTP/1.1" 200 -
117.136.0.41 - - [15/Jul/2026 21:52:26] "GET /api/match_odds_detail?match_id=4556583&cid=15&type=1 HTTP/1.1" 200 -
117.136.0.41 - - [15/Jul/2026 21:52:43] "GET /api/match_odds_detail?match_id=4556583&cid=16&type=1 HTTP/1.1" 200 -
54.238.175.2 - - [15/Jul/2026 21:52:59] "GET /api/refresh?date=20260715 HTTP/1.1" 200 -
54.238.175.2 - - [15/Jul/2026 21:56:18] "GET /api/refresh?date=20260715 HTTP/1.1" 200 -
117.136.0.41 - - [15/Jul/2026 22:02:19] "GET /api/refresh?date=20260715 HTTP/1.1" 200 -
117.136.0.41 - - [15/Jul/2026 22:02:20] "GET /api/match_odds_detail?match_id=4556583&cid=17&type=1 HTTP/1.1" 200 -
117.136.0.41 - - [15/Jul/2026 22:02:21] "POST /api/match_ai_analysis HTTP/1.1" 200 -
117.136.0.41 - - [15/Jul/2026 22:02:24] "POST /api/match_ai_analysis HTTP/1.1" 200 -
117.136.0.41 - - [15/Jul/2026 22:02:26] "GET /api/ai_analysis_status?match_id=4556583 HTTP/1.1" 200 -
117.136.0.41 - - [15/Jul/2026 22:02:27] "GET /api/ai_analysis_status?match_id=4556583 HTTP/1.1" 200 -
117.136.0.41 - - [15/Jul/2026 22:02:29] "GET /api/ai_analysis_status?match_id=4556583 HTTP/1.1" 200 -
117.136.0.41 - - [15/Jul/2026 22:02:30] "GET /api/ai_analysis_status?match_id=4556583 HTTP/1.1" 200 -
117.136.0.41 - - [15/Jul/2026 22:02:32] "GET /api/ai_analysis_status?match_id=4556583 HTTP/1.1" 200 -
117.136.0.41 - - [15/Jul/2026 22:02:33] "GET /api/ai_analysis_status?match_id=4556583 HTTP/1.1" 200 -
117.136.0.41 - - [15/Jul/2026 22:02:35] "GET /api/ai_analysis_status?match_id=4556583 HTTP/1.1" 200 -
117.136.0.41 - - [15/Jul/2026 22:02:37] "GET /api/ai_analysis_status?match_id=4556583 HTTP/1.1" 200 -
117.136.0.41 - - [15/Jul/2026 22:02:38] "GET /api/ai_analysis_status?match_id=4556583 HTTP/1.1" 200 -
117.136.0.41 - - [15/Jul/2026 22:02:40] "GET /api/ai_analysis_status?match_id=4556583 HTTP/1.1" 200 -
117.136.0.41 - - [15/Jul/2026 22:02:41] "GET /api/ai_analysis_status?match_id=4556583 HTTP/1.1" 200 -
54.238.175.2 - - [15/Jul/2026 22:02:59] "GET /api/refresh?date=20260715 HTTP/1.1" 200 -
117.136.0.41 - - [15/Jul/2026 22:04:28] "GET /api/ai_analysis_status?match_id=4556583 HTTP/1.1" 200 -
117.136.0.41 - - [15/Jul/2026 22:04:28] "GET /api/ai_analysis_status?match_id=4556583 HTTP/1.1" 200 -
117.136.0.41 - - [15/Jul/2026 22:04:29] "GET /api/ai_analysis_status?match_id=4556583 HTTP/1.1" 200 -
117.136.0.41 - - [15/Jul/2026 22:04:31] "GET /api/ai_analysis_status?match_id=4556583 HTTP/1.1" 200 -
117.136.0.41 - - [15/Jul/2026 22:04:33] "GET /api/ai_analysis_status?match_id=4556583 HTTP/1.1" 200 -
117.136.0.41 - - [15/Jul/2026 22:04:34] "GET /api/ai_analysis_status?match_id=4556583 HTTP/1.1" 200 -
117.136.0.41 - - [15/Jul/2026 22:04:35] "GET /api/ai_analysis_status?match_id=4556583 HTTP/1.1" 200 -
117.136.0.41 - - [15/Jul/2026 22:04:37] "GET /api/ai_analysis_status?match_id=4556583 HTTP/1.1" 200 -
117.136.0.41 - - [15/Jul/2026 22:04:38] "GET /api/ai_analysis_status?match_id=4556583 HTTP/1.1" 200 -
117.136.0.41 - - [15/Jul/2026 22:04:40] "GET /api/ai_analysis_status?match_id=4556583 HTTP/1.1" 200 -
117.136.0.41 - - [15/Jul/2026 22:04:42] "GET /api/ai_analysis_status?match_id=4556583 HTTP/1.1" 200 -
117.136.0.41 - - [15/Jul/2026 22:04:43] "GET /api/ai_analysis_status?match_id=4556583 HTTP/1.1" 200 -
117.136.0.41 - - [15/Jul/2026 22:04:45] "GET /api/ai_analysis_status?match_id=4556583 HTTP/1.1" 200 -
117.136.0.41 - - [15/Jul/2026 22:04:46] "GET /api/ai_analysis_status?match_id=4556583 HTTP/1.1" 200 -
117.136.0.41 - - [15/Jul/2026 22:04:48] "GET /api/ai_analysis_status?match_id=4556583 HTTP/1.1" 200 -
117.136.0.41 - - [15/Jul/2026 22:04:49] "GET /api/ai_analysis_status?match_id=4556583 HTTP/1.1" 200 -
117.136.0.41 - - [15/Jul/2026 22:04:51] "GET /api/ai_analysis_status?match_id=4556583 HTTP/1.1" 200 -
117.136.0.41 - - [15/Jul/2026 22:04:52] "GET /api/ai_analysis_status?match_id=4556583 HTTP/1.1" 200 -
117.136.0.41 - - [15/Jul/2026 22:04:54] "GET /api/ai_analysis_status?match_id=4556583 HTTP/1.1" 200 -
117.136.0.41 - - [15/Jul/2026 22:04:55] "GET /api/ai_analysis_status?match_id=4556583 HTTP/1.1" 200 -
117.136.0.41 - - [15/Jul/2026 22:04:57] "GET /api/ai_analysis_status?match_id=4556583 HTTP/1.1" 200 -
117.136.0.41 - - [15/Jul/2026 22:04:58] "GET /api/ai_analysis_status?match_id=4556583 HTTP/1.1" 200 -
117.136.0.41 - - [15/Jul/2026 22:05:00] "GET /api/ai_analysis_status?match_id=4556583 HTTP/1.1" 200 -
117.136.0.41 - - [15/Jul/2026 22:05:01] "GET /api/ai_analysis_status?match_id=4556583 HTTP/1.1" 200 -
117.136.0.41 - - [15/Jul/2026 22:05:03] "GET /api/ai_analysis_status?match_id=4556583 HTTP/1.1" 200 -
117.136.0.41 - - [15/Jul/2026 22:05:04] "GET /api/ai_analysis_status?match_id=4556583 HTTP/1.1" 200 -
117.136.0.41 - - [15/Jul/2026 22:05:06] "GET /api/ai_analysis_status?match_id=4556583 HTTP/1.1" 200 -
117.136.0.41 - - [15/Jul/2026 22:05:08] "GET /api/ai_analysis_status?match_id=4556583 HTTP/1.1" 200 -
117.136.0.41 - - [15/Jul/2026 22:05:09] "GET /api/ai_analysis_status?match_id=4556583 HTTP/1.1" 200 -
117.136.0.41 - - [15/Jul/2026 22:05:11] "GET /api/ai_analysis_status?match_id=4556583 HTTP/1.1" 200 -
117.136.0.41 - - [15/Jul/2026 22:05:12] "GET /api/ai_analysis_status?match_id=4556583 HTTP/1.1" 200 -
117.136.0.41 - - [15/Jul/2026 22:05:14] "GET /api/ai_analysis_status?match_id=4556583 HTTP/1.1" 200 -
117.136.0.41 - - [15/Jul/2026 22:05:15] "GET /api/ai_analysis_status?match_id=4556583 HTTP/1.1" 200 -
117.136.0.41 - - [15/Jul/2026 22:05:17] "GET /api/ai_analysis_status?match_id=4556583 HTTP/1.1" 200 -
117.136.0.41 - - [15/Jul/2026 22:05:18] "GET /api/ai_analysis_status?match_id=4556583 HTTP/1.1" 200 -
117.136.0.41 - - [15/Jul/2026 22:05:20] "GET /api/ai_analysis_status?match_id=4556583 HTTP/1.1" 200 -
117.136.0.41 - - [15/Jul/2026 22:05:21] "GET /api/ai_analysis_status?match_id=4556583 HTTP/1.1" 200 -
117.136.0.41 - - [15/Jul/2026 22:05:23] "GET /api/ai_analysis_status?match_id=4556583 HTTP/1.1" 200 -
117.136.0.41 - - [15/Jul/2026 22:05:24] "GET /api/ai_analysis_status?match_id=4556583 HTTP/1.1" 200 -
117.136.0.41 - - [15/Jul/2026 22:05:26] "GET /api/ai_analysis_status?match_id=4556583 HTTP/1.1" 200 -
117.136.0.41 - - [15/Jul/2026 22:05:27] "GET /api/ai_analysis_status?match_id=4556583 HTTP/1.1" 200 -
117.136.0.41 - - [15/Jul/2026 22:05:29] "GET /api/ai_analysis_status?match_id=4556583 HTTP/1.1" 200 -
117.136.0.41 - - [15/Jul/2026 22:05:31] "GET /api/ai_analysis_status?match_id=4556583 HTTP/1.1" 200 -
117.136.0.41 - - [15/Jul/2026 22:05:32] "GET /api/ai_analysis_status?match_id=4556583 HTTP/1.1" 200 -
117.136.0.41 - - [15/Jul/2026 22:05:34] "GET /api/ai_analysis_status?match_id=4556583 HTTP/1.1" 200 -
117.136.0.41 - - [15/Jul/2026 22:05:35] "GET /api/ai_analysis_status?match_id=4556583 HTTP/1.1" 200 -
117.136.0.41 - - [15/Jul/2026 22:05:37] "GET /api/ai_analysis_status?match_id=4556583 HTTP/1.1" 200 -
117.136.0.41 - - [15/Jul/2026 22:05:38] "GET /api/ai_analysis_status?match_id=4556583 HTTP/1.1" 200 -
117.136.0.41 - - [15/Jul/2026 22:05:40] "GET /api/ai_analysis_status?match_id=4556583 HTTP/1.1" 200 -
117.136.0.41 - - [15/Jul/2026 22:05:41] "GET /api/ai_analysis_status?match_id=4556583 HTTP/1.1" 200 -
117.136.0.41 - - [15/Jul/2026 22:05:43] "GET /api/ai_analysis_status?match_id=4556583 HTTP/1.1" 200 -
117.136.0.41 - - [15/Jul/2026 22:05:44] "GET /api/ai_analysis_status?match_id=4556583 HTTP/1.1" 200 -
117.136.0.41 - - [15/Jul/2026 22:05:46] "GET /api/ai_analysis_status?match_id=4556583 HTTP/1.1" 200 -
117.136.0.41 - - [15/Jul/2026 22:05:47] "GET /api/ai_analysis_status?match_id=4556583 HTTP/1.1" 200 -
117.136.0.41 - - [15/Jul/2026 22:05:49] "GET /api/ai_analysis_status?match_id=4556583 HTTP/1.1" 200 -
117.136.0.41 - - [15/Jul/2026 22:05:50] "GET /api/ai_analysis_status?match_id=4556583 HTTP/1.1" 200 -
117.136.0.41 - - [15/Jul/2026 22:05:52] "GET /api/ai_analysis_status?match_id=4556583 HTTP/1.1" 200 -
117.136.0.41 - - [15/Jul/2026 22:05:53] "GET /api/ai_analysis_status?match_id=4556583 HTTP/1.1" 200 -
117.136.0.41 - - [15/Jul/2026 22:05:55] "GET /api/ai_analysis_status?match_id=4556583 HTTP/1.1" 200 -
117.136.0.41 - - [15/Jul/2026 22:05:57] "GET /api/ai_analysis_status?match_id=4556583 HTTP/1.1" 200 -
117.136.0.41 - - [15/Jul/2026 22:05:58] "GET /api/ai_analysis_status?match_id=4556583 HTTP/1.1" 200 -
117.136.0.41 - - [15/Jul/2026 22:06:00] "GET /api/ai_analysis_status?match_id=4556583 HTTP/1.1" 200 -
117.136.0.41 - - [15/Jul/2026 22:06:01] "GET /api/ai_analysis_status?match_id=4556583 HTTP/1.1" 200 -
117.136.0.41 - - [15/Jul/2026 22:06:03] "GET /api/ai_analysis_status?match_id=4556583 HTTP/1.1" 200 -
117.136.0.41 - - [15/Jul/2026 22:06:04] "GET /api/ai_analysis_status?match_id=4556583 HTTP/1.1" 200 -
54.238.175.2 - - [15/Jul/2026 22:06:18] "GET /api/refresh?date=20260715 HTTP/1.1" 200 -
117.136.0.41 - - [15/Jul/2026 22:12:01] "GET /api/prediction_backtest HTTP/1.1" 200 -
117.136.0.41 - - [15/Jul/2026 22:12:20] "GET /api/refresh?date=20260715 HTTP/1.1" 200 -
54.238.175.2 - - [15/Jul/2026 22:13:04] "GET /api/refresh?date=20260715 HTTP/1.1" 200 -
54.238.175.2 - - [15/Jul/2026 22:16:23] "GET /api/refresh?date=20260715 HTTP/1.1" 200 -
54.238.175.2 - - [15/Jul/2026 22:23:09] "GET /api/refresh?date=20260715 HTTP/1.1" 200 -
117.136.0.41 - - [15/Jul/2026 22:24:18] "GET /api/refresh?date=20260715 HTTP/1.1" 200 -
54.238.175.2 - - [15/Jul/2026 22:26:19] "GET /api/refresh?date=20260715 HTTP/1.1" 200 -
54.238.175.2 - - [15/Jul/2026 22:33:00] "GET /api/refresh?date=20260715 HTTP/1.1" 200 -
54.238.175.2 - - [15/Jul/2026 22:36:18] "GET /api/refresh?date=20260715 HTTP/1.1" 200 -
117.136.0.41 - - [15/Jul/2026 22:42:05] "GET /api/prediction_backtest HTTP/1.1" 200 -
117.136.0.41 - - [15/Jul/2026 22:42:15] "GET /api/refresh?date=20260715 HTTP/1.1" 200 -
117.136.0.41 - - [15/Jul/2026 22:42:16] "GET /api/refresh?date=20260715 HTTP/1.1" 200 -
117.136.0.41 - - [15/Jul/2026 22:42:28] "GET /api/refresh?date=20260715 HTTP/1.1" 200 -
117.136.0.41 - - [15/Jul/2026 22:42:36] "GET /api/prediction_backtest HTTP/1.1" 200 -
[2026-07-15 21:52:22] get_odds_detail_via_playwright: Phase 2 (HTML Scraper) starting for match=4556583, cid=13
[2026-07-15 21:52:22] Pure HTML Scraper: Fetching trend HTML via bypass: https://odds.leisu.com/trend-4556583-13 ...
[2026-07-15 21:52:22] Pure HTML Scraper returned empty or failed.
[2026-07-15 21:52:22] Playwright Subprocess Crawler Disabled for match 4556583, cid 13, type 1 to protect server resources.
[2026-07-15 21:52:23] get_odds_detail_via_playwright: Phase 1 (H5 API) starting for match=4556583, cid=14, type=1
Direct H5 API Fetcher: Fetching odds detail for match 4556583, cid 14, type 1 ...
[2026-07-15 21:52:23] get_odds_detail_via_api: Empty or missing data in res_json. Code=100007
[2026-07-15 21:52:23] H5 API approach returned error: API business error code 100007: {'code': 100007, 'data': None, 'msg': '请求非法', 'time': '2026-07-15 21:52:23'}. Falling back to HTML Scraper...
[2026-07-15 21:52:23] get_odds_detail_via_playwright: Phase 2 (HTML Scraper) starting for match=4556583, cid=14
[2026-07-15 21:52:23] Pure HTML Scraper: Fetching trend HTML via bypass: https://odds.leisu.com/trend-4556583-14 ...
[2026-07-15 21:52:24] parse_trend_html_data: Successfully parsed and decrypted 122 trend items!
[2026-07-15 21:52:24] Successfully fetched odds details via high performance Pure HTML Scraper!
[2026-07-15 21:52:25] get_odds_detail_via_playwright: Phase 1 (H5 API) starting for match=4556583, cid=15, type=1
Direct H5 API Fetcher: Fetching odds detail for match 4556583, cid 15, type 1 ...
[2026-07-15 21:52:25] get_odds_detail_via_api: Empty or missing data in res_json. Code=100007
[2026-07-15 21:52:25] H5 API approach returned error: API business error code 100007: {'code': 100007, 'data': None, 'msg': '请求非法', 'time': '2026-07-15 21:52:25'}. Falling back to HTML Scraper...
[2026-07-15 21:52:25] get_odds_detail_via_playwright: Phase 2 (HTML Scraper) starting for match=4556583, cid=15
[2026-07-15 21:52:25] Pure HTML Scraper: Fetching trend HTML via bypass: https://odds.leisu.com/trend-4556583-15 ...
[2026-07-15 21:52:26] parse_trend_html_data: Successfully parsed and decrypted 35 trend items!
[2026-07-15 21:52:26] Successfully fetched odds details via high performance Pure HTML Scraper!
[2026-07-15 21:52:27] get_odds_detail_via_playwright: Phase 1 (H5 API) starting for match=4556583, cid=16, type=1
Direct H5 API Fetcher: Fetching odds detail for match 4556583, cid 16, type 1 ...
[2026-07-15 21:52:32] Failed to get time for H5 odds detail: <urlopen error _ssl.c:975: The handshake operation timed out>
[2026-07-15 21:52:42] fetch_html_with_bypass error for https://api-gateway.leisu.com/v1/web/match/common/odds_detail?id=4556583&cid=16&type=1: <urlopen error _ssl.c:975: The handshake operation timed out> (HTTPError body: )
[2026-07-15 21:52:42] Failed to fetch odds detail from API directly: <urlopen error _ssl.c:975: The handshake operation timed out>
[2026-07-15 21:52:42] H5 API approach returned error: Fetch failed: <urlopen error _ssl.c:975: The handshake operation timed out>. Falling back to HTML Scraper...
[2026-07-15 21:52:42] get_odds_detail_via_playwright: Phase 2 (HTML Scraper) starting for match=4556583, cid=16
[2026-07-15 21:52:42] Pure HTML Scraper: Fetching trend HTML via bypass: https://odds.leisu.com/trend-4556583-16 ...
[2026-07-15 21:52:43] parse_trend_html_data: Successfully parsed and decrypted 126 trend items!
[2026-07-15 21:52:43] Successfully fetched odds details via high performance Pure HTML Scraper!
检测到抓取今日(20260715)赛事，启动【极速解密方案】...
【极速解密】成功解析出 284 场赛事数据！
检测到抓取今日(20260715)赛事，启动【极速解密方案】...
【极速解密】成功解析出 284 场赛事数据！
检测到抓取今日(20260715)赛事，启动【极速解密方案】...
【极速解密】第一志愿静态链接失败: <urlopen error _ssl.c:975: The handshake operation timed out>，启动灾备方案：从 live 首页动态定位数据源...
【极速解密】出错: 无法加载 alifInfo 数据源 JS，安全返回空列表。
Automatic fixture refresh completed: 332 matches for 20260715
检测到抓取今日(20260715)赛事，启动【极速解密方案】...
[2026-07-15 22:02:18] get_odds_detail_via_playwright: Phase 1 (H5 API) starting for match=4556583, cid=17, type=1
Direct H5 API Fetcher: Fetching odds detail for match 4556583, cid 17, type 1 ...
[2026-07-15 22:02:18] get_odds_detail_via_api: Empty or missing data in res_json. Code=100007
[2026-07-15 22:02:18] H5 API approach returned error: API business error code 100007: {'code': 100007, 'data': None, 'msg': '请求非法', 'time': '2026-07-15 22:02:18'}. Falling back to HTML Scraper...
[2026-07-15 22:02:18] get_odds_detail_via_playwright: Phase 2 (HTML Scraper) starting for match=4556583, cid=17
[2026-07-15 22:02:18] Pure HTML Scraper: Fetching trend HTML via bypass: https://odds.leisu.com/trend-4556583-17 ...
【极速解密】成功解析出 284 场赛事数据！
[2026-07-15 22:02:20] parse_trend_html_data: Successfully parsed and decrypted 145 trend items!
[2026-07-15 22:02:20] Successfully fetched odds details via high performance Pure HTML Scraper!
检测到抓取今日(20260715)赛事，启动【极速解密方案】...
【极速解密】成功解析出 284 场赛事数据！
检测到抓取今日(20260715)赛事，启动【极速解密方案】...
【极速解密】成功解析出 284 场赛事数据！
检测到抓取今日(20260715)赛事，启动【极速解密方案】...
【极速解密】成功解析出 285 场赛事数据！
Automatic fixture refresh completed: 472 matches for 20260715
检测到抓取今日(20260715)赛事，启动【极速解密方案】...
【极速解密】成功解析出 285 场赛事数据！
检测到抓取今日(20260715)赛事，启动【极速解密方案】...
【极速解密】成功解析出 285 场赛事数据！
检测到抓取今日(20260715)赛事，启动【极速解密方案】...
【极速解密】成功解析出 285 场赛事数据！
检测到抓取今日(20260715)赛事，启动【极速解密方案】...
【极速解密】成功解析出 285 场赛事数据！
Automatic fixture refresh completed: 472 matches for 20260715
检测到抓取今日(20260715)赛事，启动【极速解密方案】...
【极速解密】成功解析出 285 场赛事数据！
检测到抓取今日(20260715)赛事，启动【极速解密方案】...
【极速解密】成功解析出 285 场赛事数据！
检测到抓取今日(20260715)赛事，启动【极速解密方案】...
【极速解密】成功解析出 285 场赛事数据！
检测到抓取今日(20260715)赛事，启动【极速解密方案】...
【极速解密】成功解析出 290 场赛事数据！
Automatic fixture refresh completed: 477 matches for 20260715
检测到抓取今日(20260715)赛事，启动【极速解密方案】...
【极速解密】成功解析出 290 场赛事数据！
检测到抓取今日(20260715)赛事，启动【极速解密方案】...
【极速解密】成功解析出 290 场赛事数据！
检测到抓取今日(20260715)赛事，启动【极速解密方案】...
【极速解密】成功解析出 290 场赛事数据！
Automatic fixture refresh completed: 477 matches for 20260715
检测到抓取今日(20260715)赛事，启动【极速解密方案】...
【极速解密】第一志愿静态链接失败: <urlopen error _ssl.c:975: The handshake operation timed out>，启动灾备方案：从 live 首页动态定位数据源...
【极速解密】出错: 无法加载 alifInfo 数据源 JS，安全返回空列表。
检测到抓取今日(20260715)赛事，启动【极速解密方案】...
【极速解密】成功解析出 290 场赛事数据！
检测到抓取今日(20260715)赛事，启动【极速解密方案】...
【极速解密】第一志愿静态链接失败: <urlopen error _ssl.c:975: The handshake operation timed out>，启动灾备方案：从 live 首页动态定位数据源...
【极速解密】出错: 无法加载 alifInfo 数据源 JS，安全返回空列表。
检测到抓取今日(20260715)赛事，启动【极速解密方案】...
54.238.175.2 - - [15/Jul/2026 22:43:00] "GET /api/refresh?date=20260715 HTTP/1.1" 200 -
54.238.175.2 - - [15/Jul/2026 22:46:27] "GET /api/refresh?date=20260715 HTTP/1.1" 200 -
54.238.175.2 - - [15/Jul/2026 22:53:00] "GET /api/refresh?date=20260715 HTTP/1.1" 200 -
54.238.175.2 - - [15/Jul/2026 22:56:18] "GET /api/refresh?date=20260715 HTTP/1.1" 200 -
54.238.175.2 - - [15/Jul/2026 23:03:09] "GET /api/refresh?date=20260715 HTTP/1.1" 200 -
54.238.175.2 - - [15/Jul/2026 23:06:18] "GET /api/refresh?date=20260715 HTTP/1.1" 200 -
54.238.175.2 - - [15/Jul/2026 23:13:00] "GET /api/refresh?date=20260715 HTTP/1.1" 200 -
54.238.175.2 - - [15/Jul/2026 23:16:18] "GET /api/refresh?date=20260715 HTTP/1.1" 200 -
54.238.175.2 - - [15/Jul/2026 23:23:00] "GET /api/refresh?date=20260715 HTTP/1.1" 200 -
54.238.175.2 - - [15/Jul/2026 23:26:18] "GET /api/refresh?date=20260715 HTTP/1.1" 200 -
54.238.175.2 - - [15/Jul/2026 23:33:00] "GET /api/refresh?date=20260715 HTTP/1.1" 200 -
54.238.175.2 - - [15/Jul/2026 23:36:18] "GET /api/refresh?date=20260715 HTTP/1.1" 200 -
54.238.175.2 - - [15/Jul/2026 23:43:00] "GET /api/refresh?date=20260715 HTTP/1.1" 200 -
54.238.175.2 - - [15/Jul/2026 23:46:18] "GET /api/refresh?date=20260715 HTTP/1.1" 200 -
54.238.175.2 - - [15/Jul/2026 23:53:00] "GET /api/refresh?date=20260715 HTTP/1.1" 200 -
54.238.175.2 - - [15/Jul/2026 23:56:18] "GET /api/refresh?date=20260715 HTTP/1.1" 200 -
54.238.175.2 - - [16/Jul/2026 00:03:00] "GET /api/refresh?date=20260716 HTTP/1.1" 200 -
54.238.175.2 - - [16/Jul/2026 00:06:18] "GET /api/refresh?date=20260716 HTTP/1.1" 200 -
54.238.175.2 - - [16/Jul/2026 00:13:00] "GET /api/refresh?date=20260716 HTTP/1.1" 200 -
54.238.175.2 - - [16/Jul/2026 00:16:19] "GET /api/refresh?date=20260716 HTTP/1.1" 200 -
114.244.75.156 - - [16/Jul/2026 00:22:58] "GET / HTTP/1.1" 200 -
114.244.64.60 - - [16/Jul/2026 00:22:58] "[36mGET /static/style.css?v=1.0.4 HTTP/1.1[0m" 304 -
114.244.75.156 - - [16/Jul/2026 00:22:58] "[36mGET /static/app.js?v=1.0.4 HTTP/1.1[0m" 304 -
114.244.75.156 - - [16/Jul/2026 00:22:58] "GET /api/matches?today=20260716 HTTP/1.1" 200 -
54.238.175.2 - - [16/Jul/2026 00:23:00] "GET /api/refresh?date=20260716 HTTP/1.1" 200 -
114.244.64.60 - - [16/Jul/2026 00:23:12] "GET /api/match_details?id=4492535&home=利伯塔德洛哈&away=理工大学竞技 HTTP/1.1" 200 -
114.244.75.156 - - [16/Jul/2026 00:23:13] "GET /api/ai_config HTTP/1.1" 200 -
114.244.64.60 - - [16/Jul/2026 00:23:29] "GET /api/match_odds_detail?match_id=4492535&cid=2&type=1 HTTP/1.1" 200 -
【极速解密】成功解析出 290 场赛事数据！
检测到抓取今日(20260715)赛事，启动【极速解密方案】...
【极速解密】第一志愿静态链接失败: <urlopen error _ssl.c:975: The handshake operation timed out>，启动灾备方案：从 live 首页动态定位数据源...
【极速解密】出错: 无法加载 alifInfo 数据源 JS，安全返回空列表。
检测到抓取今日(20260715)赛事，启动【极速解密方案】...
【极速解密】成功解析出 290 场赛事数据！
Automatic fixture refresh completed: 477 matches for 20260715
检测到抓取今日(20260715)赛事，启动【极速解密方案】...
【极速解密】成功解析出 290 场赛事数据！
检测到抓取今日(20260715)赛事，启动【极速解密方案】...
【极速解密】成功解析出 290 场赛事数据！
检测到抓取今日(20260715)赛事，启动【极速解密方案】...
【极速解密】成功解析出 290 场赛事数据！
Automatic fixture refresh completed: 477 matches for 20260715
检测到抓取今日(20260715)赛事，启动【极速解密方案】...
【极速解密】第一志愿静态链接失败: <urlopen error _ssl.c:975: The handshake operation timed out>，启动灾备方案：从 live 首页动态定位数据源...
【极速解密】出错: 无法加载 alifInfo 数据源 JS，安全返回空列表。
检测到抓取今日(20260715)赛事，启动【极速解密方案】...
【极速解密】成功解析出 290 场赛事数据！
检测到抓取今日(20260715)赛事，启动【极速解密方案】...
【极速解密】成功解析出 290 场赛事数据！
Automatic fixture refresh completed: 477 matches for 20260715
检测到抓取今日(20260715)赛事，启动【极速解密方案】...
【极速解密】成功解析出 290 场赛事数据！
检测到抓取今日(20260715)赛事，启动【极速解密方案】...
【极速解密】成功解析出 290 场赛事数据！
检测到抓取今日(20260715)赛事，启动【极速解密方案】...
【极速解密】成功解析出 290 场赛事数据！
Automatic fixture refresh completed: 477 matches for 20260715
检测到抓取今日(20260715)赛事，启动【极速解密方案】...
【极速解密】成功解析出 290 场赛事数据！
检测到抓取今日(20260715)赛事，启动【极速解密方案】...
【极速解密】成功解析出 290 场赛事数据！
检测到抓取今日(20260715)赛事，启动【极速解密方案】...
【极速解密】成功解析出 290 场赛事数据！
Automatic fixture refresh completed: 477 matches for 20260715
检测到抓取今日(20260715)赛事，启动【极速解密方案】...
【极速解密】成功解析出 290 场赛事数据！
检测到抓取今日(20260715)赛事，启动【极速解密方案】...
【极速解密】成功解析出 290 场赛事数据！
检测到抓取今日(20260715)赛事，启动【极速解密方案】...
【极速解密】成功解析出 290 场赛事数据！
Automatic fixture refresh completed: 477 matches for 20260715
检测到抓取今日(20260715)赛事，启动【极速解密方案】...
【极速解密】成功解析出 290 场赛事数据！
检测到抓取今日(20260715)赛事，启动【极速解密方案】...
【极速解密】成功解析出 290 场赛事数据！
检测到抓取今日(20260715)赛事，启动【极速解密方案】...
【极速解密】成功解析出 290 场赛事数据！
Automatic fixture refresh completed: 477 matches for 20260715
检测到抓取今日(20260715)赛事，启动【极速解密方案】...
【极速解密】成功解析出 290 场赛事数据！
检测到抓取今日(20260715)赛事，启动【极速解密方案】...
【极速解密】成功解析出 290 场赛事数据！
检测到抓取今日(20260715)赛事，启动【极速解密方案】...
【极速解密】成功解析出 290 场赛事数据！
Automatic fixture refresh completed: 477 matches for 20260715
检测到抓取今日(20260716)赛事，启动【极速解密方案】...
【极速解密】成功解析出 267 场赛事数据！
检测到抓取今日(20260716)赛事，启动【极速解密方案】...
【极速解密】成功解析出 267 场赛事数据！
检测到抓取今日(20260716)赛事，启动【极速解密方案】...
【极速解密】成功解析出 266 场赛事数据！
Automatic fixture refresh completed: 267 matches for 20260716
检测到抓取今日(20260716)赛事，启动【极速解密方案】...
【极速解密】成功解析出 267 场赛事数据！
检测到抓取今日(20260716)赛事，启动【极速解密方案】...
【极速解密】成功解析出 267 场赛事数据！
检测到抓取今日(20260716)赛事，启动【极速解密方案】...
【极速解密】成功解析出 267 场赛事数据！
Automatic fixture refresh completed: 267 matches for 20260716
检测到抓取今日(20260716)赛事，启动【极速解密方案】...
【极速解密】成功解析出 266 场赛事数据！
Scraping analysis page (HTML): https://live.leisu.com/shujufenxi-4492535
[2026-07-16 00:23:08] solve_waf_via_node: Starting node solver for https://live.leisu.com/shujufenxi-4492535 (NODE_PATH=/usr/local/bin/node)
[2026-07-16 00:23:08] solve_waf_via_node: Successfully solved WAF! Cookie prefix: 1234cf0d46-8435...
[2026-07-16 00:23:08] fetch_html_with_bypass: Retrying request to https://live.leisu.com/shujufenxi-4492535 with new acw_sc__v2 WAF cookie...
[2026-07-16 00:23:09] fetch_html_with_bypass: Retry successful! HTML length: 62872
Fetching lineup and injuries via API for match 4492535...
API Lineup: Successfully parsed 1 injuries, 11 starting and 9 substitutes for home.
Attempting to decrypt shujufenxi JS data package for match 4492535 ...
decrypt_shujufenxi_data: Fetching JS data from https://live.leisu.com/shujufenxi/b692bfadd221.js ...
decrypt_shujufenxi_data: Successfully decrypted ciphertext with offset 13!
Successfully decrypted shujufenxi JS data!
Scraping SWOT page: https://www.leisu.com/guide/swot-4492535
SWOT page loaded. Length: 26582
[2026-07-16 00:23:13] get_odds_detail_via_playwright: Phase 1 (H5 API) starting for match=4492535, cid=2, type=1
Direct H5 API Fetcher: Fetching odds detail for match 4492535, cid 2, type 1 ...
[2026-07-16 00:23:19] Failed to get time for H5 odds detail: <urlopen error _ssl.c:975: The handshake operation timed out>
[2026-07-16 00:23:19] get_odds_detail_via_api: Empty or missing data in res_json. Code=100007
[2026-07-16 00:23:19] H5 API approach returned error: API business error code 100007: {'code': 100007, 'data': None, 'msg': '请求非法', 'time': '2026-07-16 00:23:19'}. Falling back to HTML Scraper...
[2026-07-16 00:23:19] get_odds_detail_via_playwright: Phase 2 (HTML Scraper) starting for match=4492535, cid=2
[2026-07-16 00:23:19] Pure HTML Scraper: Fetching trend HTML via bypass: https://odds.leisu.com/trend-4492535-2 ...
[2026-07-16 00:23:29] fetch_html_with_bypass error for https://odds.leisu.com/trend-4492535-2: <urlopen error _ssl.c:975: The handshake operation timed out> (HTTPError body: )
[2026-07-16 00:23:29] Pure HTML Scraper Error: <urlopen error _ssl.c:975: The handshake operation timed out>
[2026-07-16 00:23:29] Pure HTML Scraper returned empty or failed.
[2026-07-16 00:23:29] Playwright Subprocess Crawler Disabled for match 4492535, cid 2, type 1 to protect server resources.
[2026-07-16 00:23:30] get_odds_detail_via_playwright: Phase 1 (H5 API) starting for match=4492535, cid=3, type=1
Direct H5 API Fetcher: Fetching odds detail for match 4492535, cid 3, type 1 ...
[2026-07-16 00:23:30] get_odds_detail_via_api: Empty or missing data in res_json. Code=100007
[2026-07-16 00:23:30] H5 API approach returned error: API business error code 100007: {'code': 100007, 'data': None, 'msg': '请求非法', 'time': '2026-07-16 00:23:30'}. Falling back to HTML Scraper...
[2026-07-16 00:23:30] get_odds_detail_via_playwright: Phase 2 (HTML Scraper) starting for match=4492535, cid=3
[2026-07-16 00:23:30] Pure HTML Scraper: Fetching trend HTML via bypass: https://odds.leisu.com/trend-4492535-3 ...
114.244.64.60 - - [16/Jul/2026 00:23:40] "GET /api/match_odds_detail?match_id=4492535&cid=3&type=1 HTTP/1.1" 200 -
114.244.64.60 - - [16/Jul/2026 00:23:52] "GET /api/match_odds_detail?match_id=4492535&cid=9&type=1 HTTP/1.1" 200 -
114.244.75.156 - - [16/Jul/2026 00:23:54] "GET /api/match_odds_detail?match_id=4492535&cid=10&type=1 HTTP/1.1" 200 -
114.244.75.156 - - [16/Jul/2026 00:23:56] "GET /api/match_odds_detail?match_id=4492535&cid=7&type=1 HTTP/1.1" 200 -
114.244.75.156 - - [16/Jul/2026 00:24:09] "GET /api/match_odds_detail?match_id=4492535&cid=5&type=1 HTTP/1.1" 200 -
114.244.75.156 - - [16/Jul/2026 00:24:10] "GET /api/match_odds_detail?match_id=4492535&cid=11&type=1 HTTP/1.1" 200 -
114.244.75.156 - - [16/Jul/2026 00:24:13] "GET /api/match_odds_detail?match_id=4492535&cid=13&type=1 HTTP/1.1" 200 -
114.244.75.156 - - [16/Jul/2026 00:24:15] "GET /api/match_odds_detail?match_id=4492535&cid=14&type=1 HTTP/1.1" 200 -
[2026-07-16 00:23:40] fetch_html_with_bypass error for https://odds.leisu.com/trend-4492535-3: <urlopen error _ssl.c:975: The handshake operation timed out> (HTTPError body: )
[2026-07-16 00:23:40] Pure HTML Scraper Error: <urlopen error _ssl.c:975: The handshake operation timed out>
[2026-07-16 00:23:40] Pure HTML Scraper returned empty or failed.
[2026-07-16 00:23:40] Playwright Subprocess Crawler Disabled for match 4492535, cid 3, type 1 to protect server resources.
[2026-07-16 00:23:41] get_odds_detail_via_playwright: Phase 1 (H5 API) starting for match=4492535, cid=9, type=1
Direct H5 API Fetcher: Fetching odds detail for match 4492535, cid 9, type 1 ...
[2026-07-16 00:23:51] fetch_html_with_bypass error for https://api-gateway.leisu.com/v1/web/match/common/odds_detail?id=4492535&cid=9&type=1: <urlopen error _ssl.c:975: The handshake operation timed out> (HTTPError body: )
[2026-07-16 00:23:51] Failed to fetch odds detail from API directly: <urlopen error _ssl.c:975: The handshake operation timed out>
[2026-07-16 00:23:51] H5 API approach returned error: Fetch failed: <urlopen error _ssl.c:975: The handshake operation timed out>. Falling back to HTML Scraper...
[2026-07-16 00:23:51] get_odds_detail_via_playwright: Phase 2 (HTML Scraper) starting for match=4492535, cid=9
[2026-07-16 00:23:51] Pure HTML Scraper: Fetching trend HTML via bypass: https://odds.leisu.com/trend-4492535-9 ...
[2026-07-16 00:23:52] solve_waf_via_node: Starting node solver for https://odds.leisu.com/trend-4492535-9 (NODE_PATH=/usr/local/bin/node)
[2026-07-16 00:23:52] solve_waf_via_node: Successfully solved WAF! Cookie prefix: 1234cf0d46-cde2...
[2026-07-16 00:23:52] fetch_html_with_bypass: Retrying request to https://odds.leisu.com/trend-4492535-9 with new acw_sc__v2 WAF cookie...
[2026-07-16 00:23:52] fetch_html_with_bypass: Retry successful! HTML length: 56462
[2026-07-16 00:23:52] parse_trend_html_data: Successfully parsed and decrypted 39 trend items!
[2026-07-16 00:23:52] Successfully fetched odds details via high performance Pure HTML Scraper!
[2026-07-16 00:23:53] get_odds_detail_via_playwright: Phase 1 (H5 API) starting for match=4492535, cid=10, type=1
Direct H5 API Fetcher: Fetching odds detail for match 4492535, cid 10, type 1 ...
[2026-07-16 00:23:53] get_odds_detail_via_api: Empty or missing data in res_json. Code=100007
[2026-07-16 00:23:53] H5 API approach returned error: API business error code 100007: {'code': 100007, 'data': None, 'msg': '请求非法', 'time': '2026-07-16 00:23:53'}. Falling back to HTML Scraper...
[2026-07-16 00:23:53] get_odds_detail_via_playwright: Phase 2 (HTML Scraper) starting for match=4492535, cid=10
[2026-07-16 00:23:53] Pure HTML Scraper: Fetching trend HTML via bypass: https://odds.leisu.com/trend-4492535-10 ...
[2026-07-16 00:23:54] parse_trend_html_data: Successfully parsed and decrypted 62 trend items!
[2026-07-16 00:23:54] Successfully fetched odds details via high performance Pure HTML Scraper!
[2026-07-16 00:23:55] get_odds_detail_via_playwright: Phase 1 (H5 API) starting for match=4492535, cid=7, type=1
Direct H5 API Fetcher: Fetching odds detail for match 4492535, cid 7, type 1 ...
[2026-07-16 00:23:55] get_odds_detail_via_api: Empty or missing data in res_json. Code=100007
[2026-07-16 00:23:55] H5 API approach returned error: API business error code 100007: {'code': 100007, 'data': None, 'msg': '请求非法', 'time': '2026-07-16 00:23:55'}. Falling back to HTML Scraper...
[2026-07-16 00:23:55] get_odds_detail_via_playwright: Phase 2 (HTML Scraper) starting for match=4492535, cid=7
[2026-07-16 00:23:55] Pure HTML Scraper: Fetching trend HTML via bypass: https://odds.leisu.com/trend-4492535-7 ...
[2026-07-16 00:23:56] parse_trend_html_data: Successfully parsed and decrypted 3 trend items!
[2026-07-16 00:23:56] Successfully fetched odds details via high performance Pure HTML Scraper!
[2026-07-16 00:23:56] get_odds_detail_via_playwright: Phase 1 (H5 API) starting for match=4492535, cid=5, type=1
Direct H5 API Fetcher: Fetching odds detail for match 4492535, cid 5, type 1 ...
[2026-07-16 00:24:07] fetch_html_with_bypass error for https://api-gateway.leisu.com/v1/web/match/common/odds_detail?id=4492535&cid=5&type=1: <urlopen error _ssl.c:975: The handshake operation timed out> (HTTPError body: )
[2026-07-16 00:24:07] Failed to fetch odds detail from API directly: <urlopen error _ssl.c:975: The handshake operation timed out>
[2026-07-16 00:24:07] H5 API approach returned error: Fetch failed: <urlopen error _ssl.c:975: The handshake operation timed out>. Falling back to HTML Scraper...
[2026-07-16 00:24:07] get_odds_detail_via_playwright: Phase 2 (HTML Scraper) starting for match=4492535, cid=5
[2026-07-16 00:24:07] Pure HTML Scraper: Fetching trend HTML via bypass: https://odds.leisu.com/trend-4492535-5 ...
[2026-07-16 00:24:09] Pure HTML Scraper returned empty or failed.
[2026-07-16 00:24:09] Playwright Subprocess Crawler Disabled for match 4492535, cid 5, type 1 to protect server resources.
[2026-07-16 00:24:09] get_odds_detail_via_playwright: Phase 1 (H5 API) starting for match=4492535, cid=11, type=1
Direct H5 API Fetcher: Fetching odds detail for match 4492535, cid 11, type 1 ...
[2026-07-16 00:24:10] get_odds_detail_via_api: Empty or missing data in res_json. Code=100007
[2026-07-16 00:24:10] H5 API approach returned error: API business error code 100007: {'code': 100007, 'data': None, 'msg': '请求非法', 'time': '2026-07-16 00:24:10'}. Falling back to HTML Scraper...
[2026-07-16 00:24:10] get_odds_detail_via_playwright: Phase 2 (HTML Scraper) starting for match=4492535, cid=11
[2026-07-16 00:24:10] Pure HTML Scraper: Fetching trend HTML via bypass: https://odds.leisu.com/trend-4492535-11 ...
[2026-07-16 00:24:10] parse_trend_html_data: Successfully parsed and decrypted 25 trend items!
[2026-07-16 00:24:10] Successfully fetched odds details via high performance Pure HTML Scraper!
[2026-07-16 00:24:11] get_odds_detail_via_playwright: Phase 1 (H5 API) starting for match=4492535, cid=13, type=1
Direct H5 API Fetcher: Fetching odds detail for match 4492535, cid 13, type 1 ...
[2026-07-16 00:24:12] get_odds_detail_via_api: Empty or missing data in res_json. Code=100007
[2026-07-16 00:24:12] H5 API approach returned error: API business error code 100007: {'code': 100007, 'data': None, 'msg': '请求非法', 'time': '2026-07-16 00:24:12'}. Falling back to HTML Scraper...
[2026-07-16 00:24:12] get_odds_detail_via_playwright: Phase 2 (HTML Scraper) starting for match=4492535, cid=13
[2026-07-16 00:24:12] Pure HTML Scraper: Fetching trend HTML via bypass: https://odds.leisu.com/trend-4492535-13 ...
[2026-07-16 00:24:13] Pure HTML Scraper returned empty or failed.
[2026-07-16 00:24:13] Playwright Subprocess Crawler Disabled for match 4492535, cid 13, type 1 to protect server resources.
[2026-07-16 00:24:14] get_odds_detail_via_playwright: Phase 1 (H5 API) starting for match=4492535, cid=14, type=1
Direct H5 API Fetcher: Fetching odds detail for match 4492535, cid 14, type 1 ...
[2026-07-16 00:24:14] get_odds_detail_via_api: Empty or missing data in res_json. Code=100007
[2026-07-16 00:24:14] H5 API approach returned error: API business error code 100007: {'code': 100007, 'data': None, 'msg': '请求非法', 'time': '2026-07-16 00:24:14'}. Falling back to HTML Scraper...
[2026-07-16 00:24:14] get_odds_detail_via_playwright: Phase 2 (HTML Scraper) starting for match=4492535, cid=14
[2026-07-16 00:24:14] Pure HTML Scraper: Fetching trend HTML via bypass: https://odds.leisu.com/trend-4492535-14 ...
[2026-07-16 00:24:15] parse_trend_html_data: Successfully parsed and decrypted 55 trend items!
[2026-07-16 00:24:15] Successfully fetched odds details via high performance Pure HTML Scraper!
[2026-07-16 00:24:25] get_odds_detail_via_playwright: Phase 1 (H5 API) starting for match=4492535, cid=15, type=1
Direct H5 API Fetcher: Fetching odds detail for match 4492535, cid 15, type 1 ...
Scraping analysis page (HTML): https://live.leisu.com/shujufenxi-4492535
Fetching lineup and injuries via API for match 4492535...
114.244.75.156 - - [16/Jul/2026 00:24:36] "GET /api/match_odds_detail?match_id=4492535&cid=15&type=1 HTTP/1.1" 200 -
114.244.64.60 - - [16/Jul/2026 00:24:38] "GET /api/match_odds_detail?match_id=4492535&cid=16&type=1 HTTP/1.1" 200 -
114.244.64.60 - - [16/Jul/2026 00:24:50] "GET /api/match_odds_detail?match_id=4492535&cid=17&type=1 HTTP/1.1" 200 -
114.244.75.156 - - [16/Jul/2026 00:24:51] "GET /api/refresh?date=20260716 HTTP/1.1" 200 -
114.244.75.156 - - [16/Jul/2026 00:24:52] "GET /api/prediction_backtest HTTP/1.1" 200 -
114.244.75.156 - - [16/Jul/2026 00:25:05] "GET /api/match_details?id=4492535&home=利伯塔德洛哈&away=理工大学竞技 HTTP/1.1" 200 -
114.244.64.60 - - [16/Jul/2026 00:25:07] "GET /api/match_odds_detail?match_id=4492535&cid=2&type=1 HTTP/1.1" 200 -
114.244.64.60 - - [16/Jul/2026 00:25:10] "GET /api/match_odds_detail?match_id=4492535&cid=3&type=1 HTTP/1.1" 200 -
114.244.75.156 - - [16/Jul/2026 00:25:11] "GET /api/match_odds_detail?match_id=4492535&cid=9&type=1 HTTP/1.1" 200 -
114.244.64.60 - - [16/Jul/2026 00:25:11] "GET /api/match_odds_detail?match_id=4492535&cid=10&type=1 HTTP/1.1" 200 -
114.244.64.60 - - [16/Jul/2026 00:25:12] "GET /api/match_odds_detail?match_id=4492535&cid=7&type=1 HTTP/1.1" 200 -
114.244.75.156 - - [16/Jul/2026 00:25:14] "GET /api/match_odds_detail?match_id=4492535&cid=5&type=1 HTTP/1.1" 200 -
54.238.175.2 - - [16/Jul/2026 00:26:18] "GET /api/refresh?date=20260716 HTTP/1.1" 200 -
114.244.75.156 - - [16/Jul/2026 00:26:27] "GET /api/match_odds_detail?match_id=4492535&cid=11&type=1 HTTP/1.1" 200 -
[2026-07-16 00:24:35] fetch_html_with_bypass error for https://api-gateway.leisu.com/v1/web/match/common/odds_detail?id=4492535&cid=15&type=1: <urlopen error _ssl.c:975: The handshake operation timed out> (HTTPError body: )
[2026-07-16 00:24:35] Failed to fetch odds detail from API directly: <urlopen error _ssl.c:975: The handshake operation timed out>
[2026-07-16 00:24:35] H5 API approach returned error: Fetch failed: <urlopen error _ssl.c:975: The handshake operation timed out>. Falling back to HTML Scraper...
[2026-07-16 00:24:35] get_odds_detail_via_playwright: Phase 2 (HTML Scraper) starting for match=4492535, cid=15
[2026-07-16 00:24:35] Pure HTML Scraper: Fetching trend HTML via bypass: https://odds.leisu.com/trend-4492535-15 ...
[2026-07-16 00:24:36] parse_trend_html_data: Successfully parsed and decrypted 21 trend items!
[2026-07-16 00:24:36] Successfully fetched odds details via high performance Pure HTML Scraper!
[2026-07-16 00:24:36] get_odds_detail_via_playwright: Phase 1 (H5 API) starting for match=4492535, cid=16, type=1
Direct H5 API Fetcher: Fetching odds detail for match 4492535, cid 16, type 1 ...
[2026-07-16 00:24:37] get_odds_detail_via_api: Empty or missing data in res_json. Code=100007
[2026-07-16 00:24:37] H5 API approach returned error: API business error code 100007: {'code': 100007, 'data': None, 'msg': '请求非法', 'time': '2026-07-16 00:24:37'}. Falling back to HTML Scraper...
[2026-07-16 00:24:37] get_odds_detail_via_playwright: Phase 2 (HTML Scraper) starting for match=4492535, cid=16
[2026-07-16 00:24:37] Pure HTML Scraper: Fetching trend HTML via bypass: https://odds.leisu.com/trend-4492535-16 ...
[2026-07-16 00:24:38] parse_trend_html_data: Successfully parsed and decrypted 72 trend items!
[2026-07-16 00:24:38] Successfully fetched odds details via high performance Pure HTML Scraper!
[2026-07-16 00:24:38] get_odds_detail_via_playwright: Phase 1 (H5 API) starting for match=4492535, cid=17, type=1
Direct H5 API Fetcher: Fetching odds detail for match 4492535, cid 17, type 1 ...
[2026-07-16 00:24:49] fetch_html_with_bypass error for https://api-gateway.leisu.com/v1/web/match/common/odds_detail?id=4492535&cid=17&type=1: <urlopen error _ssl.c:975: The handshake operation timed out> (HTTPError body: )
[2026-07-16 00:24:49] Failed to fetch odds detail from API directly: <urlopen error _ssl.c:975: The handshake operation timed out>
[2026-07-16 00:24:49] H5 API approach returned error: Fetch failed: <urlopen error _ssl.c:975: The handshake operation timed out>. Falling back to HTML Scraper...
[2026-07-16 00:24:49] get_odds_detail_via_playwright: Phase 2 (HTML Scraper) starting for match=4492535, cid=17
[2026-07-16 00:24:49] Pure HTML Scraper: Fetching trend HTML via bypass: https://odds.leisu.com/trend-4492535-17 ...
[2026-07-16 00:24:50] parse_trend_html_data: Successfully parsed and decrypted 83 trend items!
[2026-07-16 00:24:50] Successfully fetched odds details via high performance Pure HTML Scraper!
检测到抓取今日(20260716)赛事，启动【极速解密方案】...
【极速解密】成功解析出 266 场赛事数据！
Scraping analysis page (HTML): https://live.leisu.com/shujufenxi-4492535
Fetching lineup and injuries via API for match 4492535...
API Lineup: Successfully parsed 1 injuries, 11 starting and 9 substitutes for home.
Attempting to decrypt shujufenxi JS data package for match 4492535 ...
decrypt_shujufenxi_data: Fetching JS data from https://live.leisu.com/shujufenxi/b692bfadd221.js ...
decrypt_shujufenxi_data: Successfully decrypted ciphertext with offset 13!
Successfully decrypted shujufenxi JS data!
Scraping SWOT page: https://www.leisu.com/guide/swot-4492535
SWOT page loaded. Length: 26582
[2026-07-16 00:25:06] get_odds_detail_via_playwright: Phase 1 (H5 API) starting for match=4492535, cid=2, type=1
Direct H5 API Fetcher: Fetching odds detail for match 4492535, cid 2, type 1 ...
[2026-07-16 00:25:06] get_odds_detail_via_api: Empty or missing data in res_json. Code=100007
[2026-07-16 00:25:06] H5 API approach returned error: API business error code 100007: {'code': 100007, 'data': None, 'msg': '请求非法', 'time': '2026-07-16 00:25:06'}. Falling back to HTML Scraper...
[2026-07-16 00:25:06] get_odds_detail_via_playwright: Phase 2 (HTML Scraper) starting for match=4492535, cid=2
[2026-07-16 00:25:06] Pure HTML Scraper: Fetching trend HTML via bypass: https://odds.leisu.com/trend-4492535-2 ...
[2026-07-16 00:25:07] parse_trend_html_data: Successfully parsed and decrypted 111 trend items!
[2026-07-16 00:25:07] Successfully fetched odds details via high performance Pure HTML Scraper!
[2026-07-16 00:25:09] get_odds_detail_via_playwright: Phase 1 (H5 API) starting for match=4492535, cid=3, type=1
Direct H5 API Fetcher: Fetching odds detail for match 4492535, cid 3, type 1 ...
[2026-07-16 00:25:09] get_odds_detail_via_api: Empty or missing data in res_json. Code=100007
[2026-07-16 00:25:09] H5 API approach returned error: API business error code 100007: {'code': 100007, 'data': None, 'msg': '请求非法', 'time': '2026-07-16 00:25:09'}. Falling back to HTML Scraper...
[2026-07-16 00:25:09] get_odds_detail_via_playwright: Phase 2 (HTML Scraper) starting for match=4492535, cid=3
[2026-07-16 00:25:09] Pure HTML Scraper: Fetching trend HTML via bypass: https://odds.leisu.com/trend-4492535-3 ...
[2026-07-16 00:25:10] parse_trend_html_data: Successfully parsed and decrypted 35 trend items!
[2026-07-16 00:25:10] Successfully fetched odds details via high performance Pure HTML Scraper!
[2026-07-16 00:25:13] get_odds_detail_via_playwright: Phase 1 (H5 API) starting for match=4492535, cid=5, type=1
Direct H5 API Fetcher: Fetching odds detail for match 4492535, cid 5, type 1 ...
[2026-07-16 00:25:14] get_odds_detail_via_api: Empty or missing data in res_json. Code=100007
[2026-07-16 00:25:14] H5 API approach returned error: API business error code 100007: {'code': 100007, 'data': None, 'msg': '请求非法', 'time': '2026-07-16 00:25:14'}. Falling back to HTML Scraper...
[2026-07-16 00:25:14] get_odds_detail_via_playwright: Phase 2 (HTML Scraper) starting for match=4492535, cid=5
[2026-07-16 00:25:14] Pure HTML Scraper: Fetching trend HTML via bypass: https://odds.leisu.com/trend-4492535-5 ...
[2026-07-16 00:25:14] Pure HTML Scraper returned empty or failed.
[2026-07-16 00:25:14] Playwright Subprocess Crawler Disabled for match 4492535, cid 5, type 1 to protect server resources.
检测到抓取今日(20260716)赛事，启动【极速解密方案】...
【极速解密】成功解析出 266 场赛事数据！
[2026-07-16 00:26:26] get_odds_detail_via_playwright: Phase 1 (H5 API) starting for match=4492535, cid=11, type=1
Direct H5 API Fetcher: Fetching odds detail for match 4492535, cid 11, type 1 ...
[2026-07-16 00:26:27] get_odds_detail_via_api: Empty or missing data in res_json. Code=100007
[2026-07-16 00:26:27] H5 API approach returned error: API business error code 100007: {'code': 100007, 'data': None, 'msg': '请求非法', 'time': '2026-07-16 00:26:27'}. Falling back to HTML Scraper...
[2026-07-16 00:26:27] get_odds_detail_via_playwright: Phase 2 (HTML Scraper) starting for match=4492535, cid=11
[2026-07-16 00:26:27] Pure HTML Scraper: Fetching trend HTML via bypass: https://odds.leisu.com/trend-4492535-11 ...
[2026-07-16 00:26:27] parse_trend_html_data: Successfully parsed and decrypted 26 trend items!
[2026-07-16 00:26:27] Successfully fetched odds details via high performance Pure HTML Scraper!
检测到抓取今日(20260716)赛事，启动【极速解密方案】...
[2026-07-16 00:26:28] get_odds_detail_via_playwright: Phase 1 (H5 API) starting for match=4492535, cid=13, type=1
Direct H5 API Fetcher: Fetching odds detail for match 4492535, cid 13, type 1 ...
[2026-07-16 00:26:28] get_odds_detail_via_api: Empty or missing data in res_json. Code=100007
[2026-07-16 00:26:28] H5 API approach returned error: API business error code 100007: {'code': 100007, 'data': None, 'msg': '请求非法', 'time': '2026-07-16 00:26:28'}. Falling back to HTML Scraper...
[2026-07-16 00:26:28] get_odds_detail_via_playwright: Phase 2 (HTML Scraper) starting for match=4492535, cid=13
114.244.75.156 - - [16/Jul/2026 00:26:29] "GET /api/refresh?date=20260716 HTTP/1.1" 200 -
114.244.75.156 - - [16/Jul/2026 00:26:29] "GET /api/match_odds_detail?match_id=4492535&cid=13&type=1 HTTP/1.1" 200 -
114.244.64.60 - - [16/Jul/2026 00:26:31] "GET /api/match_odds_detail?match_id=4492535&cid=14&type=1 HTTP/1.1" 200 -
114.244.75.156 - - [16/Jul/2026 00:26:31] "GET /api/match_odds_detail?match_id=4492535&cid=15&type=1 HTTP/1.1" 200 -
114.244.75.156 - - [16/Jul/2026 00:26:31] "GET /api/match_details?id=4492535&home=利伯塔德洛哈&away=理工大学竞技 HTTP/1.1" 200 -
114.244.75.156 - - [16/Jul/2026 00:26:32] "GET /api/match_odds_detail?match_id=4492535&cid=2&type=1 HTTP/1.1" 200 -
114.244.64.60 - - [16/Jul/2026 00:26:32] "GET /api/match_odds_detail?match_id=4492535&cid=3&type=1 HTTP/1.1" 200 -
114.244.75.156 - - [16/Jul/2026 00:26:34] "GET /api/match_odds_detail?match_id=4492535&cid=9&type=1 HTTP/1.1" 200 -
114.244.75.156 - - [16/Jul/2026 00:26:36] "GET /api/match_odds_detail?match_id=4492535&cid=10&type=1 HTTP/1.1" 200 -
114.244.64.60 - - [16/Jul/2026 00:26:47] "GET /api/match_odds_detail?match_id=4492535&cid=7&type=1 HTTP/1.1" 200 -
114.244.64.60 - - [16/Jul/2026 00:26:50] "GET /api/match_odds_detail?match_id=4492535&cid=5&type=1 HTTP/1.1" 200 -
114.244.75.156 - - [16/Jul/2026 00:26:53] "GET /api/match_odds_detail?match_id=4492535&cid=11&type=1 HTTP/1.1" 200 -
114.244.75.156 - - [16/Jul/2026 00:26:54] "GET /api/match_odds_detail?match_id=4492535&cid=13&type=1 HTTP/1.1" 200 -
114.244.75.156 - - [16/Jul/2026 00:26:55] "GET /api/match_odds_detail?match_id=4492535&cid=14&type=1 HTTP/1.1" 200 -
114.244.75.156 - - [16/Jul/2026 00:26:57] "GET /api/match_odds_detail?match_id=4492535&cid=15&type=1 HTTP/1.1" 200 -
114.244.64.60 - - [16/Jul/2026 00:26:59] "GET /api/match_odds_detail?match_id=4492535&cid=16&type=1 HTTP/1.1" 200 -
[2026-07-16 00:26:28] Pure HTML Scraper: Fetching trend HTML via bypass: https://odds.leisu.com/trend-4492535-13 ...
【极速解密】成功解析出 266 场赛事数据！
[2026-07-16 00:26:29] Pure HTML Scraper returned empty or failed.
[2026-07-16 00:26:29] Playwright Subprocess Crawler Disabled for match 4492535, cid 13, type 1 to protect server resources.
[2026-07-16 00:26:29] get_odds_detail_via_playwright: Phase 1 (H5 API) starting for match=4492535, cid=14, type=1
Direct H5 API Fetcher: Fetching odds detail for match 4492535, cid 14, type 1 ...
[2026-07-16 00:26:30] get_odds_detail_via_api: Empty or missing data in res_json. Code=100007
[2026-07-16 00:26:30] H5 API approach returned error: API business error code 100007: {'code': 100007, 'data': None, 'msg': '请求非法', 'time': '2026-07-16 00:26:30'}. Falling back to HTML Scraper...
[2026-07-16 00:26:30] get_odds_detail_via_playwright: Phase 2 (HTML Scraper) starting for match=4492535, cid=14
[2026-07-16 00:26:30] Pure HTML Scraper: Fetching trend HTML via bypass: https://odds.leisu.com/trend-4492535-14 ...
[2026-07-16 00:26:31] parse_trend_html_data: Successfully parsed and decrypted 55 trend items!
[2026-07-16 00:26:31] Successfully fetched odds details via high performance Pure HTML Scraper!
[2026-07-16 00:26:33] get_odds_detail_via_playwright: Phase 1 (H5 API) starting for match=4492535, cid=9, type=1
Direct H5 API Fetcher: Fetching odds detail for match 4492535, cid 9, type 1 ...
[2026-07-16 00:26:33] get_odds_detail_via_api: Empty or missing data in res_json. Code=100007
[2026-07-16 00:26:33] H5 API approach returned error: API business error code 100007: {'code': 100007, 'data': None, 'msg': '请求非法', 'time': '2026-07-16 00:26:33'}. Falling back to HTML Scraper...
[2026-07-16 00:26:33] get_odds_detail_via_playwright: Phase 2 (HTML Scraper) starting for match=4492535, cid=9
[2026-07-16 00:26:33] Pure HTML Scraper: Fetching trend HTML via bypass: https://odds.leisu.com/trend-4492535-9 ...
[2026-07-16 00:26:34] parse_trend_html_data: Successfully parsed and decrypted 39 trend items!
[2026-07-16 00:26:34] Successfully fetched odds details via high performance Pure HTML Scraper!
[2026-07-16 00:26:35] get_odds_detail_via_playwright: Phase 1 (H5 API) starting for match=4492535, cid=10, type=1
Direct H5 API Fetcher: Fetching odds detail for match 4492535, cid 10, type 1 ...
[2026-07-16 00:26:35] get_odds_detail_via_api: Empty or missing data in res_json. Code=100007
[2026-07-16 00:26:35] H5 API approach returned error: API business error code 100007: {'code': 100007, 'data': None, 'msg': '请求非法', 'time': '2026-07-16 00:26:35'}. Falling back to HTML Scraper...
[2026-07-16 00:26:35] get_odds_detail_via_playwright: Phase 2 (HTML Scraper) starting for match=4492535, cid=10
[2026-07-16 00:26:35] Pure HTML Scraper: Fetching trend HTML via bypass: https://odds.leisu.com/trend-4492535-10 ...
[2026-07-16 00:26:36] parse_trend_html_data: Successfully parsed and decrypted 62 trend items!
[2026-07-16 00:26:36] Successfully fetched odds details via high performance Pure HTML Scraper!
[2026-07-16 00:26:36] get_odds_detail_via_playwright: Phase 1 (H5 API) starting for match=4492535, cid=7, type=1
Direct H5 API Fetcher: Fetching odds detail for match 4492535, cid 7, type 1 ...
[2026-07-16 00:26:47] fetch_html_with_bypass error for https://api-gateway.leisu.com/v1/web/match/common/odds_detail?id=4492535&cid=7&type=1: <urlopen error _ssl.c:975: The handshake operation timed out> (HTTPError body: )
[2026-07-16 00:26:47] Failed to fetch odds detail from API directly: <urlopen error _ssl.c:975: The handshake operation timed out>
[2026-07-16 00:26:47] H5 API approach returned error: Fetch failed: <urlopen error _ssl.c:975: The handshake operation timed out>. Falling back to HTML Scraper...
[2026-07-16 00:26:47] get_odds_detail_via_playwright: Phase 2 (HTML Scraper) starting for match=4492535, cid=7
[2026-07-16 00:26:47] Pure HTML Scraper: Fetching trend HTML via bypass: https://odds.leisu.com/trend-4492535-7 ...
[2026-07-16 00:26:47] parse_trend_html_data: Successfully parsed and decrypted 3 trend items!
[2026-07-16 00:26:47] Successfully fetched odds details via high performance Pure HTML Scraper!
[2026-07-16 00:26:49] get_odds_detail_via_playwright: Phase 1 (H5 API) starting for match=4492535, cid=5, type=1
Direct H5 API Fetcher: Fetching odds detail for match 4492535, cid 5, type 1 ...
[2026-07-16 00:26:50] get_odds_detail_via_api: Empty or missing data in res_json. Code=100007
[2026-07-16 00:26:50] H5 API approach returned error: API business error code 100007: {'code': 100007, 'data': None, 'msg': '请求非法', 'time': '2026-07-16 00:26:50'}. Falling back to HTML Scraper...
[2026-07-16 00:26:50] get_odds_detail_via_playwright: Phase 2 (HTML Scraper) starting for match=4492535, cid=5
[2026-07-16 00:26:50] Pure HTML Scraper: Fetching trend HTML via bypass: https://odds.leisu.com/trend-4492535-5 ...
[2026-07-16 00:26:50] Pure HTML Scraper returned empty or failed.
[2026-07-16 00:26:50] Playwright Subprocess Crawler Disabled for match 4492535, cid 5, type 1 to protect server resources.
[2026-07-16 00:26:54] get_odds_detail_via_playwright: Phase 1 (H5 API) starting for match=4492535, cid=13, type=1
Direct H5 API Fetcher: Fetching odds detail for match 4492535, cid 13, type 1 ...
[2026-07-16 00:26:54] get_odds_detail_via_api: Empty or missing data in res_json. Code=100007
[2026-07-16 00:26:54] H5 API approach returned error: API business error code 100007: {'code': 100007, 'data': None, 'msg': '请求非法', 'time': '2026-07-16 00:26:54'}. Falling back to HTML Scraper...
[2026-07-16 00:26:54] get_odds_detail_via_playwright: Phase 2 (HTML Scraper) starting for match=4492535, cid=13
[2026-07-16 00:26:54] Pure HTML Scraper: Fetching trend HTML via bypass: https://odds.leisu.com/trend-4492535-13 ...
[2026-07-16 00:26:54] Pure HTML Scraper returned empty or failed.
[2026-07-16 00:26:54] Playwright Subprocess Crawler Disabled for match 4492535, cid 13, type 1 to protect server resources.
[2026-07-16 00:26:56] get_odds_detail_via_playwright: Phase 1 (H5 API) starting for match=4492535, cid=15, type=1
Direct H5 API Fetcher: Fetching odds detail for match 4492535, cid 15, type 1 ...
[2026-07-16 00:26:57] get_odds_detail_via_api: Empty or missing data in res_json. Code=100007
[2026-07-16 00:26:57] H5 API approach returned error: API business error code 100007: {'code': 100007, 'data': None, 'msg': '请求非法', 'time': '2026-07-16 00:26:57'}. Falling back to HTML Scraper...
[2026-07-16 00:26:57] get_odds_detail_via_playwright: Phase 2 (HTML Scraper) starting for match=4492535, cid=15
[2026-07-16 00:26:57] Pure HTML Scraper: Fetching trend HTML via bypass: https://odds.leisu.com/trend-4492535-15 ...
[2026-07-16 00:26:57] parse_trend_html_data: Successfully parsed and decrypted 22 trend items!
[2026-07-16 00:26:57] Successfully fetched odds details via high performance Pure HTML Scraper!
[2026-07-16 00:26:58] get_odds_detail_via_playwright: Phase 1 (H5 API) starting for match=4492535, cid=16, type=1
Direct H5 API Fetcher: Fetching odds detail for match 4492535, cid 16, type 1 ...
[2026-07-16 00:26:58] get_odds_detail_via_api: Empty or missing data in res_json. Code=100007
[2026-07-16 00:26:58] H5 API approach returned error: API business error code 100007: {'code': 100007, 'data': None, 'msg': '请求非法', 'time': '2026-07-16 00:26:58'}. Falling back to HTML Scraper...
[2026-07-16 00:26:58] get_odds_detail_via_playwright: Phase 2 (HTML Scraper) starting for match=4492535, cid=16
[2026-07-16 00:26:58] Pure HTML Scraper: Fetching trend HTML via bypass: https://odds.leisu.com/trend-4492535-16 ...
[2026-07-16 00:26:59] parse_trend_html_data: Successfully parsed and decrypted 72 trend items!
[2026-07-16 00:26:59] Successfully fetched odds details via high performance Pure HTML Scraper!
[2026-07-16 00:27:00] get_odds_detail_via_playwright: Phase 1 (H5 API) starting for match=4492535, cid=17, type=1
Direct H5 API Fetcher: Fetching odds detail for match 4492535, cid 17, type 1 ...
[2026-07-16 00:27:00] get_odds_detail_via_api: Empty or missing data in res_json. Code=100007
114.244.64.60 - - [16/Jul/2026 00:27:01] "GET /api/match_odds_detail?match_id=4492535&cid=17&type=1 HTTP/1.1" 200 -
114.244.64.60 - - [16/Jul/2026 00:27:03] "POST /api/match_ai_analysis HTTP/1.1" 200 -
114.244.75.156 - - [16/Jul/2026 00:27:04] "POST /api/match_ai_analysis HTTP/1.1" 200 -
114.244.64.60 - - [16/Jul/2026 00:27:05] "GET /api/ai_analysis_status?match_id=4492535 HTTP/1.1" 200 -
114.244.75.156 - - [16/Jul/2026 00:27:07] "GET /api/ai_analysis_status?match_id=4492535 HTTP/1.1" 200 -
114.244.75.156 - - [16/Jul/2026 00:27:08] "GET /api/ai_analysis_status?match_id=4492535 HTTP/1.1" 200 -
114.244.75.156 - - [16/Jul/2026 00:27:10] "GET /api/ai_analysis_status?match_id=4492535 HTTP/1.1" 200 -
114.244.64.60 - - [16/Jul/2026 00:27:11] "GET /api/ai_analysis_status?match_id=4492535 HTTP/1.1" 200 -
114.244.75.156 - - [16/Jul/2026 00:27:15] "GET /api/ai_analysis_status?match_id=4492535 HTTP/1.1" 200 -
114.244.75.156 - - [16/Jul/2026 00:27:41] "GET /api/ai_analysis_status?match_id=4492535 HTTP/1.1" 200 -
114.244.64.60 - - [16/Jul/2026 00:27:41] "GET /api/ai_analysis_status?match_id=4492535 HTTP/1.1" 200 -
114.244.64.60 - - [16/Jul/2026 00:27:41] "GET /api/ai_analysis_status?match_id=4492535 HTTP/1.1" 200 -
114.244.64.60 - - [16/Jul/2026 00:27:43] "GET /api/ai_analysis_status?match_id=4492535 HTTP/1.1" 200 -
114.244.64.60 - - [16/Jul/2026 00:27:44] "GET /api/ai_analysis_status?match_id=4492535 HTTP/1.1" 200 -
114.244.64.60 - - [16/Jul/2026 00:27:46] "GET /api/ai_analysis_status?match_id=4492535 HTTP/1.1" 200 -
114.244.64.60 - - [16/Jul/2026 00:27:48] "GET /api/ai_analysis_status?match_id=4492535 HTTP/1.1" 200 -
114.244.75.156 - - [16/Jul/2026 00:27:49] "GET /api/ai_analysis_status?match_id=4492535 HTTP/1.1" 200 -
114.244.64.60 - - [16/Jul/2026 00:27:51] "GET /api/ai_analysis_status?match_id=4492535 HTTP/1.1" 200 -
114.244.75.156 - - [16/Jul/2026 00:31:48] "GET /api/ai_analysis_status?match_id=4492535 HTTP/1.1" 200 -
54.238.175.2 - - [16/Jul/2026 00:33:00] "GET /api/refresh?date=20260716 HTTP/1.1" 200 -
114.244.64.60 - - [16/Jul/2026 00:33:02] "GET /api/refresh?date=20260716 HTTP/1.1" 200 -
54.238.175.2 - - [16/Jul/2026 00:36:18] "GET /api/refresh?date=20260716 HTTP/1.1" 200 -
54.238.175.2 - - [16/Jul/2026 00:43:00] "GET /api/refresh?date=20260716 HTTP/1.1" 200 -
54.238.175.2 - - [16/Jul/2026 00:46:19] "GET /api/refresh?date=20260716 HTTP/1.1" 200 -
54.238.175.2 - - [16/Jul/2026 00:53:00] "GET /api/refresh?date=20260716 HTTP/1.1" 200 -
54.238.175.2 - - [16/Jul/2026 00:56:18] "GET /api/refresh?date=20260716 HTTP/1.1" 200 -
54.238.175.2 - - [16/Jul/2026 01:03:00] "GET /api/refresh?date=20260716 HTTP/1.1" 200 -
54.238.175.2 - - [16/Jul/2026 01:06:18] "GET /api/refresh?date=20260716 HTTP/1.1" 200 -
54.238.175.2 - - [16/Jul/2026 01:13:00] "GET /api/refresh?date=20260716 HTTP/1.1" 200 -
54.238.175.2 - - [16/Jul/2026 01:16:19] "GET /api/refresh?date=20260716 HTTP/1.1" 200 -
54.238.175.2 - - [16/Jul/2026 01:23:01] "GET /api/refresh?date=20260716 HTTP/1.1" 200 -
54.238.175.2 - - [16/Jul/2026 01:26:20] "GET /api/refresh?date=20260716 HTTP/1.1" 200 -
54.238.175.2 - - [16/Jul/2026 01:33:01] "GET /api/refresh?date=20260716 HTTP/1.1" 200 -
54.238.175.2 - - [16/Jul/2026 01:36:19] "GET /api/refresh?date=20260716 HTTP/1.1" 200 -
43.128.156.124 - - [16/Jul/2026 01:39:13] "GET / HTTP/1.1" 200 -
54.238.175.2 - - [16/Jul/2026 01:43:01] "GET /api/refresh?date=20260716 HTTP/1.1" 200 -
54.238.175.2 - - [16/Jul/2026 01:46:19] "GET /api/refresh?date=20260716 HTTP/1.1" 200 -
54.238.175.2 - - [16/Jul/2026 01:53:01] "GET /api/refresh?date=20260716 HTTP/1.1" 200 -
54.238.175.2 - - [16/Jul/2026 01:56:23] "GET /api/refresh?date=20260716 HTTP/1.1" 200 -
54.238.175.2 - - [16/Jul/2026 02:03:01] "GET /api/refresh?date=20260716 HTTP/1.1" 200 -
54.238.175.2 - - [16/Jul/2026 02:06:28] "GET /api/refresh?date=20260716 HTTP/1.1" 200 -
165.22.76.50 - - [16/Jul/2026 02:07:57] "GET / HTTP/1.0" 200 -
157.230.110.15 - - [16/Jul/2026 02:07:57] code 400, message Bad request version ('³')
157.230.110.15 - - [16/Jul/2026 02:07:57] "[31m[1m\x16\x03\x01\x01\x0c\x01\x00\x01\x08\x03\x03\x1fC\x1c\x7fD\x8aLÅD\x06¶P\x8e\x9a°\x94¶j(_·/\x938{\x98S\x81\x18E\x1cÔ á\x7fh¨ b«ÂÏ\x0c³[0m" 400 -
46.101.133.128 - - [16/Jul/2026 02:07:57] "[33mGET /v2/_catalog HTTP/1.1[0m" 404 -
164.92.141.84 - - [16/Jul/2026 02:07:57] "[33mGET /solr/admin/info/system HTTP/1.1[0m" 404 -
165.22.66.170 - - [16/Jul/2026 02:07:57] "[33mGET /query?q=SHOW+DIAGNOSTICS HTTP/1.1[0m" 404 -
167.172.109.189 - - [16/Jul/2026 02:07:57] "[33mGET /cgi-bin/authLogin.cgi HTTP/1.1[0m" 404 -
104.248.251.155 - - [16/Jul/2026 02:07:57] code 400, message Bad request version ('¨O')
104.248.251.155 - - [16/Jul/2026 02:07:57] "[31m[1m\x16\x03\x01\x01$\x01\x00\x01 \x03\x03=æ\x0d_R\x95ªëóÙ\x9e'äëË×ò4\x0d\x8fà\x86\x86\x91\x7f}\x15e·ã\x1f" »~G\x02ã\x0c¨O[0m" 400 -
46.101.255.225 - - [16/Jul/2026 02:07:57] "GET / HTTP/1.1" 200 -
157.230.110.15 - - [16/Jul/2026 02:07:58] code 400, message Bad request version ('À\x13À')
157.230.110.15 - - [16/Jul/2026 02:07:58] "[31m[1m\x16\x03\x01\x01\x0c\x01\x00\x01\x08\x03\x03üT\x11Dx\x94\x13t\x8d\x17\x17ZGft\x19¹Ñù;*7ßIÞ\x04ï»­h\x92v W\x82Q\x17²Å?[ºpG¶|´½Ú\x07S\x9eÛpH\x7f\x9b»~ù\x9bnbJ\x8b\x00&À+À/À,À0Ì©Ì¨À\x09À\x13À[0m" 400 -
164.92.141.84 - - [16/Jul/2026 02:07:58] "[33mGET /solr/admin/cores?action=STATUS&wt=json HTTP/1.1[0m" 404 -
143.198.201.147 - - [16/Jul/2026 02:07:58] "[33mGET /favicon.ico HTTP/1.1[0m" 404 -
104.248.251.244 - - [16/Jul/2026 02:07:58] "GET / HTTP/1.1" 200 -
104.248.251.244 - - [16/Jul/2026 02:07:58] code 400, message Bad request version ('À\x13À')
104.248.251.244 - - [16/Jul/2026 02:07:58] "[31m[1m\x16\x03\x01\x01\x0c\x01\x00\x01\x08\x03\x03\x02ü+Y\x05K©\x94F\x19@äzA\x8eÙ¾hÛ°B\x9c\x9cRL\x99P\x8e\x98,½J \x14ËÄº®\x8f6\x0d\x0b\x9f\x87Å\x90¨ÉÙ\x0eÓ\x84é2¤\x06æ\x12Xf*uÝBô\x00&À+À/À,À0Ì©Ì¨À\x09À\x13À[0m" 400 -
54.238.175.2 - - [16/Jul/2026 02:13:10] "GET /api/refresh?date=20260716 HTTP/1.1" 200 -
54.238.175.2 - - [16/Jul/2026 02:16:19] "GET /api/refresh?date=20260716 HTTP/1.1" 200 -
54.238.175.2 - - [16/Jul/2026 02:23:01] "GET /api/refresh?date=20260716 HTTP/1.1" 200 -
54.238.175.2 - - [16/Jul/2026 02:26:19] "GET /api/refresh?date=20260716 HTTP/1.1" 200 -
54.238.175.2 - - [16/Jul/2026 02:33:01] "GET /api/refresh?date=20260716 HTTP/1.1" 200 -
54.238.175.2 - - [16/Jul/2026 02:36:19] "GET /api/refresh?date=20260716 HTTP/1.1" 200 -
54.238.175.2 - - [16/Jul/2026 02:43:01] "GET /api/refresh?date=20260716 HTTP/1.1" 200 -
54.238.175.2 - - [16/Jul/2026 02:46:19] "GET /api/refresh?date=20260716 HTTP/1.1" 200 -
54.238.175.2 - - [16/Jul/2026 02:53:01] "GET /api/refresh?date=20260716 HTTP/1.1" 200 -
167.71.45.210 - - [16/Jul/2026 02:54:31] "GET / HTTP/1.0" 200 -
64.226.91.63 - - [16/Jul/2026 02:54:31] "[33mGET /v2/_catalog HTTP/1.1[0m" 404 -
164.92.141.84 - - [16/Jul/2026 02:54:31] "GET / HTTP/1.1" 200 -
164.90.220.12 - - [16/Jul/2026 02:54:31] code 400, message Bad request version ('À\x13À')
164.90.220.12 - - [16/Jul/2026 02:54:31] "[31m[1m\x16\x03\x01\x01\x0c\x01\x00\x01\x08\x03\x03ÄÔÇ²8Oó\x8c#UZ\x7f*VùIw\x17ë9èIíTßrúûß\x12\x9e½ vxEI\x87íE¤Ä!\x89RÈ+§ÿ ªim\x14·\x17gf^\x18\x9eÒÒØ!\x00&À+À/À,À0Ì©Ì¨À\x09À\x13À[0m" 400 -
104.248.142.195 - - [16/Jul/2026 02:54:31] "[33mGET /solr/admin/info/system HTTP/1.1[0m" 404 -
46.101.236.241 - - [16/Jul/2026 02:54:31] "[33mGET /query?q=SHOW+DIAGNOSTICS HTTP/1.1[0m" 404 -
188.166.163.16 - - [16/Jul/2026 02:54:31] "[33mGET /cgi-bin/authLogin.cgi HTTP/1.1[0m" 404 -
46.101.255.225 - - [16/Jul/2026 02:54:31] code 400, message Bad request version ("ù^ÛÝÙ\x07\x88VMÕ\x8d@Äà¤\x19\x9ag¹?é\x13ÙØ¡uW°Ñ=SÕ\x00>\x13\x02\x13\x03\x13\x01À,À0\x00\x9fÌ©Ì¨ÌªÀ+À/\x00\x9eÀ$À(\x00kÀ#À'\x00gÀ")
46.101.255.225 - - [16/Jul/2026 02:54:31] "[31m[1m\x16\x03\x01\x01$\x01\x00\x01 \x03\x03Ûi@6!7û\x96è\x00¥të¤®¬µçF\x10ÇþÁìK#J\x86û±\x8d\x89 ù^ÛÝÙ\x07\x88VMÕ\x8d@Äà¤\x19\x9ag¹?é\x13ÙØ¡uW°Ñ=SÕ\x00>\x13\x02\x13\x03\x13\x01À,À0\x00\x9fÌ©Ì¨ÌªÀ+À/\x00\x9eÀ$À(\x00kÀ#À'\x00gÀ[0m" 400 -
164.90.220.12 - - [16/Jul/2026 02:54:32] code 400, message Bad request version ('À\x13À')
164.90.220.12 - - [16/Jul/2026 02:54:32] "[31m[1m\x16\x03\x01\x01\x0c\x01\x00\x01\x08\x03\x03óÖì\x9b'È«öcQ®Oöè\x1aFù@Ò·²ÑÑ2ùÓ\x90\x01\x8d\x08&Ö w\x13nbó\x8eÒ\x98ð\x1bØ¨\x97rÅÐH\x1dåæd`}D\x8d4Ò\x84Ç\x94Þz\x00&À+À/À,À0Ì©Ì¨À\x09À\x13À[0m" 400 -
104.248.142.195 - - [16/Jul/2026 02:54:32] "[33mGET /solr/admin/cores?action=STATUS&wt=json HTTP/1.1[0m" 404 -
167.172.109.189 - - [16/Jul/2026 02:54:32] "GET / HTTP/1.1" 200 -
143.198.219.173 - - [16/Jul/2026 02:54:32] "[33mGET /favicon.ico HTTP/1.1[0m" 404 -
167.172.109.189 - - [16/Jul/2026 02:54:32] code 400, message Bad request version ('À\x13À')
167.172.109.189 - - [16/Jul/2026 02:54:32] "[31m[1m\x16\x03\x01\x01\x0c\x01\x00\x01\x08\x03\x03\x800iJ@\x9c@¡\x1c|Y¢:\x0bF"h»¸S\x95¿oe\x91\x13ï\x11ö8²§ \x894\x8dÕUîfÛ\x99À\x95ý\x16jk8è\x1dÎ±0Ük\x1eW|\x96³HTí¤\x00&À+À/À,À0Ì©Ì¨À\x09À\x13À[0m" 400 -
54.238.175.2 - - [16/Jul/2026 02:56:19] "GET /api/refresh?date=20260716 HTTP/1.1" 200 -
[2026-07-16 00:27:00] H5 API approach returned error: API business error code 100007: {'code': 100007, 'data': None, 'msg': '请求非法', 'time': '2026-07-16 00:27:00'}. Falling back to HTML Scraper...
[2026-07-16 00:27:00] get_odds_detail_via_playwright: Phase 2 (HTML Scraper) starting for match=4492535, cid=17
[2026-07-16 00:27:00] Pure HTML Scraper: Fetching trend HTML via bypass: https://odds.leisu.com/trend-4492535-17 ...
[2026-07-16 00:27:01] parse_trend_html_data: Successfully parsed and decrypted 83 trend items!
[2026-07-16 00:27:01] Successfully fetched odds details via high performance Pure HTML Scraper!
检测到抓取今日(20260716)赛事，启动【极速解密方案】...
【极速解密】成功解析出 266 场赛事数据！
Automatic fixture refresh completed: 266 matches for 20260716
检测到抓取今日(20260716)赛事，启动【极速解密方案】...
【极速解密】成功解析出 266 场赛事数据！
检测到抓取今日(20260716)赛事，启动【极速解密方案】...
【极速解密】成功解析出 266 场赛事数据！
检测到抓取今日(20260716)赛事，启动【极速解密方案】...
【极速解密】成功解析出 266 场赛事数据！
检测到抓取今日(20260716)赛事，启动【极速解密方案】...
【极速解密】成功解析出 267 场赛事数据！
Automatic fixture refresh completed: 267 matches for 20260716
检测到抓取今日(20260716)赛事，启动【极速解密方案】...
【极速解密】成功解析出 267 场赛事数据！
检测到抓取今日(20260716)赛事，启动【极速解密方案】...
【极速解密】成功解析出 267 场赛事数据！
检测到抓取今日(20260716)赛事，启动【极速解密方案】...
【极速解密】成功解析出 267 场赛事数据！
Automatic fixture refresh completed: 267 matches for 20260716
检测到抓取今日(20260716)赛事，启动【极速解密方案】...
【极速解密】成功解析出 267 场赛事数据！
检测到抓取今日(20260716)赛事，启动【极速解密方案】...
【极速解密】成功解析出 267 场赛事数据！
检测到抓取今日(20260716)赛事，启动【极速解密方案】...
【极速解密】成功解析出 267 场赛事数据！
Automatic fixture refresh completed: 267 matches for 20260716
检测到抓取今日(20260716)赛事，启动【极速解密方案】...
【极速解密】成功解析出 267 场赛事数据！
检测到抓取今日(20260716)赛事，启动【极速解密方案】...
【极速解密】成功解析出 267 场赛事数据！
检测到抓取今日(20260716)赛事，启动【极速解密方案】...
【极速解密】成功解析出 267 场赛事数据！
Automatic fixture refresh completed: 267 matches for 20260716
检测到抓取今日(20260716)赛事，启动【极速解密方案】...
【极速解密】成功解析出 267 场赛事数据！
检测到抓取今日(20260716)赛事，启动【极速解密方案】...
【极速解密】成功解析出 267 场赛事数据！
检测到抓取今日(20260716)赛事，启动【极速解密方案】...
【极速解密】成功解析出 267 场赛事数据！
Automatic fixture refresh completed: 267 matches for 20260716
检测到抓取今日(20260716)赛事，启动【极速解密方案】...
【极速解密】成功解析出 267 场赛事数据！
检测到抓取今日(20260716)赛事，启动【极速解密方案】...
【极速解密】成功解析出 267 场赛事数据！
检测到抓取今日(20260716)赛事，启动【极速解密方案】...
【极速解密】成功解析出 267 场赛事数据！
Automatic fixture refresh completed: 267 matches for 20260716
检测到抓取今日(20260716)赛事，启动【极速解密方案】...
【极速解密】成功解析出 267 场赛事数据！
检测到抓取今日(20260716)赛事，启动【极速解密方案】...
【极速解密】成功解析出 267 场赛事数据！
检测到抓取今日(20260716)赛事，启动【极速解密方案】...
【极速解密】成功解析出 267 场赛事数据！
Automatic fixture refresh completed: 267 matches for 20260716
检测到抓取今日(20260716)赛事，启动【极速解密方案】...
【极速解密】成功解析出 267 场赛事数据！
检测到抓取今日(20260716)赛事，启动【极速解密方案】...
【极速解密】成功解析出 267 场赛事数据！
检测到抓取今日(20260716)赛事，启动【极速解密方案】...
【极速解密】成功解析出 267 场赛事数据！
Automatic fixture refresh completed: 267 matches for 20260716
检测到抓取今日(20260716)赛事，启动【极速解密方案】...
【极速解密】成功解析出 267 场赛事数据！
检测到抓取今日(20260716)赛事，启动【极速解密方案】...
【极速解密】成功解析出 267 场赛事数据！
检测到抓取今日(20260716)赛事，启动【极速解密方案】...
【极速解密】成功解析出 267 场赛事数据！
Automatic fixture refresh completed: 267 matches for 20260716
检测到抓取今日(20260716)赛事，启动【极速解密方案】...
【极速解密】成功解析出 267 场赛事数据！
检测到抓取今日(20260716)赛事，启动【极速解密方案】...
【极速解密】第一志愿静态链接失败: <urlopen error _ssl.c:975: The handshake operation timed out>，启动灾备方案：从 live 首页动态定位数据源...
【极速解密】出错: 无法加载 alifInfo 数据源 JS，安全返回空列表。
检测到抓取今日(20260716)赛事，启动【极速解密方案】...
【极速解密】成功解析出 267 场赛事数据！
Automatic fixture refresh completed: 267 matches for 20260716
检测到抓取今日(20260716)赛事，启动【极速解密方案】...
【极速解密】第一志愿静态链接失败: <urlopen error _ssl.c:975: The handshake operation timed out>，启动灾备方案：从 live 首页动态定位数据源...
【极速解密】出错: 无法加载 alifInfo 数据源 JS，安全返回空列表。
检测到抓取今日(20260716)赛事，启动【极速解密方案】...
【极速解密】成功解析出 267 场赛事数据！
检测到抓取今日(20260716)赛事，启动【极速解密方案】...
【极速解密】成功解析出 269 场赛事数据！
Automatic fixture refresh completed: 269 matches for 20260716
检测到抓取今日(20260716)赛事，启动【极速解密方案】...
【极速解密】成功解析出 268 场赛事数据！
检测到抓取今日(20260716)赛事，启动【极速解密方案】...
【极速解密】成功解析出 268 场赛事数据！
检测到抓取今日(20260716)赛事，启动【极速解密方案】...
【极速解密】成功解析出 271 场赛事数据！
Automatic fixture refresh completed: 272 matches for 20260716
检测到抓取今日(20260716)赛事，启动【极速解密方案】...
【极速解密】成功解析出 271 场赛事数据！
检测到抓取今日(20260716)赛事，启动【极速解密方案】...
【极速解密】成功解析出 271 场赛事数据！
检测到抓取今日(20260716)赛事，启动【极速解密方案】...
【极速解密】成功解析出 271 场赛事数据！
Automatic fixture refresh completed: 272 matches for 20260716
检测到抓取今日(20260716)赛事，启动【极速解密方案】...
【极速解密】成功解析出 271 场赛事数据！
检测到抓取今日(20260716)赛事，启动【极速解密方案】...
【极速解密】成功解析出 271 场赛事数据！
检测到抓取今日(20260716)赛事，启动【极速解密方案】...
【极速解密】成功解析出 271 场赛事数据！
Automatic fixture refresh completed: 272 matches for 20260716
检测到抓取今日(20260716)赛事，启动【极速解密方案】...
【极速解密】成功解析出 270 场赛事数据！
检测到抓取今日(20260716)赛事，启动【极速解密方案】...
【极速解密】成功解析出 271 场赛事数据！
检测到抓取今日(20260716)赛事，启动【极速解密方案】...
【极速解密】成功解析出 270 场赛事数据！
Automatic fixture refresh completed: 271 matches for 20260716
54.238.175.2 - - [16/Jul/2026 03:03:01] "GET /api/refresh?date=20260716 HTTP/1.1" 200 -
54.238.175.2 - - [16/Jul/2026 03:06:19] "GET /api/refresh?date=20260716 HTTP/1.1" 200 -
54.238.175.2 - - [16/Jul/2026 03:13:01] "GET /api/refresh?date=20260716 HTTP/1.1" 200 -
54.238.175.2 - - [16/Jul/2026 03:16:19] "GET /api/refresh?date=20260716 HTTP/1.1" 200 -
54.238.175.2 - - [16/Jul/2026 03:23:01] "GET /api/refresh?date=20260716 HTTP/1.1" 200 -
54.238.175.2 - - [16/Jul/2026 03:26:19] "GET /api/refresh?date=20260716 HTTP/1.1" 200 -
45.194.67.26 - - [16/Jul/2026 03:31:37] "GET / HTTP/1.1" 200 -
45.194.67.26 - - [16/Jul/2026 03:31:37] "[33mGET /favicon.ico HTTP/1.1[0m" 404 -
54.238.175.2 - - [16/Jul/2026 03:33:01] "GET /api/refresh?date=20260716 HTTP/1.1" 200 -
54.238.175.2 - - [16/Jul/2026 03:36:20] "GET /api/refresh?date=20260716 HTTP/1.1" 200 -
54.238.175.2 - - [16/Jul/2026 03:43:01] "GET /api/refresh?date=20260716 HTTP/1.1" 200 -
54.238.175.2 - - [16/Jul/2026 03:46:19] "GET /api/refresh?date=20260716 HTTP/1.1" 200 -
54.238.175.2 - - [16/Jul/2026 03:53:01] "GET /api/refresh?date=20260716 HTTP/1.1" 200 -
54.238.175.2 - - [16/Jul/2026 03:56:20] "GET /api/refresh?date=20260716 HTTP/1.1" 200 -
54.238.175.2 - - [16/Jul/2026 04:03:02] "GET /api/refresh?date=20260716 HTTP/1.1" 200 -
54.238.175.2 - - [16/Jul/2026 04:06:20] "GET /api/refresh?date=20260716 HTTP/1.1" 200 -
54.238.175.2 - - [16/Jul/2026 04:13:04] "GET /api/refresh?date=20260716 HTTP/1.1" 200 -
54.238.175.2 - - [16/Jul/2026 04:16:20] "GET /api/refresh?date=20260716 HTTP/1.1" 200 -
54.238.175.2 - - [16/Jul/2026 04:23:02] "GET /api/refresh?date=20260716 HTTP/1.1" 200 -
54.238.175.2 - - [16/Jul/2026 04:26:20] "GET /api/refresh?date=20260716 HTTP/1.1" 200 -
54.238.175.2 - - [16/Jul/2026 04:33:02] "GET /api/refresh?date=20260716 HTTP/1.1" 200 -
54.238.175.2 - - [16/Jul/2026 04:36:20] "GET /api/refresh?date=20260716 HTTP/1.1" 200 -
54.238.175.2 - - [16/Jul/2026 04:43:02] "GET /api/refresh?date=20260716 HTTP/1.1" 200 -
54.238.175.2 - - [16/Jul/2026 04:46:20] "GET /api/refresh?date=20260716 HTTP/1.1" 200 -
54.238.175.2 - - [16/Jul/2026 04:53:02] "GET /api/refresh?date=20260716 HTTP/1.1" 200 -
54.238.175.2 - - [16/Jul/2026 04:56:20] "GET /api/refresh?date=20260716 HTTP/1.1" 200 -
54.238.175.2 - - [16/Jul/2026 05:03:02] "GET /api/refresh?date=20260716 HTTP/1.1" 200 -
54.238.175.2 - - [16/Jul/2026 05:06:20] "GET /api/refresh?date=20260716 HTTP/1.1" 200 -
54.238.175.2 - - [16/Jul/2026 05:13:02] "GET /api/refresh?date=20260716 HTTP/1.1" 200 -
54.238.175.2 - - [16/Jul/2026 05:16:20] "GET /api/refresh?date=20260716 HTTP/1.1" 200 -
54.238.175.2 - - [16/Jul/2026 05:23:02] "GET /api/refresh?date=20260716 HTTP/1.1" 200 -
54.238.175.2 - - [16/Jul/2026 05:26:20] "GET /api/refresh?date=20260716 HTTP/1.1" 200 -
54.238.175.2 - - [16/Jul/2026 05:33:02] "GET /api/refresh?date=20260716 HTTP/1.1" 200 -
54.238.175.2 - - [16/Jul/2026 05:36:20] "GET /api/refresh?date=20260716 HTTP/1.1" 200 -
54.238.175.2 - - [16/Jul/2026 05:43:02] "GET /api/refresh?date=20260716 HTTP/1.1" 200 -
43.134.91.35 - - [16/Jul/2026 05:43:35] "GET / HTTP/1.1" 200 -
54.238.175.2 - - [16/Jul/2026 05:46:20] "GET /api/refresh?date=20260716 HTTP/1.1" 200 -
54.238.175.2 - - [16/Jul/2026 05:53:02] "GET /api/refresh?date=20260716 HTTP/1.1" 200 -
45.194.67.28 - - [16/Jul/2026 05:55:26] "GET / HTTP/1.1" 200 -
45.194.67.28 - - [16/Jul/2026 05:55:26] "[33mGET /favicon.ico HTTP/1.1[0m" 404 -
检测到抓取今日(20260716)赛事，启动【极速解密方案】...
【极速解密】成功解析出 270 场赛事数据！
检测到抓取今日(20260716)赛事，启动【极速解密方案】...
【极速解密】成功解析出 270 场赛事数据！
检测到抓取今日(20260716)赛事，启动【极速解密方案】...
【极速解密】成功解析出 271 场赛事数据！
Automatic fixture refresh completed: 272 matches for 20260716
检测到抓取今日(20260716)赛事，启动【极速解密方案】...
【极速解密】成功解析出 271 场赛事数据！
检测到抓取今日(20260716)赛事，启动【极速解密方案】...
【极速解密】成功解析出 271 场赛事数据！
检测到抓取今日(20260716)赛事，启动【极速解密方案】...
【极速解密】成功解析出 271 场赛事数据！
Automatic fixture refresh completed: 272 matches for 20260716
检测到抓取今日(20260716)赛事，启动【极速解密方案】...
【极速解密】成功解析出 265 场赛事数据！
检测到抓取今日(20260716)赛事，启动【极速解密方案】...
【极速解密】成功解析出 265 场赛事数据！
检测到抓取今日(20260716)赛事，启动【极速解密方案】...
【极速解密】成功解析出 265 场赛事数据！
Automatic fixture refresh completed: 272 matches for 20260716
检测到抓取今日(20260716)赛事，启动【极速解密方案】...
【极速解密】成功解析出 265 场赛事数据！
检测到抓取今日(20260716)赛事，启动【极速解密方案】...
【极速解密】成功解析出 265 场赛事数据！
检测到抓取今日(20260716)赛事，启动【极速解密方案】...
【极速解密】成功解析出 265 场赛事数据！
Automatic fixture refresh completed: 272 matches for 20260716
检测到抓取今日(20260716)赛事，启动【极速解密方案】...
【极速解密】成功解析出 265 场赛事数据！
检测到抓取今日(20260716)赛事，启动【极速解密方案】...
【极速解密】成功解析出 265 场赛事数据！
检测到抓取今日(20260716)赛事，启动【极速解密方案】...
【极速解密】第一志愿静态链接失败: <urlopen error _ssl.c:975: The handshake operation timed out>，启动灾备方案：从 live 首页动态定位数据源...
【极速解密】出错: 无法加载 alifInfo 数据源 JS，安全返回空列表。
Automatic fixture refresh completed: 211 matches for 20260716
检测到抓取今日(20260716)赛事，启动【极速解密方案】...
【极速解密】成功解析出 266 场赛事数据！
检测到抓取今日(20260716)赛事，启动【极速解密方案】...
【极速解密】成功解析出 266 场赛事数据！
检测到抓取今日(20260716)赛事，启动【极速解密方案】...
【极速解密】成功解析出 266 场赛事数据！
Automatic fixture refresh completed: 273 matches for 20260716
检测到抓取今日(20260716)赛事，启动【极速解密方案】...
【极速解密】成功解析出 266 场赛事数据！
检测到抓取今日(20260716)赛事，启动【极速解密方案】...
【极速解密】成功解析出 266 场赛事数据！
检测到抓取今日(20260716)赛事，启动【极速解密方案】...
【极速解密】成功解析出 266 场赛事数据！
Automatic fixture refresh completed: 273 matches for 20260716
检测到抓取今日(20260716)赛事，启动【极速解密方案】...
【极速解密】成功解析出 266 场赛事数据！
检测到抓取今日(20260716)赛事，启动【极速解密方案】...
【极速解密】成功解析出 266 场赛事数据！
检测到抓取今日(20260716)赛事，启动【极速解密方案】...
【极速解密】成功解析出 266 场赛事数据！
Automatic fixture refresh completed: 273 matches for 20260716
检测到抓取今日(20260716)赛事，启动【极速解密方案】...
【极速解密】成功解析出 266 场赛事数据！
检测到抓取今日(20260716)赛事，启动【极速解密方案】...
【极速解密】成功解析出 266 场赛事数据！
检测到抓取今日(20260716)赛事，启动【极速解密方案】...
【极速解密】成功解析出 267 场赛事数据！
Automatic fixture refresh completed: 274 matches for 20260716
检测到抓取今日(20260716)赛事，启动【极速解密方案】...
【极速解密】成功解析出 267 场赛事数据！
检测到抓取今日(20260716)赛事，启动【极速解密方案】...
【极速解密】成功解析出 267 场赛事数据！
检测到抓取今日(20260716)赛事，启动【极速解密方案】...
【极速解密】成功解析出 267 场赛事数据！
Automatic fixture refresh completed: 274 matches for 20260716
检测到抓取今日(20260716)赛事，启动【极速解密方案】...
【极速解密】成功解析出 267 场赛事数据！
检测到抓取今日(20260716)赛事，启动【极速解密方案】...
【极速解密】成功解析出 267 场赛事数据！
检测到抓取今日(20260716)赛事，启动【极速解密方案】...
【极速解密】成功解析出 267 场赛事数据！
Automatic fixture refresh completed: 274 matches for 20260716
检测到抓取今日(20260716)赛事，启动【极速解密方案】...
【极速解密】成功解析出 267 场赛事数据！
检测到抓取今日(20260716)赛事，启动【极速解密方案】...
【极速解密】成功解析出 267 场赛事数据！
检测到抓取今日(20260716)赛事，启动【极速解密方案】...
【极速解密】成功解析出 267 场赛事数据！
Automatic fixture refresh completed: 274 matches for 20260716
检测到抓取今日(20260716)赛事，启动【极速解密方案】...
【极速解密】成功解析出 267 场赛事数据！
检测到抓取今日(20260716)赛事，启动【极速解密方案】...
【极速解密】成功解析出 267 场赛事数据！
检测到抓取今日(20260716)赛事，启动【极速解密方案】...
【极速解密】成功解析出 267 场赛事数据！
Automatic fixture refresh completed: 274 matches for 20260716
检测到抓取今日(20260716)赛事，启动【极速解密方案】...
【极速解密】成功解析出 267 场赛事数据！
检测到抓取今日(20260716)赛事，启动【极速解密方案】...
【极速解密】成功解析出 267 场赛事数据！
检测到抓取今日(20260716)赛事，启动【极速解密方案】...
【极速解密】成功解析出 267 场赛事数据！
Automatic fixture refresh completed: 274 matches for 20260716
检测到抓取今日(20260716)赛事，启动【极速解密方案】...
【极速解密】成功解析出 267 场赛事数据！
检测到抓取今日(20260716)赛事，启动【极速解密方案】...
【极速解密】成功解析出 267 场赛事数据！
检测到抓取今日(20260716)赛事，启动【极速解密方案】...
【极速解密】成功解析出 267 场赛事数据！
Automatic fixture refresh completed: 274 matches for 20260716
检测到抓取今日(20260716)赛事，启动【极速解密方案】...
【极速解密】成功解析出 267 场赛事数据！
检测到抓取今日(20260716)赛事，启动【极速解密方案】...
【极速解密】成功解析出 267 场赛事数据！
检测到抓取今日(20260716)赛事，启动【极速解密方案】...
【极速解密】成功解析出 267 场赛事数据！
Automatic fixture refresh completed: 274 matches for 20260716
检测到抓取今日(20260716)赛事，启动【极速解密方案】...
【极速解密】成功解析出 267 场赛事数据！
检测到抓取今日(20260716)赛事，启动【极速解密方案】...
【极速解密】成功解析出 267 场赛事数据！
检测到抓取今日(20260716)赛事，启动【极速解密方案】...
【极速解密】成功解析出 267 场赛事数据！
Automatic fixture refresh completed: 274 matches for 20260716
检测到抓取今日(20260716)赛事，启动【极速解密方案】...
【极速解密】成功解析出 267 场赛事数据！
检测到抓取今日(20260716)赛事，启动【极速解密方案】...
54.238.175.2 - - [16/Jul/2026 05:56:20] "GET /api/refresh?date=20260716 HTTP/1.1" 200 -
54.238.175.2 - - [16/Jul/2026 06:03:02] "GET /api/refresh?date=20260716 HTTP/1.1" 200 -
54.238.175.2 - - [16/Jul/2026 06:06:20] "GET /api/refresh?date=20260716 HTTP/1.1" 200 -
54.238.175.2 - - [16/Jul/2026 06:13:02] "GET /api/refresh?date=20260716 HTTP/1.1" 200 -
54.238.175.2 - - [16/Jul/2026 06:16:20] "GET /api/refresh?date=20260716 HTTP/1.1" 200 -
54.238.175.2 - - [16/Jul/2026 06:23:12] "GET /api/refresh?date=20260716 HTTP/1.1" 200 -
54.238.175.2 - - [16/Jul/2026 06:26:20] "GET /api/refresh?date=20260716 HTTP/1.1" 200 -
54.238.175.2 - - [16/Jul/2026 06:33:02] "GET /api/refresh?date=20260716 HTTP/1.1" 200 -
54.238.175.2 - - [16/Jul/2026 06:36:20] "GET /api/refresh?date=20260716 HTTP/1.1" 200 -
89.248.172.10 - - [16/Jul/2026 06:38:22] code 400, message Bad request version ("¯nãY»bhlÿ(=':©\x82ÙoÈ¢×\x93\x98´ï\x80å¹\x90\x00(À")
89.248.172.10 - - [16/Jul/2026 06:38:22] "[31m[1m\x16\x03\x02\x01o\x01\x00\x01k\x03\x02RHÅ\x1a#÷:Nßâ´\x82/ÿ\x09T\x9f§Äy°hÆ\x13\x8c¤\x1c="á\x1a\x98 \x84´,\x85¯nãY»bhlÿ(=':©\x82ÙoÈ¢×\x93\x98´ï\x80å¹\x90\x00(À[0m" 400 -
54.238.175.2 - - [16/Jul/2026 06:43:03] "GET /api/refresh?date=20260716 HTTP/1.1" 200 -
54.238.175.2 - - [16/Jul/2026 06:46:21] "GET /api/refresh?date=20260716 HTTP/1.1" 200 -
54.238.175.2 - - [16/Jul/2026 06:53:03] "GET /api/refresh?date=20260716 HTTP/1.1" 200 -
54.238.175.2 - - [16/Jul/2026 06:56:21] "GET /api/refresh?date=20260716 HTTP/1.1" 200 -
151.243.11.233 - - [16/Jul/2026 06:57:08] "GET / HTTP/1.1" 200 -
151.243.11.233 - - [16/Jul/2026 06:57:09] "[33mGET /favicon.ico HTTP/1.1[0m" 404 -
54.238.175.2 - - [16/Jul/2026 07:03:03] "GET /api/refresh?date=20260716 HTTP/1.1" 200 -
54.238.175.2 - - [16/Jul/2026 07:06:21] "GET /api/refresh?date=20260716 HTTP/1.1" 200 -
45.205.1.240 - - [16/Jul/2026 07:19:45] "GET / HTTP/1.1" 200 -
45.205.1.240 - - [16/Jul/2026 07:19:46] "[33mGET /favicon.ico HTTP/1.1[0m" 404 -
54.238.175.2 - - [16/Jul/2026 07:23:03] "GET /api/refresh?date=20260716 HTTP/1.1" 200 -
54.238.175.2 - - [16/Jul/2026 07:26:21] "GET /api/refresh?date=20260716 HTTP/1.1" 200 -
85.239.151.51 - - [16/Jul/2026 07:30:44] code 400, message Bad request syntax ('\x03\x00\x00\x13\x0eà\x00\x00\x00\x00\x00\x01\x00\x08\x00\x03\x00\x00\x00')
85.239.151.51 - - [16/Jul/2026 07:30:44] "[31m[1m\x03\x00\x00\x13\x0eà\x00\x00\x00\x00\x00\x01\x00\x08\x00\x03\x00\x00\x00[0m" 400 -
85.239.151.51 - - [16/Jul/2026 07:30:48] code 400, message Bad request syntax ('\x03\x00\x00\x13\x0eà\x00\x00\x00\x00\x00\x01\x00\x08\x00\x03\x00\x00\x00')
85.239.151.51 - - [16/Jul/2026 07:30:48] "[31m[1m\x03\x00\x00\x13\x0eà\x00\x00\x00\x00\x00\x01\x00\x08\x00\x03\x00\x00\x00[0m" 400 -
54.238.175.2 - - [16/Jul/2026 07:33:03] "GET /api/refresh?date=20260716 HTTP/1.1" 200 -
54.238.175.2 - - [16/Jul/2026 07:36:21] "GET /api/refresh?date=20260716 HTTP/1.1" 200 -
54.238.175.2 - - [16/Jul/2026 07:43:03] "GET /api/refresh?date=20260716 HTTP/1.1" 200 -
54.238.175.2 - - [16/Jul/2026 07:46:21] "GET /api/refresh?date=20260716 HTTP/1.1" 200 -
20.84.145.62 - - [16/Jul/2026 07:46:48] "[33mGET /v2/ HTTP/1.1[0m" 404 -
54.238.175.2 - - [16/Jul/2026 07:53:03] "GET /api/refresh?date=20260716 HTTP/1.1" 200 -
54.238.175.2 - - [16/Jul/2026 07:56:21] "GET /api/refresh?date=20260716 HTTP/1.1" 200 -
114.244.75.156 - - [16/Jul/2026 07:59:17] "GET / HTTP/1.1" 200 -
114.244.75.156 - - [16/Jul/2026 07:59:17] "[36mGET /static/app.js?v=1.0.4 HTTP/1.1[0m" 304 -
114.244.64.60 - - [16/Jul/2026 07:59:17] "[36mGET /static/style.css?v=1.0.4 HTTP/1.1[0m" 304 -
114.244.75.156 - - [16/Jul/2026 07:59:18] "GET /api/matches?today=20260716 HTTP/1.1" 200 -
114.244.64.60 - - [16/Jul/2026 07:59:19] "GET /api/prediction_backtest HTTP/1.1" 200 -
114.244.75.156 - - [16/Jul/2026 07:59:37] "GET /api/match_details?id=4492532&home=瓜亚基尔巴塞罗那&away=瓜亚基尔城 HTTP/1.1" 200 -
114.244.64.60 - - [16/Jul/2026 07:59:37] "GET /api/ai_config HTTP/1.1" 200 -
【极速解密】成功解析出 267 场赛事数据！
检测到抓取今日(20260716)赛事，启动【极速解密方案】...
【极速解密】成功解析出 267 场赛事数据！
Automatic fixture refresh completed: 274 matches for 20260716
检测到抓取今日(20260716)赛事，启动【极速解密方案】...
【极速解密】成功解析出 267 场赛事数据！
检测到抓取今日(20260716)赛事，启动【极速解密方案】...
【极速解密】成功解析出 267 场赛事数据！
检测到抓取今日(20260716)赛事，启动【极速解密方案】...
【极速解密】成功解析出 267 场赛事数据！
Automatic fixture refresh completed: 274 matches for 20260716
检测到抓取今日(20260716)赛事，启动【极速解密方案】...
【极速解密】成功解析出 267 场赛事数据！
检测到抓取今日(20260716)赛事，启动【极速解密方案】...
【极速解密】成功解析出 267 场赛事数据！
检测到抓取今日(20260716)赛事，启动【极速解密方案】...
【极速解密】成功解析出 267 场赛事数据！
Automatic fixture refresh completed: 274 matches for 20260716
检测到抓取今日(20260716)赛事，启动【极速解密方案】...
【极速解密】第一志愿静态链接失败: <urlopen error _ssl.c:975: The handshake operation timed out>，启动灾备方案：从 live 首页动态定位数据源...
【极速解密】出错: 无法加载 alifInfo 数据源 JS，安全返回空列表。
检测到抓取今日(20260716)赛事，启动【极速解密方案】...
【极速解密】成功解析出 267 场赛事数据！
检测到抓取今日(20260716)赛事，启动【极速解密方案】...
【极速解密】成功解析出 269 场赛事数据！
Automatic fixture refresh completed: 276 matches for 20260716
检测到抓取今日(20260716)赛事，启动【极速解密方案】...
【极速解密】成功解析出 269 场赛事数据！
检测到抓取今日(20260716)赛事，启动【极速解密方案】...
【极速解密】成功解析出 269 场赛事数据！
检测到抓取今日(20260716)赛事，启动【极速解密方案】...
【极速解密】成功解析出 269 场赛事数据！
Automatic fixture refresh completed: 276 matches for 20260716
检测到抓取今日(20260716)赛事，启动【极速解密方案】...
【极速解密】成功解析出 269 场赛事数据！
检测到抓取今日(20260716)赛事，启动【极速解密方案】...
【极速解密】成功解析出 269 场赛事数据！
检测到抓取今日(20260716)赛事，启动【极速解密方案】...
【极速解密】成功解析出 269 场赛事数据！
Automatic fixture refresh completed: 276 matches for 20260716
检测到抓取今日(20260716)赛事，启动【极速解密方案】...
【极速解密】成功解析出 269 场赛事数据！
检测到抓取今日(20260716)赛事，启动【极速解密方案】...
【极速解密】成功解析出 269 场赛事数据！
检测到抓取今日(20260716)赛事，启动【极速解密方案】...
【极速解密】成功解析出 269 场赛事数据！
Automatic fixture refresh completed: 276 matches for 20260716
检测到抓取今日(20260716)赛事，启动【极速解密方案】...
【极速解密】成功解析出 269 场赛事数据！
检测到抓取今日(20260716)赛事，启动【极速解密方案】...
【极速解密】成功解析出 269 场赛事数据！
检测到抓取今日(20260716)赛事，启动【极速解密方案】...
【极速解密】成功解析出 269 场赛事数据！
Automatic fixture refresh completed: 276 matches for 20260716
检测到抓取今日(20260716)赛事，启动【极速解密方案】...
【极速解密】成功解析出 269 场赛事数据！
Automatic fixture refresh completed: 276 matches for 20260716
检测到抓取今日(20260716)赛事，启动【极速解密方案】...
【极速解密】成功解析出 269 场赛事数据！
检测到抓取今日(20260716)赛事，启动【极速解密方案】...
【极速解密】成功解析出 269 场赛事数据！
检测到抓取今日(20260716)赛事，启动【极速解密方案】...
【极速解密】成功解析出 269 场赛事数据！
Automatic fixture refresh completed: 276 matches for 20260716
检测到抓取今日(20260716)赛事，启动【极速解密方案】...
【极速解密】成功解析出 269 场赛事数据！
检测到抓取今日(20260716)赛事，启动【极速解密方案】...
【极速解密】成功解析出 269 场赛事数据！
检测到抓取今日(20260716)赛事，启动【极速解密方案】...
【极速解密】成功解析出 269 场赛事数据！
Automatic fixture refresh completed: 276 matches for 20260716
检测到抓取今日(20260716)赛事，启动【极速解密方案】...
【极速解密】成功解析出 269 场赛事数据！
检测到抓取今日(20260716)赛事，启动【极速解密方案】...
【极速解密】成功解析出 269 场赛事数据！
检测到抓取今日(20260716)赛事，启动【极速解密方案】...
【极速解密】成功解析出 269 场赛事数据！
Automatic fixture refresh completed: 276 matches for 20260716
检测到抓取今日(20260716)赛事，启动【极速解密方案】...
【极速解密】成功解析出 269 场赛事数据！
检测到抓取今日(20260716)赛事，启动【极速解密方案】...
【极速解密】成功解析出 269 场赛事数据！
检测到抓取今日(20260716)赛事，启动【极速解密方案】...
【极速解密】第一志愿静态链接失败: <urlopen error _ssl.c:975: The handshake operation timed out>，启动灾备方案：从 live 首页动态定位数据源...
【极速解密】出错: 无法加载 alifInfo 数据源 JS，安全返回空列表。
Automatic fixture refresh completed: 215 matches for 20260716
Scraping analysis page (HTML): https://live.leisu.com/shujufenxi-4492532
[2026-07-16 07:59:33] solve_waf_via_node: Starting node solver for https://live.leisu.com/shujufenxi-4492532 (NODE_PATH=/usr/local/bin/node)
[2026-07-16 07:59:33] solve_waf_via_node: Successfully solved WAF! Cookie prefix: 1234cf0d46-1cc5...
[2026-07-16 07:59:33] fetch_html_with_bypass: Retrying request to https://live.leisu.com/shujufenxi-4492532 with new acw_sc__v2 WAF cookie...
[2026-07-16 07:59:34] fetch_html_with_bypass: Retry successful! HTML length: 64040
Fetching lineup and injuries via API for match 4492532...
API Lineup: Successfully parsed 0 injuries, 0 starting and 0 substitutes for home.
Attempting to decrypt shujufenxi JS data package for match 4492532 ...
decrypt_shujufenxi_data: Fetching JS data from https://live.leisu.com/shujufenxi/4508c23e66a0.js ...
decrypt_shujufenxi_data: Successfully decrypted ciphertext with offset 13!
Successfully decrypted shujufenxi JS data!
Scraping SWOT page: https://www.leisu.com/guide/swot-4492532
SWOT page loaded. Length: 26542
[2026-07-16 07:59:38] get_odds_detail_via_playwright: Phase 1 (H5 API) starting for match=4492532, cid=2, type=1
Direct H5 API Fetcher: Fetching odds detail for match 4492532, cid 2, type 1 ...
[2026-07-16 07:59:38] get_odds_detail_via_api: Empty or missing data in res_json. Code=100007
[2026-07-16 07:59:38] H5 API approach returned error: API business error code 100007: {'code': 100007, 'data': None, 'msg': '请求非法', 'time': '2026-07-16 07:59:38'}. Falling back to HTML Scraper...
[2026-07-16 07:59:38] get_odds_detail_via_playwright: Phase 2 (HTML Scraper) starting for match=4492532, cid=2
[2026-07-16 07:59:38] Pure HTML Scraper: Fetching trend HTML via bypass: https://odds.leisu.com/trend-4492532-2 ...
[2026-07-16 07:59:38] solve_waf_via_node: Starting node solver for https://odds.leisu.com/trend-4492532-2 (NODE_PATH=/usr/local/bin/node)
[2026-07-16 07:59:39] solve_waf_via_node: Successfully solved WAF! Cookie prefix: 1234cf0d46-e37a...
[2026-07-16 07:59:39] fetch_html_with_bypass: Retrying request to https://odds.leisu.com/trend-4492532-2 with new acw_sc__v2 WAF cookie...
[2026-07-16 07:59:39] fetch_html_with_bypass: Retry successful! HTML length: 120235
114.244.64.60 - - [16/Jul/2026 07:59:39] "GET /api/match_odds_detail?match_id=4492532&cid=2&type=1 HTTP/1.1" 200 -
114.244.75.156 - - [16/Jul/2026 07:59:41] "GET /api/match_odds_detail?match_id=4492532&cid=3&type=1 HTTP/1.1" 200 -
114.244.75.156 - - [16/Jul/2026 07:59:43] "GET /api/match_odds_detail?match_id=4492532&cid=9&type=1 HTTP/1.1" 200 -
114.244.75.156 - - [16/Jul/2026 07:59:45] "GET /api/match_odds_detail?match_id=4492532&cid=10&type=1 HTTP/1.1" 200 -
114.244.75.156 - - [16/Jul/2026 07:59:46] "GET /api/match_odds_detail?match_id=4492532&cid=7&type=1 HTTP/1.1" 200 -
114.244.75.156 - - [16/Jul/2026 07:59:48] "GET /api/match_odds_detail?match_id=4492532&cid=5&type=1 HTTP/1.1" 200 -
114.244.75.156 - - [16/Jul/2026 07:59:55] "GET /api/match_odds_detail?match_id=4492532&cid=11&type=1 HTTP/1.1" 200 -
114.244.75.156 - - [16/Jul/2026 07:59:57] "GET /api/match_odds_detail?match_id=4492532&cid=13&type=1 HTTP/1.1" 200 -
114.244.75.156 - - [16/Jul/2026 07:59:59] "GET /api/match_odds_detail?match_id=4492532&cid=14&type=1 HTTP/1.1" 200 -
[2026-07-16 07:59:39] parse_trend_html_data: Successfully parsed and decrypted 86 trend items!
[2026-07-16 07:59:39] Successfully fetched odds details via high performance Pure HTML Scraper!
[2026-07-16 07:59:40] get_odds_detail_via_playwright: Phase 1 (H5 API) starting for match=4492532, cid=3, type=1
Direct H5 API Fetcher: Fetching odds detail for match 4492532, cid 3, type 1 ...
[2026-07-16 07:59:40] get_odds_detail_via_api: Empty or missing data in res_json. Code=100007
[2026-07-16 07:59:40] H5 API approach returned error: API business error code 100007: {'code': 100007, 'data': None, 'msg': '请求非法', 'time': '2026-07-16 07:59:40'}. Falling back to HTML Scraper...
[2026-07-16 07:59:40] get_odds_detail_via_playwright: Phase 2 (HTML Scraper) starting for match=4492532, cid=3
[2026-07-16 07:59:40] Pure HTML Scraper: Fetching trend HTML via bypass: https://odds.leisu.com/trend-4492532-3 ...
[2026-07-16 07:59:41] parse_trend_html_data: Successfully parsed and decrypted 48 trend items!
[2026-07-16 07:59:41] Successfully fetched odds details via high performance Pure HTML Scraper!
[2026-07-16 07:59:41] get_odds_detail_via_playwright: Phase 1 (H5 API) starting for match=4492532, cid=9, type=1
Direct H5 API Fetcher: Fetching odds detail for match 4492532, cid 9, type 1 ...
[2026-07-16 07:59:42] get_odds_detail_via_api: Empty or missing data in res_json. Code=100007
[2026-07-16 07:59:42] H5 API approach returned error: API business error code 100007: {'code': 100007, 'data': None, 'msg': '请求非法', 'time': '2026-07-16 07:59:42'}. Falling back to HTML Scraper...
[2026-07-16 07:59:42] get_odds_detail_via_playwright: Phase 2 (HTML Scraper) starting for match=4492532, cid=9
[2026-07-16 07:59:42] Pure HTML Scraper: Fetching trend HTML via bypass: https://odds.leisu.com/trend-4492532-9 ...
[2026-07-16 07:59:43] parse_trend_html_data: Successfully parsed and decrypted 38 trend items!
[2026-07-16 07:59:43] Successfully fetched odds details via high performance Pure HTML Scraper!
[2026-07-16 07:59:43] get_odds_detail_via_playwright: Phase 1 (H5 API) starting for match=4492532, cid=10, type=1
Direct H5 API Fetcher: Fetching odds detail for match 4492532, cid 10, type 1 ...
[2026-07-16 07:59:44] get_odds_detail_via_api: Empty or missing data in res_json. Code=100007
[2026-07-16 07:59:44] H5 API approach returned error: API business error code 100007: {'code': 100007, 'data': None, 'msg': '请求非法', 'time': '2026-07-16 07:59:44'}. Falling back to HTML Scraper...
[2026-07-16 07:59:44] get_odds_detail_via_playwright: Phase 2 (HTML Scraper) starting for match=4492532, cid=10
[2026-07-16 07:59:44] Pure HTML Scraper: Fetching trend HTML via bypass: https://odds.leisu.com/trend-4492532-10 ...
[2026-07-16 07:59:45] parse_trend_html_data: Successfully parsed and decrypted 84 trend items!
[2026-07-16 07:59:45] Successfully fetched odds details via high performance Pure HTML Scraper!
[2026-07-16 07:59:45] get_odds_detail_via_playwright: Phase 1 (H5 API) starting for match=4492532, cid=7, type=1
Direct H5 API Fetcher: Fetching odds detail for match 4492532, cid 7, type 1 ...
[2026-07-16 07:59:46] get_odds_detail_via_api: Empty or missing data in res_json. Code=100007
[2026-07-16 07:59:46] H5 API approach returned error: API business error code 100007: {'code': 100007, 'data': None, 'msg': '请求非法', 'time': '2026-07-16 07:59:46'}. Falling back to HTML Scraper...
[2026-07-16 07:59:46] get_odds_detail_via_playwright: Phase 2 (HTML Scraper) starting for match=4492532, cid=7
[2026-07-16 07:59:46] Pure HTML Scraper: Fetching trend HTML via bypass: https://odds.leisu.com/trend-4492532-7 ...
[2026-07-16 07:59:46] parse_trend_html_data: Successfully parsed and decrypted 1 trend items!
[2026-07-16 07:59:46] Successfully fetched odds details via high performance Pure HTML Scraper!
[2026-07-16 07:59:47] get_odds_detail_via_playwright: Phase 1 (H5 API) starting for match=4492532, cid=5, type=1
Direct H5 API Fetcher: Fetching odds detail for match 4492532, cid 5, type 1 ...
[2026-07-16 07:59:48] get_odds_detail_via_api: Empty or missing data in res_json. Code=100007
[2026-07-16 07:59:48] H5 API approach returned error: API business error code 100007: {'code': 100007, 'data': None, 'msg': '请求非法', 'time': '2026-07-16 07:59:48'}. Falling back to HTML Scraper...
[2026-07-16 07:59:48] get_odds_detail_via_playwright: Phase 2 (HTML Scraper) starting for match=4492532, cid=5
[2026-07-16 07:59:48] Pure HTML Scraper: Fetching trend HTML via bypass: https://odds.leisu.com/trend-4492532-5 ...
[2026-07-16 07:59:48] Pure HTML Scraper returned empty or failed.
[2026-07-16 07:59:48] Playwright Subprocess Crawler Disabled for match 4492532, cid 5, type 1 to protect server resources.
[2026-07-16 07:59:49] get_odds_detail_via_playwright: Phase 1 (H5 API) starting for match=4492532, cid=11, type=1
Direct H5 API Fetcher: Fetching odds detail for match 4492532, cid 11, type 1 ...
[2026-07-16 07:59:54] Failed to get time for H5 odds detail: <urlopen error _ssl.c:975: The handshake operation timed out>
[2026-07-16 07:59:54] get_odds_detail_via_api: Empty or missing data in res_json. Code=100007
[2026-07-16 07:59:54] H5 API approach returned error: API business error code 100007: {'code': 100007, 'data': None, 'msg': '请求非法', 'time': '2026-07-16 07:59:54'}. Falling back to HTML Scraper...
[2026-07-16 07:59:54] get_odds_detail_via_playwright: Phase 2 (HTML Scraper) starting for match=4492532, cid=11
[2026-07-16 07:59:54] Pure HTML Scraper: Fetching trend HTML via bypass: https://odds.leisu.com/trend-4492532-11 ...
[2026-07-16 07:59:55] parse_trend_html_data: Successfully parsed and decrypted 32 trend items!
[2026-07-16 07:59:55] Successfully fetched odds details via high performance Pure HTML Scraper!
[2026-07-16 07:59:56] get_odds_detail_via_playwright: Phase 1 (H5 API) starting for match=4492532, cid=13, type=1
Direct H5 API Fetcher: Fetching odds detail for match 4492532, cid 13, type 1 ...
[2026-07-16 07:59:56] get_odds_detail_via_api: Empty or missing data in res_json. Code=100007
[2026-07-16 07:59:56] H5 API approach returned error: API business error code 100007: {'code': 100007, 'data': None, 'msg': '请求非法', 'time': '2026-07-16 07:59:56'}. Falling back to HTML Scraper...
[2026-07-16 07:59:56] get_odds_detail_via_playwright: Phase 2 (HTML Scraper) starting for match=4492532, cid=13
[2026-07-16 07:59:56] Pure HTML Scraper: Fetching trend HTML via bypass: https://odds.leisu.com/trend-4492532-13 ...
[2026-07-16 07:59:57] Pure HTML Scraper returned empty or failed.
[2026-07-16 07:59:57] Playwright Subprocess Crawler Disabled for match 4492532, cid 13, type 1 to protect server resources.
[2026-07-16 07:59:57] get_odds_detail_via_playwright: Phase 1 (H5 API) starting for match=4492532, cid=14, type=1
Direct H5 API Fetcher: Fetching odds detail for match 4492532, cid 14, type 1 ...
[2026-07-16 07:59:58] get_odds_detail_via_api: Empty or missing data in res_json. Code=100007
[2026-07-16 07:59:58] H5 API approach returned error: API business error code 100007: {'code': 100007, 'data': None, 'msg': '请求非法', 'time': '2026-07-16 07:59:58'}. Falling back to HTML Scraper...
[2026-07-16 07:59:58] get_odds_detail_via_playwright: Phase 2 (HTML Scraper) starting for match=4492532, cid=14
[2026-07-16 07:59:58] Pure HTML Scraper: Fetching trend HTML via bypass: https://odds.leisu.com/trend-4492532-14 ...
[2026-07-16 07:59:59] parse_trend_html_data: Successfully parsed and decrypted 112 trend items!
[2026-07-16 07:59:59] Successfully fetched odds details via high performance Pure HTML Scraper!
[2026-07-16 07:59:59] get_odds_detail_via_playwright: Phase 1 (H5 API) starting for match=4492532, cid=15, type=1
Direct H5 API Fetcher: Fetching odds detail for match 4492532, cid 15, type 1 ...
[2026-07-16 08:00:00] get_odds_detail_via_api: Empty or missing data in res_json. Code=100007
[2026-07-16 08:00:00] H5 API approach returned error: API business error code 100007: {'code': 100007, 'data': None, 'msg': '请求非法', 'time': '2026-07-16 08:00:00'}. Falling back to HTML Scraper...
114.244.64.60 - - [16/Jul/2026 08:00:01] "GET /api/match_odds_detail?match_id=4492532&cid=15&type=1 HTTP/1.1" 200 -
114.244.64.60 - - [16/Jul/2026 08:00:03] "GET /api/match_odds_detail?match_id=4492532&cid=16&type=1 HTTP/1.1" 200 -
114.244.64.60 - - [16/Jul/2026 08:00:05] "GET /api/match_odds_detail?match_id=4492532&cid=17&type=1 HTTP/1.1" 200 -
114.244.64.60 - - [16/Jul/2026 08:00:07] "POST /api/match_ai_analysis HTTP/1.1" 200 -
114.244.64.60 - - [16/Jul/2026 08:00:09] "POST /api/match_ai_analysis HTTP/1.1" 200 -
114.244.64.60 - - [16/Jul/2026 08:00:10] "GET /api/ai_analysis_status?match_id=4492532 HTTP/1.1" 200 -
114.244.75.156 - - [16/Jul/2026 08:00:12] "GET /api/ai_analysis_status?match_id=4492532 HTTP/1.1" 200 -
114.244.64.60 - - [16/Jul/2026 08:00:13] "GET /api/ai_analysis_status?match_id=4492532 HTTP/1.1" 200 -
114.244.64.60 - - [16/Jul/2026 08:00:15] "GET /api/ai_analysis_status?match_id=4492532 HTTP/1.1" 200 -
114.244.75.156 - - [16/Jul/2026 08:00:16] "GET /api/ai_analysis_status?match_id=4492532 HTTP/1.1" 200 -
114.244.75.156 - - [16/Jul/2026 08:00:18] "GET /api/ai_analysis_status?match_id=4492532 HTTP/1.1" 200 -
114.244.75.156 - - [16/Jul/2026 08:00:19] "GET /api/ai_analysis_status?match_id=4492532 HTTP/1.1" 200 -
114.244.75.156 - - [16/Jul/2026 08:00:21] "GET /api/ai_analysis_status?match_id=4492532 HTTP/1.1" 200 -
114.244.75.156 - - [16/Jul/2026 08:00:23] "GET /api/ai_analysis_status?match_id=4492532 HTTP/1.1" 200 -
114.244.64.60 - - [16/Jul/2026 08:00:24] "GET /api/ai_analysis_status?match_id=4492532 HTTP/1.1" 200 -
114.244.75.156 - - [16/Jul/2026 08:00:25] "GET /api/ai_analysis_status?match_id=4492532 HTTP/1.1" 200 -
114.244.75.156 - - [16/Jul/2026 08:00:27] "GET /api/ai_analysis_status?match_id=4492532 HTTP/1.1" 200 -
114.244.75.156 - - [16/Jul/2026 08:00:28] "GET /api/ai_analysis_status?match_id=4492532 HTTP/1.1" 200 -
114.244.64.60 - - [16/Jul/2026 08:00:30] "GET /api/ai_analysis_status?match_id=4492532 HTTP/1.1" 200 -
114.244.75.156 - - [16/Jul/2026 08:00:31] "GET /api/ai_analysis_status?match_id=4492532 HTTP/1.1" 200 -
114.244.75.156 - - [16/Jul/2026 08:00:33] "GET /api/ai_analysis_status?match_id=4492532 HTTP/1.1" 200 -
114.244.75.156 - - [16/Jul/2026 08:00:34] "GET /api/ai_analysis_status?match_id=4492532 HTTP/1.1" 200 -
114.244.64.60 - - [16/Jul/2026 08:00:36] "GET /api/ai_analysis_status?match_id=4492532 HTTP/1.1" 200 -
114.244.75.156 - - [16/Jul/2026 08:00:37] "GET /api/ai_analysis_status?match_id=4492532 HTTP/1.1" 200 -
114.244.75.156 - - [16/Jul/2026 08:00:39] "GET /api/ai_analysis_status?match_id=4492532 HTTP/1.1" 200 -
114.244.64.60 - - [16/Jul/2026 08:00:40] "GET /api/ai_analysis_status?match_id=4492532 HTTP/1.1" 200 -
114.244.75.156 - - [16/Jul/2026 08:00:42] "GET /api/ai_analysis_status?match_id=4492532 HTTP/1.1" 200 -
114.244.64.60 - - [16/Jul/2026 08:00:43] "GET /api/ai_analysis_status?match_id=4492532 HTTP/1.1" 200 -
114.244.64.60 - - [16/Jul/2026 08:00:45] "GET /api/ai_analysis_status?match_id=4492532 HTTP/1.1" 200 -
114.244.64.60 - - [16/Jul/2026 08:00:46] "GET /api/ai_analysis_status?match_id=4492532 HTTP/1.1" 200 -
114.244.64.60 - - [16/Jul/2026 08:00:48] "GET /api/ai_analysis_status?match_id=4492532 HTTP/1.1" 200 -
114.244.75.156 - - [16/Jul/2026 08:00:49] "GET /api/ai_analysis_status?match_id=4492532 HTTP/1.1" 200 -
114.244.64.60 - - [16/Jul/2026 08:00:51] "GET /api/ai_analysis_status?match_id=4492532 HTTP/1.1" 200 -
114.244.64.60 - - [16/Jul/2026 08:00:52] "GET /api/ai_analysis_status?match_id=4492532 HTTP/1.1" 200 -
114.244.75.156 - - [16/Jul/2026 08:00:54] "GET /api/ai_analysis_status?match_id=4492532 HTTP/1.1" 200 -
114.244.75.156 - - [16/Jul/2026 08:00:56] "GET /api/ai_analysis_status?match_id=4492532 HTTP/1.1" 200 -
114.244.64.60 - - [16/Jul/2026 08:00:57] "GET /api/ai_analysis_status?match_id=4492532 HTTP/1.1" 200 -
114.244.64.60 - - [16/Jul/2026 08:00:59] "GET /api/ai_analysis_status?match_id=4492532 HTTP/1.1" 200 -
114.244.64.60 - - [16/Jul/2026 08:01:00] "GET /api/ai_analysis_status?match_id=4492532 HTTP/1.1" 200 -
114.244.75.156 - - [16/Jul/2026 08:01:01] "GET /api/ai_analysis_status?match_id=4492532 HTTP/1.1" 200 -
114.244.75.156 - - [16/Jul/2026 08:01:03] "GET /api/ai_analysis_status?match_id=4492532 HTTP/1.1" 200 -
114.244.64.60 - - [16/Jul/2026 08:01:04] "GET /api/ai_analysis_status?match_id=4492532 HTTP/1.1" 200 -
114.244.75.156 - - [16/Jul/2026 08:01:06] "GET /api/ai_analysis_status?match_id=4492532 HTTP/1.1" 200 -
114.244.75.156 - - [16/Jul/2026 08:01:08] "GET /api/ai_analysis_status?match_id=4492532 HTTP/1.1" 200 -
114.244.64.60 - - [16/Jul/2026 08:01:09] "GET /api/ai_analysis_status?match_id=4492532 HTTP/1.1" 200 -
114.244.64.60 - - [16/Jul/2026 08:01:11] "GET /api/ai_analysis_status?match_id=4492532 HTTP/1.1" 200 -
114.244.75.156 - - [16/Jul/2026 08:01:12] "GET /api/ai_analysis_status?match_id=4492532 HTTP/1.1" 200 -
114.244.64.60 - - [16/Jul/2026 08:01:14] "GET /api/ai_analysis_status?match_id=4492532 HTTP/1.1" 200 -
114.244.64.60 - - [16/Jul/2026 08:01:15] "GET /api/ai_analysis_status?match_id=4492532 HTTP/1.1" 200 -
114.244.75.156 - - [16/Jul/2026 08:01:17] "GET /api/ai_analysis_status?match_id=4492532 HTTP/1.1" 200 -
114.244.64.60 - - [16/Jul/2026 08:01:18] "GET /api/ai_analysis_status?match_id=4492532 HTTP/1.1" 200 -
114.244.75.156 - - [16/Jul/2026 08:01:20] "GET /api/ai_analysis_status?match_id=4492532 HTTP/1.1" 200 -
114.244.64.60 - - [16/Jul/2026 08:01:21] "GET /api/ai_analysis_status?match_id=4492532 HTTP/1.1" 200 -
114.244.64.60 - - [16/Jul/2026 08:01:23] "GET /api/ai_analysis_status?match_id=4492532 HTTP/1.1" 200 -
114.244.64.60 - - [16/Jul/2026 08:01:24] "GET /api/ai_analysis_status?match_id=4492532 HTTP/1.1" 200 -
114.244.75.156 - - [16/Jul/2026 08:01:26] "GET /api/ai_analysis_status?match_id=4492532 HTTP/1.1" 200 -
114.244.64.60 - - [16/Jul/2026 08:01:27] "GET /api/ai_analysis_status?match_id=4492532 HTTP/1.1" 200 -
114.244.64.60 - - [16/Jul/2026 08:01:29] "GET /api/ai_analysis_status?match_id=4492532 HTTP/1.1" 200 -
114.244.75.156 - - [16/Jul/2026 08:01:30] "GET /api/ai_analysis_status?match_id=4492532 HTTP/1.1" 200 -
114.244.64.60 - - [16/Jul/2026 08:01:32] "GET /api/ai_analysis_status?match_id=4492532 HTTP/1.1" 200 -
114.244.75.156 - - [16/Jul/2026 08:01:33] "GET /api/ai_analysis_status?match_id=4492532 HTTP/1.1" 200 -
114.244.75.156 - - [16/Jul/2026 08:01:35] "GET /api/ai_analysis_status?match_id=4492532 HTTP/1.1" 200 -
114.244.64.60 - - [16/Jul/2026 08:01:36] "GET /api/ai_analysis_status?match_id=4492532 HTTP/1.1" 200 -
114.244.75.156 - - [16/Jul/2026 08:01:38] "GET /api/ai_analysis_status?match_id=4492532 HTTP/1.1" 200 -
114.244.75.156 - - [16/Jul/2026 08:01:39] "GET /api/ai_analysis_status?match_id=4492532 HTTP/1.1" 200 -
114.244.75.156 - - [16/Jul/2026 08:01:41] "GET /api/ai_analysis_status?match_id=4492532 HTTP/1.1" 200 -
114.244.75.156 - - [16/Jul/2026 08:01:42] "GET /api/ai_analysis_status?match_id=4492532 HTTP/1.1" 200 -
114.244.75.156 - - [16/Jul/2026 08:01:44] "GET /api/ai_analysis_status?match_id=4492532 HTTP/1.1" 200 -
114.244.75.156 - - [16/Jul/2026 08:01:45] "GET /api/ai_analysis_status?match_id=4492532 HTTP/1.1" 200 -
114.244.75.156 - - [16/Jul/2026 08:01:47] "GET /api/ai_analysis_status?match_id=4492532 HTTP/1.1" 200 -
114.244.75.156 - - [16/Jul/2026 08:01:48] "GET /api/ai_analysis_status?match_id=4492532 HTTP/1.1" 200 -
114.244.64.60 - - [16/Jul/2026 08:01:50] "GET /api/ai_analysis_status?match_id=4492532 HTTP/1.1" 200 -
114.244.64.60 - - [16/Jul/2026 08:01:51] "GET /api/ai_analysis_status?match_id=4492532 HTTP/1.1" 200 -
114.244.64.60 - - [16/Jul/2026 08:01:53] "GET /api/ai_analysis_status?match_id=4492532 HTTP/1.1" 200 -
114.244.64.60 - - [16/Jul/2026 08:01:54] "GET /api/ai_analysis_status?match_id=4492532 HTTP/1.1" 200 -
114.244.75.156 - - [16/Jul/2026 08:01:56] "GET /api/ai_analysis_status?match_id=4492532 HTTP/1.1" 200 -
114.244.64.60 - - [16/Jul/2026 08:01:57] "GET /api/ai_analysis_status?match_id=4492532 HTTP/1.1" 200 -
114.244.75.156 - - [16/Jul/2026 08:01:59] "GET /api/ai_analysis_status?match_id=4492532 HTTP/1.1" 200 -
114.244.75.156 - - [16/Jul/2026 08:02:00] "GET /api/ai_analysis_status?match_id=4492532 HTTP/1.1" 200 -
114.244.64.60 - - [16/Jul/2026 08:02:02] "GET /api/ai_analysis_status?match_id=4492532 HTTP/1.1" 200 -
114.244.64.60 - - [16/Jul/2026 08:02:03] "GET /api/ai_analysis_status?match_id=4492532 HTTP/1.1" 200 -
114.244.75.156 - - [16/Jul/2026 08:02:05] "GET /api/ai_analysis_status?match_id=4492532 HTTP/1.1" 200 -
114.244.75.156 - - [16/Jul/2026 08:02:06] "GET /api/ai_analysis_status?match_id=4492532 HTTP/1.1" 200 -
114.244.64.60 - - [16/Jul/2026 08:02:08] "GET /api/ai_analysis_status?match_id=4492532 HTTP/1.1" 200 -
114.244.75.156 - - [16/Jul/2026 08:02:09] "GET /api/ai_analysis_status?match_id=4492532 HTTP/1.1" 200 -
114.244.64.60 - - [16/Jul/2026 08:02:11] "GET /api/ai_analysis_status?match_id=4492532 HTTP/1.1" 200 -
114.244.75.156 - - [16/Jul/2026 08:02:12] "GET /api/ai_analysis_status?match_id=4492532 HTTP/1.1" 200 -
114.244.75.156 - - [16/Jul/2026 08:02:14] "GET /api/ai_analysis_status?match_id=4492532 HTTP/1.1" 200 -
114.244.64.60 - - [16/Jul/2026 08:02:15] "GET /api/ai_analysis_status?match_id=4492532 HTTP/1.1" 200 -
114.244.75.156 - - [16/Jul/2026 08:02:17] "GET /api/ai_analysis_status?match_id=4492532 HTTP/1.1" 200 -
114.244.64.60 - - [16/Jul/2026 08:02:18] "GET /api/ai_analysis_status?match_id=4492532 HTTP/1.1" 200 -
114.244.64.60 - - [16/Jul/2026 08:02:20] "GET /api/ai_analysis_status?match_id=4492532 HTTP/1.1" 200 -
114.244.64.60 - - [16/Jul/2026 08:02:21] "GET /api/ai_analysis_status?match_id=4492532 HTTP/1.1" 200 -
114.244.64.60 - - [16/Jul/2026 08:02:23] "GET /api/ai_analysis_status?match_id=4492532 HTTP/1.1" 200 -
114.244.64.60 - - [16/Jul/2026 08:02:24] "GET /api/ai_analysis_status?match_id=4492532 HTTP/1.1" 200 -
114.244.64.60 - - [16/Jul/2026 08:02:26] "GET /api/ai_analysis_status?match_id=4492532 HTTP/1.1" 200 -
114.244.75.156 - - [16/Jul/2026 08:02:27] "GET /api/ai_analysis_status?match_id=4492532 HTTP/1.1" 200 -
114.244.64.60 - - [16/Jul/2026 08:02:29] "GET /api/ai_analysis_status?match_id=4492532 HTTP/1.1" 200 -
114.244.75.156 - - [16/Jul/2026 08:02:30] "GET /api/ai_analysis_status?match_id=4492532 HTTP/1.1" 200 -
114.244.75.156 - - [16/Jul/2026 08:02:32] "GET /api/ai_analysis_status?match_id=4492532 HTTP/1.1" 200 -
114.244.64.60 - - [16/Jul/2026 08:02:33] "GET /api/ai_analysis_status?match_id=4492532 HTTP/1.1" 200 -
114.244.75.156 - - [16/Jul/2026 08:02:35] "GET /api/ai_analysis_status?match_id=4492532 HTTP/1.1" 200 -
114.244.75.156 - - [16/Jul/2026 08:02:36] "GET /api/ai_analysis_status?match_id=4492532 HTTP/1.1" 200 -
114.244.64.60 - - [16/Jul/2026 08:02:38] "GET /api/ai_analysis_status?match_id=4492532 HTTP/1.1" 200 -
114.244.64.60 - - [16/Jul/2026 08:02:39] "GET /api/ai_analysis_status?match_id=4492532 HTTP/1.1" 200 -
114.244.75.156 - - [16/Jul/2026 08:02:41] "GET /api/ai_analysis_status?match_id=4492532 HTTP/1.1" 200 -
114.244.75.156 - - [16/Jul/2026 08:02:42] "GET /api/ai_analysis_status?match_id=4492532 HTTP/1.1" 200 -
114.244.75.156 - - [16/Jul/2026 08:02:44] "GET /api/ai_analysis_status?match_id=4492532 HTTP/1.1" 200 -
114.244.64.60 - - [16/Jul/2026 08:02:45] "GET /api/ai_analysis_status?match_id=4492532 HTTP/1.1" 200 -
114.244.64.60 - - [16/Jul/2026 08:02:47] "GET /api/ai_analysis_status?match_id=4492532 HTTP/1.1" 200 -
114.244.64.60 - - [16/Jul/2026 08:02:48] "GET /api/ai_analysis_status?match_id=4492532 HTTP/1.1" 200 -
114.244.64.60 - - [16/Jul/2026 08:02:50] "GET /api/ai_analysis_status?match_id=4492532 HTTP/1.1" 200 -
114.244.64.60 - - [16/Jul/2026 08:02:51] "GET /api/ai_analysis_status?match_id=4492532 HTTP/1.1" 200 -
114.244.64.60 - - [16/Jul/2026 08:02:53] "GET /api/ai_analysis_status?match_id=4492532 HTTP/1.1" 200 -
114.244.64.60 - - [16/Jul/2026 08:02:54] "GET /api/ai_analysis_status?match_id=4492532 HTTP/1.1" 200 -
114.244.64.60 - - [16/Jul/2026 08:02:56] "GET /api/ai_analysis_status?match_id=4492532 HTTP/1.1" 200 -
114.244.75.156 - - [16/Jul/2026 08:02:57] "GET /api/ai_analysis_status?match_id=4492532 HTTP/1.1" 200 -
114.244.75.156 - - [16/Jul/2026 08:02:59] "GET /api/ai_analysis_status?match_id=4492532 HTTP/1.1" 200 -
114.244.75.156 - - [16/Jul/2026 08:03:00] "GET /api/ai_analysis_status?match_id=4492532 HTTP/1.1" 200 -
114.244.75.156 - - [16/Jul/2026 08:03:02] "GET /api/ai_analysis_status?match_id=4492532 HTTP/1.1" 200 -
54.238.175.2 - - [16/Jul/2026 08:03:03] "GET /api/refresh?date=20260716 HTTP/1.1" 200 -
114.244.64.60 - - [16/Jul/2026 08:03:03] "GET /api/ai_analysis_status?match_id=4492532 HTTP/1.1" 200 -
114.244.64.60 - - [16/Jul/2026 08:03:05] "GET /api/ai_analysis_status?match_id=4492532 HTTP/1.1" 200 -
114.244.64.60 - - [16/Jul/2026 08:03:06] "GET /api/ai_analysis_status?match_id=4492532 HTTP/1.1" 200 -
114.244.64.60 - - [16/Jul/2026 08:03:08] "GET /api/ai_analysis_status?match_id=4492532 HTTP/1.1" 200 -
114.244.75.156 - - [16/Jul/2026 08:03:09] "GET /api/ai_analysis_status?match_id=4492532 HTTP/1.1" 200 -
114.244.64.60 - - [16/Jul/2026 08:03:11] "GET /api/ai_analysis_status?match_id=4492532 HTTP/1.1" 200 -
114.244.75.156 - - [16/Jul/2026 08:03:12] "GET /api/ai_analysis_status?match_id=4492532 HTTP/1.1" 200 -
114.244.75.156 - - [16/Jul/2026 08:03:14] "GET /api/ai_analysis_status?match_id=4492532 HTTP/1.1" 200 -
114.244.75.156 - - [16/Jul/2026 08:03:15] "GET /api/ai_analysis_status?match_id=4492532 HTTP/1.1" 200 -
114.244.75.156 - - [16/Jul/2026 08:03:17] "GET /api/ai_analysis_status?match_id=4492532 HTTP/1.1" 200 -
114.244.64.60 - - [16/Jul/2026 08:03:18] "GET /api/ai_analysis_status?match_id=4492532 HTTP/1.1" 200 -
114.244.75.156 - - [16/Jul/2026 08:03:20] "GET /api/ai_analysis_status?match_id=4492532 HTTP/1.1" 200 -
114.244.64.60 - - [16/Jul/2026 08:03:21] "GET /api/ai_analysis_status?match_id=4492532 HTTP/1.1" 200 -
114.244.64.60 - - [16/Jul/2026 08:03:23] "GET /api/ai_analysis_status?match_id=4492532 HTTP/1.1" 200 -
114.244.64.60 - - [16/Jul/2026 08:03:24] "GET /api/ai_analysis_status?match_id=4492532 HTTP/1.1" 200 -
114.244.75.156 - - [16/Jul/2026 08:03:26] "GET /api/ai_analysis_status?match_id=4492532 HTTP/1.1" 200 -
114.244.64.60 - - [16/Jul/2026 08:03:27] "GET /api/ai_analysis_status?match_id=4492532 HTTP/1.1" 200 -
114.244.64.60 - - [16/Jul/2026 08:03:29] "GET /api/ai_analysis_status?match_id=4492532 HTTP/1.1" 200 -
114.244.64.60 - - [16/Jul/2026 08:03:30] "GET /api/ai_analysis_status?match_id=4492532 HTTP/1.1" 200 -
114.244.75.156 - - [16/Jul/2026 08:03:32] "GET /api/ai_analysis_status?match_id=4492532 HTTP/1.1" 200 -
114.244.64.60 - - [16/Jul/2026 08:03:33] "GET /api/ai_analysis_status?match_id=4492532 HTTP/1.1" 200 -
114.244.75.156 - - [16/Jul/2026 08:03:35] "GET /api/ai_analysis_status?match_id=4492532 HTTP/1.1" 200 -
114.244.75.156 - - [16/Jul/2026 08:03:36] "GET /api/ai_analysis_status?match_id=4492532 HTTP/1.1" 200 -
114.244.64.60 - - [16/Jul/2026 08:03:38] "GET /api/ai_analysis_status?match_id=4492532 HTTP/1.1" 200 -
114.244.75.156 - - [16/Jul/2026 08:03:39] "GET /api/ai_analysis_status?match_id=4492532 HTTP/1.1" 200 -
114.244.75.156 - - [16/Jul/2026 08:03:41] "GET /api/ai_analysis_status?match_id=4492532 HTTP/1.1" 200 -
114.244.75.156 - - [16/Jul/2026 08:03:42] "GET /api/ai_analysis_status?match_id=4492532 HTTP/1.1" 200 -
114.244.75.156 - - [16/Jul/2026 08:03:44] "GET /api/ai_analysis_status?match_id=4492532 HTTP/1.1" 200 -
114.244.64.60 - - [16/Jul/2026 08:03:45] "GET /api/ai_analysis_status?match_id=4492532 HTTP/1.1" 200 -
114.244.64.60 - - [16/Jul/2026 08:03:47] "GET /api/ai_analysis_status?match_id=4492532 HTTP/1.1" 200 -
114.244.64.60 - - [16/Jul/2026 08:03:48] "GET /api/ai_analysis_status?match_id=4492532 HTTP/1.1" 200 -
114.244.75.156 - - [16/Jul/2026 08:03:50] "GET /api/ai_analysis_status?match_id=4492532 HTTP/1.1" 200 -
114.244.64.60 - - [16/Jul/2026 08:03:51] "GET /api/ai_analysis_status?match_id=4492532 HTTP/1.1" 200 -
114.244.64.60 - - [16/Jul/2026 08:03:53] "GET /api/ai_analysis_status?match_id=4492532 HTTP/1.1" 200 -
114.244.64.60 - - [16/Jul/2026 08:03:54] "GET /api/ai_analysis_status?match_id=4492532 HTTP/1.1" 200 -
114.244.75.156 - - [16/Jul/2026 08:03:56] "GET /api/ai_analysis_status?match_id=4492532 HTTP/1.1" 200 -
114.244.64.60 - - [16/Jul/2026 08:03:57] "GET /api/ai_analysis_status?match_id=4492532 HTTP/1.1" 200 -
117.136.0.41 - - [16/Jul/2026 08:05:56] "GET / HTTP/1.1" 200 -
117.136.0.41 - - [16/Jul/2026 08:05:56] "[36mGET /static/style.css?v=1.0.4 HTTP/1.1[0m" 304 -
117.136.0.41 - - [16/Jul/2026 08:05:56] "[36mGET /static/app.js?v=1.0.4 HTTP/1.1[0m" 304 -
117.136.0.41 - - [16/Jul/2026 08:05:56] "GET /api/matches?today=20260716 HTTP/1.1" 200 -
117.136.0.41 - - [16/Jul/2026 08:06:09] "GET /api/match_details?id=4525930&home=最强者&away=东方石油 HTTP/1.1" 200 -
117.136.0.41 - - [16/Jul/2026 08:06:09] "GET /api/ai_config HTTP/1.1" 200 -
117.136.0.41 - - [16/Jul/2026 08:06:10] "GET /api/match_odds_detail?match_id=4525930&cid=2&type=1 HTTP/1.1" 200 -
54.238.175.2 - - [16/Jul/2026 08:06:21] "GET /api/refresh?date=20260716 HTTP/1.1" 200 -
117.136.0.41 - - [16/Jul/2026 08:06:27] "GET /api/match_odds_detail?match_id=4525930&cid=3&type=1 HTTP/1.1" 200 -
117.136.0.41 - - [16/Jul/2026 08:06:28] "GET /api/match_odds_detail?match_id=4525930&cid=9&type=1 HTTP/1.1" 200 -
117.136.0.41 - - [16/Jul/2026 08:06:30] "GET /api/match_odds_detail?match_id=4525930&cid=10&type=1 HTTP/1.1" 200 -
117.136.0.41 - - [16/Jul/2026 08:06:32] "GET /api/match_odds_detail?match_id=4525930&cid=5&type=1 HTTP/1.1" 200 -
[2026-07-16 08:00:00] get_odds_detail_via_playwright: Phase 2 (HTML Scraper) starting for match=4492532, cid=15
[2026-07-16 08:00:00] Pure HTML Scraper: Fetching trend HTML via bypass: https://odds.leisu.com/trend-4492532-15 ...
[2026-07-16 08:00:01] parse_trend_html_data: Successfully parsed and decrypted 53 trend items!
[2026-07-16 08:00:01] Successfully fetched odds details via high performance Pure HTML Scraper!
[2026-07-16 08:00:01] get_odds_detail_via_playwright: Phase 1 (H5 API) starting for match=4492532, cid=16, type=1
Direct H5 API Fetcher: Fetching odds detail for match 4492532, cid 16, type 1 ...
[2026-07-16 08:00:02] get_odds_detail_via_api: Empty or missing data in res_json. Code=100007
[2026-07-16 08:00:02] H5 API approach returned error: API business error code 100007: {'code': 100007, 'data': None, 'msg': '请求非法', 'time': '2026-07-16 08:00:02'}. Falling back to HTML Scraper...
[2026-07-16 08:00:02] get_odds_detail_via_playwright: Phase 2 (HTML Scraper) starting for match=4492532, cid=16
[2026-07-16 08:00:02] Pure HTML Scraper: Fetching trend HTML via bypass: https://odds.leisu.com/trend-4492532-16 ...
[2026-07-16 08:00:03] parse_trend_html_data: Successfully parsed and decrypted 129 trend items!
[2026-07-16 08:00:03] Successfully fetched odds details via high performance Pure HTML Scraper!
[2026-07-16 08:00:04] get_odds_detail_via_playwright: Phase 1 (H5 API) starting for match=4492532, cid=17, type=1
Direct H5 API Fetcher: Fetching odds detail for match 4492532, cid 17, type 1 ...
[2026-07-16 08:00:04] get_odds_detail_via_api: Empty or missing data in res_json. Code=100007
[2026-07-16 08:00:04] H5 API approach returned error: API business error code 100007: {'code': 100007, 'data': None, 'msg': '请求非法', 'time': '2026-07-16 08:00:04'}. Falling back to HTML Scraper...
[2026-07-16 08:00:04] get_odds_detail_via_playwright: Phase 2 (HTML Scraper) starting for match=4492532, cid=17
[2026-07-16 08:00:04] Pure HTML Scraper: Fetching trend HTML via bypass: https://odds.leisu.com/trend-4492532-17 ...
[2026-07-16 08:00:05] parse_trend_html_data: Successfully parsed and decrypted 129 trend items!
[2026-07-16 08:00:05] Successfully fetched odds details via high performance Pure HTML Scraper!
检测到抓取今日(20260716)赛事，启动【极速解密方案】...
【极速解密】成功解析出 269 场赛事数据！
Scraping analysis page (HTML): https://live.leisu.com/shujufenxi-4525930
Fetching lineup and injuries via API for match 4525930...
API Lineup: Successfully parsed 0 injuries, 11 starting and 8 substitutes for home.
Attempting to decrypt shujufenxi JS data package for match 4525930 ...
decrypt_shujufenxi_data: Fetching JS data from https://live.leisu.com/shujufenxi/f127d3273c17.js ...
decrypt_shujufenxi_data: Successfully decrypted ciphertext with offset 13!
Successfully decrypted shujufenxi JS data!
Scraping SWOT page: https://www.leisu.com/guide/swot-4525930
SWOT page loaded. Length: 26516
[2026-07-16 08:06:09] get_odds_detail_via_playwright: Phase 1 (H5 API) starting for match=4525930, cid=2, type=1
Direct H5 API Fetcher: Fetching odds detail for match 4525930, cid 2, type 1 ...
[2026-07-16 08:06:10] get_odds_detail_via_api: Empty or missing data in res_json. Code=100007
[2026-07-16 08:06:10] H5 API approach returned error: API business error code 100007: {'code': 100007, 'data': None, 'msg': '请求非法', 'time': '2026-07-16 08:06:10'}. Falling back to HTML Scraper...
[2026-07-16 08:06:10] get_odds_detail_via_playwright: Phase 2 (HTML Scraper) starting for match=4525930, cid=2
[2026-07-16 08:06:10] Pure HTML Scraper: Fetching trend HTML via bypass: https://odds.leisu.com/trend-4525930-2 ...
[2026-07-16 08:06:10] parse_trend_html_data: Successfully parsed and decrypted 68 trend items!
[2026-07-16 08:06:10] Successfully fetched odds details via high performance Pure HTML Scraper!
[2026-07-16 08:06:11] get_odds_detail_via_playwright: Phase 1 (H5 API) starting for match=4525930, cid=3, type=1
Direct H5 API Fetcher: Fetching odds detail for match 4525930, cid 3, type 1 ...
[2026-07-16 08:06:16] get_odds_detail_via_api: Empty or missing data in res_json. Code=100007
[2026-07-16 08:06:16] H5 API approach returned error: API business error code 100007: {'code': 100007, 'data': None, 'msg': '请求非法', 'time': '2026-07-16 08:06:16'}. Falling back to HTML Scraper...
[2026-07-16 08:06:16] get_odds_detail_via_playwright: Phase 2 (HTML Scraper) starting for match=4525930, cid=3
[2026-07-16 08:06:16] Pure HTML Scraper: Fetching trend HTML via bypass: https://odds.leisu.com/trend-4525930-3 ...
检测到抓取今日(20260716)赛事，启动【极速解密方案】...
【极速解密】成功解析出 269 场赛事数据！
[2026-07-16 08:06:27] fetch_html_with_bypass error for https://odds.leisu.com/trend-4525930-3: <urlopen error _ssl.c:975: The handshake operation timed out> (HTTPError body: )
[2026-07-16 08:06:27] Pure HTML Scraper Error: <urlopen error _ssl.c:975: The handshake operation timed out>
[2026-07-16 08:06:27] Pure HTML Scraper returned empty or failed.
[2026-07-16 08:06:27] Playwright Subprocess Crawler Disabled for match 4525930, cid 3, type 1 to protect server resources.
[2026-07-16 08:06:27] get_odds_detail_via_playwright: Phase 1 (H5 API) starting for match=4525930, cid=9, type=1
Direct H5 API Fetcher: Fetching odds detail for match 4525930, cid 9, type 1 ...
[2026-07-16 08:06:28] get_odds_detail_via_api: Empty or missing data in res_json. Code=100007
[2026-07-16 08:06:28] H5 API approach returned error: API business error code 100007: {'code': 100007, 'data': None, 'msg': '请求非法', 'time': '2026-07-16 08:06:28'}. Falling back to HTML Scraper...
[2026-07-16 08:06:28] get_odds_detail_via_playwright: Phase 2 (HTML Scraper) starting for match=4525930, cid=9
[2026-07-16 08:06:28] Pure HTML Scraper: Fetching trend HTML via bypass: https://odds.leisu.com/trend-4525930-9 ...
[2026-07-16 08:06:28] parse_trend_html_data: Successfully parsed and decrypted 60 trend items!
[2026-07-16 08:06:28] Successfully fetched odds details via high performance Pure HTML Scraper!
[2026-07-16 08:06:29] get_odds_detail_via_playwright: Phase 1 (H5 API) starting for match=4525930, cid=10, type=1
Direct H5 API Fetcher: Fetching odds detail for match 4525930, cid 10, type 1 ...
[2026-07-16 08:06:29] get_odds_detail_via_api: Empty or missing data in res_json. Code=100007
[2026-07-16 08:06:29] H5 API approach returned error: API business error code 100007: {'code': 100007, 'data': None, 'msg': '请求非法', 'time': '2026-07-16 08:06:29'}. Falling back to HTML Scraper...
[2026-07-16 08:06:29] get_odds_detail_via_playwright: Phase 2 (HTML Scraper) starting for match=4525930, cid=10
[2026-07-16 08:06:29] Pure HTML Scraper: Fetching trend HTML via bypass: https://odds.leisu.com/trend-4525930-10 ...
[2026-07-16 08:06:30] parse_trend_html_data: Successfully parsed and decrypted 1 trend items!
[2026-07-16 08:06:30] Successfully fetched odds details via high performance Pure HTML Scraper!
[2026-07-16 08:06:30] get_odds_detail_via_playwright: Phase 1 (H5 API) starting for match=4525930, cid=5, type=1
Direct H5 API Fetcher: Fetching odds detail for match 4525930, cid 5, type 1 ...
[2026-07-16 08:06:31] get_odds_detail_via_api: Empty or missing data in res_json. Code=100007
[2026-07-16 08:06:31] H5 API approach returned error: API business error code 100007: {'code': 100007, 'data': None, 'msg': '请求非法', 'time': '2026-07-16 08:06:31'}. Falling back to HTML Scraper...
[2026-07-16 08:06:31] get_odds_detail_via_playwright: Phase 2 (HTML Scraper) starting for match=4525930, cid=5
[2026-07-16 08:06:31] Pure HTML Scraper: Fetching trend HTML via bypass: https://odds.leisu.com/trend-4525930-5 ...
[2026-07-16 08:06:32] Pure HTML Scraper returned empty or failed.
[2026-07-16 08:06:32] Playwright Subprocess Crawler Disabled for match 4525930, cid 5, type 1 to protect server resources.
[2026-07-16 08:06:32] get_odds_detail_via_playwright: Phase 1 (H5 API) starting for match=4525930, cid=11, type=1
Direct H5 API Fetcher: Fetching odds detail for match 4525930, cid 11, type 1 ...
117.136.0.41 - - [16/Jul/2026 08:06:34] "GET /api/match_odds_detail?match_id=4525930&cid=11&type=1 HTTP/1.1" 200 -
117.136.0.41 - - [16/Jul/2026 08:06:35] "GET /api/match_odds_detail?match_id=4525930&cid=13&type=1 HTTP/1.1" 200 -
117.136.0.41 - - [16/Jul/2026 08:06:37] "GET /api/match_odds_detail?match_id=4525930&cid=16&type=1 HTTP/1.1" 200 -
117.136.0.41 - - [16/Jul/2026 08:06:45] "GET /api/match_odds_detail?match_id=4525930&cid=17&type=1 HTTP/1.1" 200 -
117.136.0.41 - - [16/Jul/2026 08:06:47] "POST /api/match_ai_analysis HTTP/1.1" 200 -
117.136.0.41 - - [16/Jul/2026 08:06:47] "POST /api/match_ai_analysis HTTP/1.1" 200 -
117.136.0.41 - - [16/Jul/2026 08:06:49] "GET /api/ai_analysis_status?match_id=4525930 HTTP/1.1" 200 -
117.136.0.41 - - [16/Jul/2026 08:06:51] "GET /api/ai_analysis_status?match_id=4525930 HTTP/1.1" 200 -
117.136.0.41 - - [16/Jul/2026 08:06:52] "GET /api/ai_analysis_status?match_id=4525930 HTTP/1.1" 200 -
117.136.0.41 - - [16/Jul/2026 08:06:54] "GET /api/ai_analysis_status?match_id=4525930 HTTP/1.1" 200 -
117.136.0.41 - - [16/Jul/2026 08:06:55] "GET /api/ai_analysis_status?match_id=4525930 HTTP/1.1" 200 -
117.136.0.41 - - [16/Jul/2026 08:06:57] "GET /api/ai_analysis_status?match_id=4525930 HTTP/1.1" 200 -
117.136.0.41 - - [16/Jul/2026 08:06:58] "GET /api/ai_analysis_status?match_id=4525930 HTTP/1.1" 200 -
117.136.0.41 - - [16/Jul/2026 08:07:00] "GET /api/ai_analysis_status?match_id=4525930 HTTP/1.1" 200 -
117.136.0.41 - - [16/Jul/2026 08:07:01] "GET /api/ai_analysis_status?match_id=4525930 HTTP/1.1" 200 -
117.136.0.41 - - [16/Jul/2026 08:07:03] "GET /api/ai_analysis_status?match_id=4525930 HTTP/1.1" 200 -
117.136.0.41 - - [16/Jul/2026 08:07:04] "GET /api/ai_analysis_status?match_id=4525930 HTTP/1.1" 200 -
117.136.0.41 - - [16/Jul/2026 08:07:06] "GET /api/ai_analysis_status?match_id=4525930 HTTP/1.1" 200 -
117.136.0.41 - - [16/Jul/2026 08:07:07] "GET /api/ai_analysis_status?match_id=4525930 HTTP/1.1" 200 -
117.136.0.41 - - [16/Jul/2026 08:07:09] "GET /api/ai_analysis_status?match_id=4525930 HTTP/1.1" 200 -
117.136.0.41 - - [16/Jul/2026 08:07:10] "GET /api/ai_analysis_status?match_id=4525930 HTTP/1.1" 200 -
117.136.0.41 - - [16/Jul/2026 08:07:12] "GET /api/ai_analysis_status?match_id=4525930 HTTP/1.1" 200 -
117.136.0.41 - - [16/Jul/2026 08:07:13] "GET /api/ai_analysis_status?match_id=4525930 HTTP/1.1" 200 -
117.136.0.41 - - [16/Jul/2026 08:07:15] "GET /api/ai_analysis_status?match_id=4525930 HTTP/1.1" 200 -
117.136.0.41 - - [16/Jul/2026 08:07:16] "GET /api/ai_analysis_status?match_id=4525930 HTTP/1.1" 200 -
117.136.0.41 - - [16/Jul/2026 08:07:18] "GET /api/ai_analysis_status?match_id=4525930 HTTP/1.1" 200 -
117.136.0.41 - - [16/Jul/2026 08:07:19] "GET /api/ai_analysis_status?match_id=4525930 HTTP/1.1" 200 -
117.136.0.41 - - [16/Jul/2026 08:07:21] "GET /api/ai_analysis_status?match_id=4525930 HTTP/1.1" 200 -
117.136.0.41 - - [16/Jul/2026 08:07:22] "GET /api/ai_analysis_status?match_id=4525930 HTTP/1.1" 200 -
117.136.0.41 - - [16/Jul/2026 08:07:24] "GET /api/ai_analysis_status?match_id=4525930 HTTP/1.1" 200 -
117.136.0.41 - - [16/Jul/2026 08:07:25] "GET /api/ai_analysis_status?match_id=4525930 HTTP/1.1" 200 -
117.136.0.41 - - [16/Jul/2026 08:07:27] "GET /api/ai_analysis_status?match_id=4525930 HTTP/1.1" 200 -
117.136.0.41 - - [16/Jul/2026 08:07:28] "GET /api/ai_analysis_status?match_id=4525930 HTTP/1.1" 200 -
117.136.0.41 - - [16/Jul/2026 08:07:30] "GET /api/ai_analysis_status?match_id=4525930 HTTP/1.1" 200 -
117.136.0.41 - - [16/Jul/2026 08:07:31] "GET /api/ai_analysis_status?match_id=4525930 HTTP/1.1" 200 -
117.136.0.41 - - [16/Jul/2026 08:07:33] "GET /api/ai_analysis_status?match_id=4525930 HTTP/1.1" 200 -
117.136.0.41 - - [16/Jul/2026 08:07:34] "GET /api/ai_analysis_status?match_id=4525930 HTTP/1.1" 200 -
117.136.0.41 - - [16/Jul/2026 08:07:36] "GET /api/ai_analysis_status?match_id=4525930 HTTP/1.1" 200 -
117.136.0.41 - - [16/Jul/2026 08:07:37] "GET /api/ai_analysis_status?match_id=4525930 HTTP/1.1" 200 -
117.136.0.41 - - [16/Jul/2026 08:07:39] "GET /api/ai_analysis_status?match_id=4525930 HTTP/1.1" 200 -
117.136.0.41 - - [16/Jul/2026 08:07:40] "GET /api/ai_analysis_status?match_id=4525930 HTTP/1.1" 200 -
117.136.0.41 - - [16/Jul/2026 08:07:42] "GET /api/ai_analysis_status?match_id=4525930 HTTP/1.1" 200 -
117.136.0.41 - - [16/Jul/2026 08:07:43] "GET /api/ai_analysis_status?match_id=4525930 HTTP/1.1" 200 -
117.136.0.41 - - [16/Jul/2026 08:07:45] "GET /api/ai_analysis_status?match_id=4525930 HTTP/1.1" 200 -
117.136.0.41 - - [16/Jul/2026 08:07:46] "GET /api/ai_analysis_status?match_id=4525930 HTTP/1.1" 200 -
117.136.0.41 - - [16/Jul/2026 08:07:48] "GET /api/ai_analysis_status?match_id=4525930 HTTP/1.1" 200 -
117.136.0.41 - - [16/Jul/2026 08:07:49] "GET /api/ai_analysis_status?match_id=4525930 HTTP/1.1" 200 -
117.136.0.41 - - [16/Jul/2026 08:07:51] "GET /api/ai_analysis_status?match_id=4525930 HTTP/1.1" 200 -
117.136.0.41 - - [16/Jul/2026 08:07:52] "GET /api/ai_analysis_status?match_id=4525930 HTTP/1.1" 200 -
117.136.0.41 - - [16/Jul/2026 08:07:54] "GET /api/ai_analysis_status?match_id=4525930 HTTP/1.1" 200 -
117.136.0.41 - - [16/Jul/2026 08:07:55] "GET /api/ai_analysis_status?match_id=4525930 HTTP/1.1" 200 -
117.136.0.41 - - [16/Jul/2026 08:07:57] "GET /api/ai_analysis_status?match_id=4525930 HTTP/1.1" 200 -
117.136.0.41 - - [16/Jul/2026 08:07:58] "GET /api/ai_analysis_status?match_id=4525930 HTTP/1.1" 200 -
117.136.0.41 - - [16/Jul/2026 08:08:00] "GET /api/ai_analysis_status?match_id=4525930 HTTP/1.1" 200 -
117.136.0.41 - - [16/Jul/2026 08:08:01] "GET /api/ai_analysis_status?match_id=4525930 HTTP/1.1" 200 -
117.136.0.41 - - [16/Jul/2026 08:08:03] "GET /api/ai_analysis_status?match_id=4525930 HTTP/1.1" 200 -
117.136.0.41 - - [16/Jul/2026 08:08:04] "GET /api/ai_analysis_status?match_id=4525930 HTTP/1.1" 200 -
117.136.0.41 - - [16/Jul/2026 08:08:06] "GET /api/ai_analysis_status?match_id=4525930 HTTP/1.1" 200 -
117.136.0.41 - - [16/Jul/2026 08:08:07] "GET /api/ai_analysis_status?match_id=4525930 HTTP/1.1" 200 -
117.136.0.41 - - [16/Jul/2026 08:08:09] "GET /api/ai_analysis_status?match_id=4525930 HTTP/1.1" 200 -
117.136.0.41 - - [16/Jul/2026 08:08:10] "GET /api/ai_analysis_status?match_id=4525930 HTTP/1.1" 200 -
117.136.0.41 - - [16/Jul/2026 08:08:12] "GET /api/ai_analysis_status?match_id=4525930 HTTP/1.1" 200 -
117.136.0.41 - - [16/Jul/2026 08:08:13] "GET /api/ai_analysis_status?match_id=4525930 HTTP/1.1" 200 -
117.136.0.41 - - [16/Jul/2026 08:08:15] "GET /api/ai_analysis_status?match_id=4525930 HTTP/1.1" 200 -
117.136.0.41 - - [16/Jul/2026 08:08:16] "GET /api/ai_analysis_status?match_id=4525930 HTTP/1.1" 200 -
117.136.0.41 - - [16/Jul/2026 08:08:18] "GET /api/ai_analysis_status?match_id=4525930 HTTP/1.1" 200 -
117.136.0.41 - - [16/Jul/2026 08:08:19] "GET /api/ai_analysis_status?match_id=4525930 HTTP/1.1" 200 -
117.136.0.41 - - [16/Jul/2026 08:08:21] "GET /api/ai_analysis_status?match_id=4525930 HTTP/1.1" 200 -
117.136.0.41 - - [16/Jul/2026 08:08:22] "GET /api/ai_analysis_status?match_id=4525930 HTTP/1.1" 200 -
117.136.0.41 - - [16/Jul/2026 08:08:24] "GET /api/ai_analysis_status?match_id=4525930 HTTP/1.1" 200 -
117.136.0.41 - - [16/Jul/2026 08:08:26] "GET /api/ai_analysis_status?match_id=4525930 HTTP/1.1" 200 -
117.136.0.41 - - [16/Jul/2026 08:08:27] "GET /api/ai_analysis_status?match_id=4525930 HTTP/1.1" 200 -
117.136.0.41 - - [16/Jul/2026 08:08:29] "GET /api/ai_analysis_status?match_id=4525930 HTTP/1.1" 200 -
117.136.0.41 - - [16/Jul/2026 08:08:56] "POST /api/match_ai_analysis HTTP/1.1" 200 -
117.136.0.41 - - [16/Jul/2026 08:08:58] "GET /api/ai_analysis_status?match_id=4525930 HTTP/1.1" 200 -
117.136.0.41 - - [16/Jul/2026 08:08:59] "GET /api/ai_analysis_status?match_id=4525930 HTTP/1.1" 200 -
117.136.0.41 - - [16/Jul/2026 08:09:01] "GET /api/ai_analysis_status?match_id=4525930 HTTP/1.1" 200 -
117.136.0.41 - - [16/Jul/2026 08:09:02] "GET /api/ai_analysis_status?match_id=4525930 HTTP/1.1" 200 -
117.136.0.41 - - [16/Jul/2026 08:09:04] "GET /api/ai_analysis_status?match_id=4525930 HTTP/1.1" 200 -
117.136.0.41 - - [16/Jul/2026 08:09:05] "GET /api/ai_analysis_status?match_id=4525930 HTTP/1.1" 200 -
117.136.0.41 - - [16/Jul/2026 08:09:07] "GET /api/ai_analysis_status?match_id=4525930 HTTP/1.1" 200 -
117.136.0.41 - - [16/Jul/2026 08:09:08] "GET /api/ai_analysis_status?match_id=4525930 HTTP/1.1" 200 -
117.136.0.41 - - [16/Jul/2026 08:09:10] "GET /api/ai_analysis_status?match_id=4525930 HTTP/1.1" 200 -
117.136.0.41 - - [16/Jul/2026 08:09:12] "GET /api/ai_analysis_status?match_id=4525930 HTTP/1.1" 200 -
117.136.0.41 - - [16/Jul/2026 08:09:13] "GET /api/ai_analysis_status?match_id=4525930 HTTP/1.1" 200 -
117.136.0.41 - - [16/Jul/2026 08:09:15] "GET /api/ai_analysis_status?match_id=4525930 HTTP/1.1" 200 -
117.136.0.41 - - [16/Jul/2026 08:09:16] "GET /api/ai_analysis_status?match_id=4525930 HTTP/1.1" 200 -
117.136.0.41 - - [16/Jul/2026 08:09:18] "GET /api/ai_analysis_status?match_id=4525930 HTTP/1.1" 200 -
117.136.0.41 - - [16/Jul/2026 08:09:19] "GET /api/ai_analysis_status?match_id=4525930 HTTP/1.1" 200 -
117.136.0.41 - - [16/Jul/2026 08:09:21] "GET /api/ai_analysis_status?match_id=4525930 HTTP/1.1" 200 -
117.136.0.41 - - [16/Jul/2026 08:09:22] "GET /api/ai_analysis_status?match_id=4525930 HTTP/1.1" 200 -
117.136.0.41 - - [16/Jul/2026 08:09:24] "GET /api/ai_analysis_status?match_id=4525930 HTTP/1.1" 200 -
117.136.0.41 - - [16/Jul/2026 08:09:25] "GET /api/ai_analysis_status?match_id=4525930 HTTP/1.1" 200 -
117.136.0.41 - - [16/Jul/2026 08:09:27] "GET /api/ai_analysis_status?match_id=4525930 HTTP/1.1" 200 -
117.136.0.41 - - [16/Jul/2026 08:09:28] "GET /api/ai_analysis_status?match_id=4525930 HTTP/1.1" 200 -
117.136.0.41 - - [16/Jul/2026 08:09:32] "GET /api/ai_analysis_status?match_id=4525930 HTTP/1.1" 200 -
117.136.0.41 - - [16/Jul/2026 08:09:32] "GET /api/ai_analysis_status?match_id=4525930 HTTP/1.1" 200 -
117.136.0.41 - - [16/Jul/2026 08:09:36] "GET /api/ai_analysis_status?match_id=4525930 HTTP/1.1" 200 -
117.136.0.41 - - [16/Jul/2026 08:09:36] "GET /api/ai_analysis_status?match_id=4525930 HTTP/1.1" 200 -
117.136.0.41 - - [16/Jul/2026 08:09:36] "GET /api/ai_analysis_status?match_id=4525930 HTTP/1.1" 200 -
117.136.0.41 - - [16/Jul/2026 08:09:38] "GET /api/ai_analysis_status?match_id=4525930 HTTP/1.1" 200 -
117.136.0.41 - - [16/Jul/2026 08:09:42] "GET /api/ai_analysis_status?match_id=4525930 HTTP/1.1" 200 -
117.136.0.41 - - [16/Jul/2026 08:09:42] "GET /api/ai_analysis_status?match_id=4525930 HTTP/1.1" 200 -
117.136.0.41 - - [16/Jul/2026 08:09:42] "GET /api/ai_analysis_status?match_id=4525930 HTTP/1.1" 200 -
117.136.0.41 - - [16/Jul/2026 08:09:44] "GET /api/ai_analysis_status?match_id=4525930 HTTP/1.1" 200 -
117.136.0.41 - - [16/Jul/2026 08:09:45] "GET /api/ai_analysis_status?match_id=4525930 HTTP/1.1" 200 -
117.136.0.41 - - [16/Jul/2026 08:09:47] "GET /api/ai_analysis_status?match_id=4525930 HTTP/1.1" 200 -
117.136.0.41 - - [16/Jul/2026 08:09:48] "GET /api/ai_analysis_status?match_id=4525930 HTTP/1.1" 200 -
117.136.0.41 - - [16/Jul/2026 08:09:50] "GET /api/ai_analysis_status?match_id=4525930 HTTP/1.1" 200 -
117.136.0.41 - - [16/Jul/2026 08:09:51] "GET /api/ai_analysis_status?match_id=4525930 HTTP/1.1" 200 -
117.136.0.41 - - [16/Jul/2026 08:09:53] "GET /api/ai_analysis_status?match_id=4525930 HTTP/1.1" 200 -
117.136.0.41 - - [16/Jul/2026 08:09:54] "GET /api/ai_analysis_status?match_id=4525930 HTTP/1.1" 200 -
117.136.0.41 - - [16/Jul/2026 08:09:56] "GET /api/ai_analysis_status?match_id=4525930 HTTP/1.1" 200 -
117.136.0.41 - - [16/Jul/2026 08:09:57] "GET /api/ai_analysis_status?match_id=4525930 HTTP/1.1" 200 -
117.136.0.41 - - [16/Jul/2026 08:09:59] "GET /api/ai_analysis_status?match_id=4525930 HTTP/1.1" 200 -
117.136.0.41 - - [16/Jul/2026 08:10:00] "GET /api/ai_analysis_status?match_id=4525930 HTTP/1.1" 200 -
117.136.0.41 - - [16/Jul/2026 08:10:02] "GET /api/ai_analysis_status?match_id=4525930 HTTP/1.1" 200 -
117.136.0.41 - - [16/Jul/2026 08:10:03] "GET /api/ai_analysis_status?match_id=4525930 HTTP/1.1" 200 -
117.136.0.41 - - [16/Jul/2026 08:10:05] "GET /api/ai_analysis_status?match_id=4525930 HTTP/1.1" 200 -
117.136.0.41 - - [16/Jul/2026 08:10:07] "GET /api/ai_analysis_status?match_id=4525930 HTTP/1.1" 200 -
117.136.0.41 - - [16/Jul/2026 08:10:08] "GET /api/ai_analysis_status?match_id=4525930 HTTP/1.1" 200 -
117.136.0.41 - - [16/Jul/2026 08:10:10] "GET /api/ai_analysis_status?match_id=4525930 HTTP/1.1" 200 -
117.136.0.41 - - [16/Jul/2026 08:10:12] "GET /api/ai_analysis_status?match_id=4525930 HTTP/1.1" 200 -
117.136.0.41 - - [16/Jul/2026 08:10:13] "GET /api/ai_analysis_status?match_id=4525930 HTTP/1.1" 200 -
117.136.0.41 - - [16/Jul/2026 08:10:14] "GET /api/ai_analysis_status?match_id=4525930 HTTP/1.1" 200 -
117.136.0.41 - - [16/Jul/2026 08:10:17] "GET /api/ai_analysis_status?match_id=4525930 HTTP/1.1" 200 -
117.136.0.41 - - [16/Jul/2026 08:10:18] "GET /api/ai_analysis_status?match_id=4525930 HTTP/1.1" 200 -
117.136.0.41 - - [16/Jul/2026 08:10:19] "GET /api/ai_analysis_status?match_id=4525930 HTTP/1.1" 200 -
117.136.0.41 - - [16/Jul/2026 08:10:20] "GET /api/ai_analysis_status?match_id=4525930 HTTP/1.1" 200 -
117.136.0.41 - - [16/Jul/2026 08:10:22] "GET /api/ai_analysis_status?match_id=4525930 HTTP/1.1" 200 -
117.136.0.41 - - [16/Jul/2026 08:10:23] "GET /api/ai_analysis_status?match_id=4525930 HTTP/1.1" 200 -
117.136.0.41 - - [16/Jul/2026 08:10:25] "GET /api/ai_analysis_status?match_id=4525930 HTTP/1.1" 200 -
117.136.0.41 - - [16/Jul/2026 08:10:26] "GET /api/ai_analysis_status?match_id=4525930 HTTP/1.1" 200 -
117.136.0.41 - - [16/Jul/2026 08:10:28] "GET /api/ai_analysis_status?match_id=4525930 HTTP/1.1" 200 -
117.136.0.41 - - [16/Jul/2026 08:10:30] "GET /api/ai_analysis_status?match_id=4525930 HTTP/1.1" 200 -
117.136.0.41 - - [16/Jul/2026 08:10:31] "GET /api/ai_analysis_status?match_id=4525930 HTTP/1.1" 200 -
117.136.0.41 - - [16/Jul/2026 08:10:33] "GET /api/ai_analysis_status?match_id=4525930 HTTP/1.1" 200 -
117.136.0.41 - - [16/Jul/2026 08:10:34] "GET /api/ai_analysis_status?match_id=4525930 HTTP/1.1" 200 -
117.136.0.41 - - [16/Jul/2026 08:10:36] "GET /api/ai_analysis_status?match_id=4525930 HTTP/1.1" 200 -
117.136.0.41 - - [16/Jul/2026 08:10:37] "GET /api/ai_analysis_status?match_id=4525930 HTTP/1.1" 200 -
117.136.0.41 - - [16/Jul/2026 08:10:39] "GET /api/ai_analysis_status?match_id=4525930 HTTP/1.1" 200 -
117.136.0.41 - - [16/Jul/2026 08:10:40] "GET /api/ai_analysis_status?match_id=4525930 HTTP/1.1" 200 -
117.136.0.41 - - [16/Jul/2026 08:10:42] "GET /api/ai_analysis_status?match_id=4525930 HTTP/1.1" 200 -
117.136.0.41 - - [16/Jul/2026 08:10:43] "GET /api/ai_analysis_status?match_id=4525930 HTTP/1.1" 200 -
117.136.0.41 - - [16/Jul/2026 08:10:45] "GET /api/ai_analysis_status?match_id=4525930 HTTP/1.1" 200 -
117.136.0.41 - - [16/Jul/2026 08:10:46] "GET /api/ai_analysis_status?match_id=4525930 HTTP/1.1" 200 -
117.136.0.41 - - [16/Jul/2026 08:10:48] "GET /api/ai_analysis_status?match_id=4525930 HTTP/1.1" 200 -
117.136.0.41 - - [16/Jul/2026 08:10:49] "GET /api/ai_analysis_status?match_id=4525930 HTTP/1.1" 200 -
117.136.0.41 - - [16/Jul/2026 08:10:51] "GET /api/ai_analysis_status?match_id=4525930 HTTP/1.1" 200 -
117.136.0.41 - - [16/Jul/2026 08:10:52] "GET /api/ai_analysis_status?match_id=4525930 HTTP/1.1" 200 -
117.136.0.41 - - [16/Jul/2026 08:10:54] "GET /api/ai_analysis_status?match_id=4525930 HTTP/1.1" 200 -
117.136.0.41 - - [16/Jul/2026 08:10:55] "GET /api/ai_analysis_status?match_id=4525930 HTTP/1.1" 200 -
117.136.0.41 - - [16/Jul/2026 08:10:57] "GET /api/ai_analysis_status?match_id=4525930 HTTP/1.1" 200 -
117.136.0.41 - - [16/Jul/2026 08:10:59] "GET /api/ai_analysis_status?match_id=4525930 HTTP/1.1" 200 -
117.136.0.41 - - [16/Jul/2026 08:11:00] "GET /api/ai_analysis_status?match_id=4525930 HTTP/1.1" 200 -
117.136.0.41 - - [16/Jul/2026 08:11:02] "GET /api/ai_analysis_status?match_id=4525930 HTTP/1.1" 200 -
117.136.0.41 - - [16/Jul/2026 08:11:03] "GET /api/ai_analysis_status?match_id=4525930 HTTP/1.1" 200 -
117.136.0.41 - - [16/Jul/2026 08:11:05] "GET /api/ai_analysis_status?match_id=4525930 HTTP/1.1" 200 -
117.136.0.41 - - [16/Jul/2026 08:11:06] "GET /api/ai_analysis_status?match_id=4525930 HTTP/1.1" 200 -
117.136.0.41 - - [16/Jul/2026 08:11:08] "GET /api/ai_analysis_status?match_id=4525930 HTTP/1.1" 200 -
117.136.0.41 - - [16/Jul/2026 08:11:09] "GET /api/ai_analysis_status?match_id=4525930 HTTP/1.1" 200 -
117.136.0.41 - - [16/Jul/2026 08:11:11] "GET /api/ai_analysis_status?match_id=4525930 HTTP/1.1" 200 -
117.136.0.41 - - [16/Jul/2026 08:11:12] "GET /api/ai_analysis_status?match_id=4525930 HTTP/1.1" 200 -
117.136.0.41 - - [16/Jul/2026 08:11:14] "GET /api/ai_analysis_status?match_id=4525930 HTTP/1.1" 200 -
117.136.0.41 - - [16/Jul/2026 08:11:15] "GET /api/ai_analysis_status?match_id=4525930 HTTP/1.1" 200 -
117.136.0.41 - - [16/Jul/2026 08:11:17] "GET /api/ai_analysis_status?match_id=4525930 HTTP/1.1" 200 -
54.238.175.2 - - [16/Jul/2026 08:13:03] "GET /api/refresh?date=20260716 HTTP/1.1" 200 -
35.95.84.61 - - [16/Jul/2026 08:14:17] "GET / HTTP/1.1" 200 -
54.238.175.2 - - [16/Jul/2026 08:16:30] "GET /api/refresh?date=20260716 HTTP/1.1" 200 -
54.238.175.2 - - [16/Jul/2026 08:23:03] "GET /api/refresh?date=20260716 HTTP/1.1" 200 -
54.238.175.2 - - [16/Jul/2026 08:26:21] "GET /api/refresh?date=20260716 HTTP/1.1" 200 -
194.165.16.162 - - [16/Jul/2026 08:29:25] code 400, message Bad HTTP/0.9 request type ('\x03\x00\x00/*à\x00\x00\x00\x00\x00Cookie:')
194.165.16.162 - - [16/Jul/2026 08:29:25] "[31m[1m\x03\x00\x00/*à\x00\x00\x00\x00\x00Cookie: mstshash=Administr[0m" 400 -
54.238.175.2 - - [16/Jul/2026 08:33:03] "GET /api/refresh?date=20260716 HTTP/1.1" 200 -
54.238.175.2 - - [16/Jul/2026 08:36:21] "GET /api/refresh?date=20260716 HTTP/1.1" 200 -
54.238.175.2 - - [16/Jul/2026 08:43:03] "GET /api/refresh?date=20260716 HTTP/1.1" 200 -
54.238.175.2 - - [16/Jul/2026 08:46:21] "GET /api/refresh?date=20260716 HTTP/1.1" 200 -
54.238.175.2 - - [16/Jul/2026 08:53:03] "GET /api/refresh?date=20260716 HTTP/1.1" 200 -
54.238.175.2 - - [16/Jul/2026 08:56:21] "GET /api/refresh?date=20260716 HTTP/1.1" 200 -
18.116.101.220 - - [16/Jul/2026 09:41:12] "GET / HTTP/1.1" 200 -
18.116.101.220 - - [16/Jul/2026 09:42:48] "GET / HTTP/1.1" 200 -
18.116.101.220 - - [16/Jul/2026 09:43:56] code 400, message Bad request version ('À\x14À')
18.116.101.220 - - [16/Jul/2026 09:43:56] "[31m[1m\x16\x03\x01\x01\x00\x01\x00\x00ü\x03\x03uM\x08qÇ.÷\x05\x04\x07\x9e²»\x87h\x9dn\x89Íi\x90\x8a\x00\x87\x17H\x89&p\x01T" ¨u\x86yc\x04\x08\x17(u»­º2óY¤MÖ@\x82?æù\x8220B'!V7\x00&Ì¨Ì©À/À0À+À,À\x13À\x09À\x14À[0m" 400 -
18.116.101.220 - - [16/Jul/2026 09:45:18] code 400, message Bad request syntax ('\x16\x03\x01\x00î\x01\x00\x00ê\x03\x03\x19\x8apÜ½YÆ\x8b@ñ\x15§L4ÞìÏ¸Æ:ý©\x86G_9\x990')
18.116.101.220 - - [16/Jul/2026 09:45:18] "[31m[1m\x16\x03\x01\x00î\x01\x00\x00ê\x03\x03\x19\x8apÜ½YÆ\x8b@ñ\x15§L4ÞìÏ¸Æ:ý©\x86G_9\x990[0m" 400 -
66.132.172.191 - - [16/Jul/2026 09:48:54] code 400, message Bad request version ('À\x14À')
66.132.172.191 - - [16/Jul/2026 09:48:54] "[31m[1m\x16\x03\x01\x00î\x01\x00\x00ê\x03\x03\x11a\x89\x08ãÉø\x81[¥à\x1fÈJÓ \x011º\x02\x09\x1c\x15¹7v.\x12\x86³¶à \x02£\x9e'óL¯cw\x0c\x81»½\x814å\x8f&\x02·äqã{ÿ_³¬Í\x9c_t\x00&Ì¨Ì©À/À0À+À,À\x13À\x09À\x14À[0m" 400 -
66.132.172.191 - - [16/Jul/2026 09:48:56] "GET / HTTP/1.1" 200 -
66.132.172.191 - - [16/Jul/2026 09:49:00] code 505, message Invalid HTTP version (2.0)
66.132.172.191 - - [16/Jul/2026 09:49:00] "[35m[1mPRI * HTTP/2.0[0m" 505 -
66.132.172.191 - - [16/Jul/2026 09:49:01] "[33mGET /favicon.ico HTTP/1.1[0m" 404 -
66.132.172.191 - - [16/Jul/2026 09:49:34] code 400, message Bad request version ('À\x14À')
66.132.172.191 - - [16/Jul/2026 09:49:34] "[31m[1m\x16\x03\x01\x00î\x01\x00\x00ê\x03\x03ô\x0e%\x1d´\x7f01c>ú¹\x94H\x03ý\x8dp\x19\x85ú©dGly#\x0f# ¡O µ£ú´Ìý\x12Û$ÓuØ"§\x84wºyfÏBÕQ\x01\x92`fË2|\x1c,\x00&Ì¨Ì©À/À0À+À,À\x13À\x09À\x14À[0m" 400 -
66.132.172.191 - - [16/Jul/2026 09:49:35] "[33mGET /robots.txt HTTP/1.1[0m" 404 -
43.130.14.245 - - [16/Jul/2026 09:58:52] "GET / HTTP/1.1" 200 -
31.59.160.12 - - [16/Jul/2026 09:59:36] code 400, message Bad request version ('À\x13À')
31.59.160.12 - - [16/Jul/2026 09:59:36] "[31m[1m\x16\x03\x01\x05Æ\x01\x00\x05Â\x03\x03·s@[ÍFÍopCä5òÝýÆÞ²bÛgà\x80V[F\x05oÀÌ~¥ $»¼\x0fNíG2Ï\x17DB\x0eúdôe\x16%ÖDØG6®\x101Êh~ÿç\x00\x1aÀ+À/À,À0Ì©Ì¨À\x09À\x13À[0m" 400 -
205.210.31.164 - - [16/Jul/2026 10:00:12] "GET / HTTP/1.0" 200 -
54.238.175.2 - - [16/Jul/2026 10:18:34] "GET / HTTP/1.1" 200 -
54.238.175.2 - - [16/Jul/2026 10:18:34] "[36mGET /static/style.css?v=1.0.4 HTTP/1.1[0m" 304 -
54.238.175.2 - - [16/Jul/2026 10:18:34] "[36mGET /static/app.js?v=1.0.4 HTTP/1.1[0m" 304 -
54.238.175.2 - - [16/Jul/2026 10:18:35] "GET /api/matches?today=20260716 HTTP/1.1" 200 -
54.238.175.2 - - [16/Jul/2026 10:18:35] "[33mGET /favicon.ico HTTP/1.1[0m" 404 -
[2026-07-16 08:06:33] get_odds_detail_via_api: Empty or missing data in res_json. Code=100007
[2026-07-16 08:06:33] H5 API approach returned error: API business error code 100007: {'code': 100007, 'data': None, 'msg': '请求非法', 'time': '2026-07-16 08:06:33'}. Falling back to HTML Scraper...
[2026-07-16 08:06:33] get_odds_detail_via_playwright: Phase 2 (HTML Scraper) starting for match=4525930, cid=11
[2026-07-16 08:06:33] Pure HTML Scraper: Fetching trend HTML via bypass: https://odds.leisu.com/trend-4525930-11 ...
[2026-07-16 08:06:34] parse_trend_html_data: Successfully parsed and decrypted 120 trend items!
[2026-07-16 08:06:34] Successfully fetched odds details via high performance Pure HTML Scraper!
[2026-07-16 08:06:34] get_odds_detail_via_playwright: Phase 1 (H5 API) starting for match=4525930, cid=13, type=1
Direct H5 API Fetcher: Fetching odds detail for match 4525930, cid 13, type 1 ...
[2026-07-16 08:06:35] get_odds_detail_via_api: Empty or missing data in res_json. Code=100007
[2026-07-16 08:06:35] H5 API approach returned error: API business error code 100007: {'code': 100007, 'data': None, 'msg': '请求非法', 'time': '2026-07-16 08:06:35'}. Falling back to HTML Scraper...
[2026-07-16 08:06:35] get_odds_detail_via_playwright: Phase 2 (HTML Scraper) starting for match=4525930, cid=13
[2026-07-16 08:06:35] Pure HTML Scraper: Fetching trend HTML via bypass: https://odds.leisu.com/trend-4525930-13 ...
[2026-07-16 08:06:35] Pure HTML Scraper returned empty or failed.
[2026-07-16 08:06:35] Playwright Subprocess Crawler Disabled for match 4525930, cid 13, type 1 to protect server resources.
[2026-07-16 08:06:36] get_odds_detail_via_playwright: Phase 1 (H5 API) starting for match=4525930, cid=16, type=1
Direct H5 API Fetcher: Fetching odds detail for match 4525930, cid 16, type 1 ...
[2026-07-16 08:06:36] get_odds_detail_via_api: Empty or missing data in res_json. Code=100007
[2026-07-16 08:06:36] H5 API approach returned error: API business error code 100007: {'code': 100007, 'data': None, 'msg': '请求非法', 'time': '2026-07-16 08:06:36'}. Falling back to HTML Scraper...
[2026-07-16 08:06:36] get_odds_detail_via_playwright: Phase 2 (HTML Scraper) starting for match=4525930, cid=16
[2026-07-16 08:06:36] Pure HTML Scraper: Fetching trend HTML via bypass: https://odds.leisu.com/trend-4525930-16 ...
[2026-07-16 08:06:37] parse_trend_html_data: Successfully parsed and decrypted 147 trend items!
[2026-07-16 08:06:37] Successfully fetched odds details via high performance Pure HTML Scraper!
[2026-07-16 08:06:38] get_odds_detail_via_playwright: Phase 1 (H5 API) starting for match=4525930, cid=17, type=1
Direct H5 API Fetcher: Fetching odds detail for match 4525930, cid 17, type 1 ...
[2026-07-16 08:06:43] Failed to get time for H5 odds detail: <urlopen error _ssl.c:975: The handshake operation timed out>
[2026-07-16 08:06:44] get_odds_detail_via_api: Empty or missing data in res_json. Code=100007
[2026-07-16 08:06:44] H5 API approach returned error: API business error code 100007: {'code': 100007, 'data': None, 'msg': '请求非法', 'time': '2026-07-16 08:06:44'}. Falling back to HTML Scraper...
[2026-07-16 08:06:44] get_odds_detail_via_playwright: Phase 2 (HTML Scraper) starting for match=4525930, cid=17
[2026-07-16 08:06:44] Pure HTML Scraper: Fetching trend HTML via bypass: https://odds.leisu.com/trend-4525930-17 ...
[2026-07-16 08:06:45] parse_trend_html_data: Successfully parsed and decrypted 155 trend items!
[2026-07-16 08:06:45] Successfully fetched odds details via high performance Pure HTML Scraper!
Background AI Thread error for match 4525930: CRO 只返回了思考过程，未生成最终执行单。请重新生成。
检测到抓取今日(20260716)赛事，启动【极速解密方案】...
【极速解密】成功解析出 269 场赛事数据！
Automatic fixture refresh completed: 276 matches for 20260716
检测到抓取今日(20260716)赛事，启动【极速解密方案】...
【极速解密】成功解析出 269 场赛事数据！
检测到抓取今日(20260716)赛事，启动【极速解密方案】...
【极速解密】第一志愿静态链接失败: <urlopen error _ssl.c:975: The handshake operation timed out>，启动灾备方案：从 live 首页动态定位数据源...
【极速解密】出错: 无法加载 alifInfo 数据源 JS，安全返回空列表。
检测到抓取今日(20260716)赛事，启动【极速解密方案】...
【极速解密】成功解析出 269 场赛事数据！
Automatic fixture refresh completed: 276 matches for 20260716
检测到抓取今日(20260716)赛事，启动【极速解密方案】...
【极速解密】成功解析出 269 场赛事数据！
检测到抓取今日(20260716)赛事，启动【极速解密方案】...
【极速解密】成功解析出 269 场赛事数据！
检测到抓取今日(20260716)赛事，启动【极速解密方案】...
【极速解密】成功解析出 269 场赛事数据！
Automatic fixture refresh completed: 276 matches for 20260716
检测到抓取今日(20260716)赛事，启动【极速解密方案】...
【极速解密】成功解析出 269 场赛事数据！
检测到抓取今日(20260716)赛事，启动【极速解密方案】...
【极速解密】成功解析出 269 场赛事数据！
检测到抓取今日(20260716)赛事，启动【极速解密方案】...
【极速解密】成功解析出 269 场赛事数据！
Automatic fixture refresh completed: 276 matches for 20260716
检测到抓取今日(20260716)赛事，启动【极速解密方案】...
【极速解密】成功解析出 269 场赛事数据！
检测到抓取今日(20260716)赛事，启动【极速解密方案】...
【极速解密】成功解析出 269 场赛事数据！
检测到抓取今日(20260716)赛事，启动【极速解密方案】...
【极速解密】成功解析出 269 场赛事数据！
Automatic fixture refresh completed: 276 matches for 20260716
检测到抓取今日(20260716)赛事，启动【极速解密方案】...
【极速解密】成功解析出 269 场赛事数据！
检测到抓取今日(20260716)赛事，启动【极速解密方案】...
【极速解密】成功解析出 269 场赛事数据！
检测到抓取今日(20260716)赛事，启动【极速解密方案】...
【极速解密】成功解析出 269 场赛事数据！
Automatic fixture refresh completed: 276 matches for 20260716
检测到抓取今日(20260716)赛事，启动【极速解密方案】...
【极速解密】成功解析出 270 场赛事数据！
Automatic fixture refresh completed: 277 matches for 20260716
检测到抓取今日(20260716)赛事，启动【极速解密方案】...
【极速解密】成功解析出 270 场赛事数据！
Automatic fixture refresh completed: 277 matches for 20260716
检测到抓取今日(20260716)赛事，启动【极速解密方案】...
【极速解密】成功解析出 271 场赛事数据！
Automatic fixture refresh completed: 278 matches for 20260716
检测到抓取今日(20260716)赛事，启动【极速解密方案】...
【极速解密】成功解析出 273 场赛事数据！
Automatic fixture refresh completed: 280 matches for 20260716
检测到抓取今日(20260716)赛事，启动【极速解密方案】...
【极速解密】成功解析出 273 场赛事数据！
Automatic fixture refresh completed: 280 matches for 20260716
检测到抓取今日(20260716)赛事，启动【极速解密方案】...
【极速解密】成功解析出 273 场赛事数据！
Automatic fixture refresh completed: 280 matches for 20260716
检测到抓取今日(20260716)赛事，启动【极速解密方案】...
【极速解密】成功解析出 273 场赛事数据！
Automatic fixture refresh completed: 280 matches for 20260716
Scraping analysis page (HTML): https://live.leisu.com/shujufenxi-4586151
[2026-07-16 10:18:35] solve_waf_via_node: Starting node solver for https://live.leisu.com/shujufenxi-4586151 (NODE_PATH=/usr/local/bin/node)
[2026-07-16 10:18:36] solve_waf_via_node: Successfully solved WAF! Cookie prefix: 1234cf0d46-f277...
[2026-07-16 10:18:36] fetch_html_with_bypass: Retrying request to https://live.leisu.com/shujufenxi-4586151 with new acw_sc__v2 WAF cookie...
54.238.175.2 - - [16/Jul/2026 10:18:38] "GET /api/match_details?id=4586151&home=8月15日圣地亚哥&away=巴拉瓜里AC HTTP/1.1" 200 -
54.238.175.2 - - [16/Jul/2026 10:18:38] "GET /api/ai_config HTTP/1.1" 200 -
54.238.175.2 - - [16/Jul/2026 10:18:40] "GET /api/prediction_backtest HTTP/1.1" 200 -
54.238.175.2 - - [16/Jul/2026 10:18:41] "GET /api/match_odds_detail?match_id=4586151&cid=2&type=1 HTTP/1.1" 200 -
54.238.175.2 - - [16/Jul/2026 10:18:44] "GET /api/match_odds_detail?match_id=4586151&cid=9&type=1 HTTP/1.1" 200 -
54.238.175.2 - - [16/Jul/2026 10:18:46] "GET /api/match_odds_detail?match_id=4586151&cid=5&type=1 HTTP/1.1" 200 -
54.238.175.2 - - [16/Jul/2026 10:18:48] "GET /api/match_odds_detail?match_id=4586151&cid=13&type=1 HTTP/1.1" 200 -
54.238.175.2 - - [16/Jul/2026 10:18:50] "GET /api/match_odds_detail?match_id=4586151&cid=16&type=1 HTTP/1.1" 200 -
54.238.175.2 - - [16/Jul/2026 10:18:52] "GET /api/match_odds_detail?match_id=4586151&cid=17&type=1 HTTP/1.1" 200 -
54.238.175.2 - - [16/Jul/2026 10:28:36] "GET /api/refresh?date=20260716 HTTP/1.1" 200 -
117.136.0.41 - - [16/Jul/2026 10:31:45] "GET / HTTP/1.1" 200 -
117.136.0.41 - - [16/Jul/2026 10:31:46] "[36mGET /static/app.js?v=1.0.4 HTTP/1.1[0m" 304 -
117.136.0.41 - - [16/Jul/2026 10:31:46] "[36mGET /static/style.css?v=1.0.4 HTTP/1.1[0m" 304 -
117.136.0.41 - - [16/Jul/2026 10:31:47] "GET /api/matches?today=20260716 HTTP/1.1" 200 -
117.136.0.41 - - [16/Jul/2026 10:31:54] "GET /api/prediction_backtest HTTP/1.1" 200 -
54.238.175.2 - - [16/Jul/2026 10:38:36] "GET /api/refresh?date=20260716 HTTP/1.1" 200 -
54.238.175.2 - - [16/Jul/2026 10:48:37] "GET /api/refresh?date=20260716 HTTP/1.1" 200 -
54.238.175.2 - - [16/Jul/2026 10:52:31] "GET / HTTP/1.1" 200 -
54.238.175.2 - - [16/Jul/2026 10:52:31] "[36mGET /static/style.css?v=1.0.4 HTTP/1.1[0m" 304 -
54.238.175.2 - - [16/Jul/2026 10:52:31] "[36mGET /static/app.js?v=1.0.4 HTTP/1.1[0m" 304 -
54.238.175.2 - - [16/Jul/2026 10:52:31] "GET /api/matches?today=20260716 HTTP/1.1" 200 -
54.238.175.2 - - [16/Jul/2026 10:52:32] "GET /api/match_details?id=4586151&home=8月15日圣地亚哥&away=巴拉瓜里AC HTTP/1.1" 200 -
54.238.175.2 - - [16/Jul/2026 10:52:32] "GET /api/ai_config HTTP/1.1" 200 -
54.238.175.2 - - [16/Jul/2026 10:52:32] "GET /api/match_odds_detail?match_id=4586151&cid=2&type=1 HTTP/1.1" 200 -
54.238.175.2 - - [16/Jul/2026 10:52:34] "GET /api/prediction_backtest HTTP/1.1" 200 -
54.238.175.2 - - [16/Jul/2026 10:52:38] "GET / HTTP/1.1" 200 -
54.238.175.2 - - [16/Jul/2026 10:52:38] "GET /static/style.css?v=1.0.4 HTTP/1.1" 200 -
54.238.175.2 - - [16/Jul/2026 10:52:38] "GET /static/app.js?v=1.0.4 HTTP/1.1" 200 -
54.238.175.2 - - [16/Jul/2026 10:52:38] "GET /api/matches?today=20260716 HTTP/1.1" 200 -
54.238.175.2 - - [16/Jul/2026 10:52:39] "[33mGET /favicon.ico HTTP/1.1[0m" 404 -
54.238.175.2 - - [16/Jul/2026 10:52:39] "GET /api/match_details?id=4586151&home=8月15日圣地亚哥&away=巴拉瓜里AC HTTP/1.1" 200 -
54.238.175.2 - - [16/Jul/2026 10:52:39] "GET /api/ai_config HTTP/1.1" 200 -
54.238.175.2 - - [16/Jul/2026 10:52:39] "GET /api/match_odds_detail?match_id=4586151&cid=2&type=1 HTTP/1.1" 200 -
[2026-07-16 10:18:36] fetch_html_with_bypass: Retry successful! HTML length: 40847
Fetching lineup and injuries via API for match 4586151...
API Lineup: Successfully parsed 0 injuries, 0 starting and 0 substitutes for home.
Attempting to decrypt shujufenxi JS data package for match 4586151 ...
decrypt_shujufenxi_data: Fetching JS data from https://live.leisu.com/shujufenxi/0f211527fffb.js ...
decrypt_shujufenxi_data: Successfully decrypted ciphertext with offset 13!
Successfully decrypted shujufenxi JS data!
Scraping SWOT page: https://www.leisu.com/guide/swot-4586151
SWOT page loaded. Length: 26552
[2026-07-16 10:18:39] get_odds_detail_via_playwright: Phase 1 (H5 API) starting for match=4586151, cid=2, type=1
Direct H5 API Fetcher: Fetching odds detail for match 4586151, cid 2, type 1 ...
[2026-07-16 10:18:39] get_odds_detail_via_api: Empty or missing data in res_json. Code=100007
[2026-07-16 10:18:39] H5 API approach returned error: API business error code 100007: {'code': 100007, 'data': None, 'msg': '请求非法', 'time': '2026-07-16 10:18:39'}. Falling back to HTML Scraper...
[2026-07-16 10:18:39] get_odds_detail_via_playwright: Phase 2 (HTML Scraper) starting for match=4586151, cid=2
[2026-07-16 10:18:39] Pure HTML Scraper: Fetching trend HTML via bypass: https://odds.leisu.com/trend-4586151-2 ...
[2026-07-16 10:18:40] solve_waf_via_node: Starting node solver for https://odds.leisu.com/trend-4586151-2 (NODE_PATH=/usr/local/bin/node)
[2026-07-16 10:18:40] solve_waf_via_node: Successfully solved WAF! Cookie prefix: 1234cf0d46-4695...
[2026-07-16 10:18:40] fetch_html_with_bypass: Retrying request to https://odds.leisu.com/trend-4586151-2 with new acw_sc__v2 WAF cookie...
[2026-07-16 10:18:41] fetch_html_with_bypass: Retry successful! HTML length: 320014
[2026-07-16 10:18:41] parse_trend_html_data: Successfully parsed and decrypted 161 trend items!
[2026-07-16 10:18:41] Successfully fetched odds details via high performance Pure HTML Scraper!
[2026-07-16 10:18:43] get_odds_detail_via_playwright: Phase 1 (H5 API) starting for match=4586151, cid=9, type=1
Direct H5 API Fetcher: Fetching odds detail for match 4586151, cid 9, type 1 ...
[2026-07-16 10:18:43] get_odds_detail_via_api: Empty or missing data in res_json. Code=100007
[2026-07-16 10:18:43] H5 API approach returned error: API business error code 100007: {'code': 100007, 'data': None, 'msg': '请求非法', 'time': '2026-07-16 10:18:43'}. Falling back to HTML Scraper...
[2026-07-16 10:18:43] get_odds_detail_via_playwright: Phase 2 (HTML Scraper) starting for match=4586151, cid=9
[2026-07-16 10:18:43] Pure HTML Scraper: Fetching trend HTML via bypass: https://odds.leisu.com/trend-4586151-9 ...
[2026-07-16 10:18:44] Pure HTML Scraper returned empty or failed.
[2026-07-16 10:18:44] Playwright Subprocess Crawler Disabled for match 4586151, cid 9, type 1 to protect server resources.
[2026-07-16 10:18:44] get_odds_detail_via_playwright: Phase 1 (H5 API) starting for match=4586151, cid=5, type=1
Direct H5 API Fetcher: Fetching odds detail for match 4586151, cid 5, type 1 ...
[2026-07-16 10:18:45] get_odds_detail_via_api: Empty or missing data in res_json. Code=100007
[2026-07-16 10:18:45] H5 API approach returned error: API business error code 100007: {'code': 100007, 'data': None, 'msg': '请求非法', 'time': '2026-07-16 10:18:45'}. Falling back to HTML Scraper...
[2026-07-16 10:18:45] get_odds_detail_via_playwright: Phase 2 (HTML Scraper) starting for match=4586151, cid=5
[2026-07-16 10:18:45] Pure HTML Scraper: Fetching trend HTML via bypass: https://odds.leisu.com/trend-4586151-5 ...
[2026-07-16 10:18:46] Pure HTML Scraper returned empty or failed.
[2026-07-16 10:18:46] Playwright Subprocess Crawler Disabled for match 4586151, cid 5, type 1 to protect server resources.
[2026-07-16 10:18:46] get_odds_detail_via_playwright: Phase 1 (H5 API) starting for match=4586151, cid=13, type=1
Direct H5 API Fetcher: Fetching odds detail for match 4586151, cid 13, type 1 ...
[2026-07-16 10:18:47] get_odds_detail_via_api: Empty or missing data in res_json. Code=100007
[2026-07-16 10:18:47] H5 API approach returned error: API business error code 100007: {'code': 100007, 'data': None, 'msg': '请求非法', 'time': '2026-07-16 10:18:47'}. Falling back to HTML Scraper...
[2026-07-16 10:18:47] get_odds_detail_via_playwright: Phase 2 (HTML Scraper) starting for match=4586151, cid=13
[2026-07-16 10:18:47] Pure HTML Scraper: Fetching trend HTML via bypass: https://odds.leisu.com/trend-4586151-13 ...
[2026-07-16 10:18:48] Pure HTML Scraper returned empty or failed.
[2026-07-16 10:18:48] Playwright Subprocess Crawler Disabled for match 4586151, cid 13, type 1 to protect server resources.
[2026-07-16 10:18:48] get_odds_detail_via_playwright: Phase 1 (H5 API) starting for match=4586151, cid=16, type=1
Direct H5 API Fetcher: Fetching odds detail for match 4586151, cid 16, type 1 ...
[2026-07-16 10:18:49] get_odds_detail_via_api: Empty or missing data in res_json. Code=100007
[2026-07-16 10:18:49] H5 API approach returned error: API business error code 100007: {'code': 100007, 'data': None, 'msg': '请求非法', 'time': '2026-07-16 10:18:49'}. Falling back to HTML Scraper...
[2026-07-16 10:18:49] get_odds_detail_via_playwright: Phase 2 (HTML Scraper) starting for match=4586151, cid=16
[2026-07-16 10:18:49] Pure HTML Scraper: Fetching trend HTML via bypass: https://odds.leisu.com/trend-4586151-16 ...
[2026-07-16 10:18:50] parse_trend_html_data: Successfully parsed and decrypted 169 trend items!
[2026-07-16 10:18:50] Successfully fetched odds details via high performance Pure HTML Scraper!
[2026-07-16 10:18:51] get_odds_detail_via_playwright: Phase 1 (H5 API) starting for match=4586151, cid=17, type=1
Direct H5 API Fetcher: Fetching odds detail for match 4586151, cid 17, type 1 ...
[2026-07-16 10:18:51] get_odds_detail_via_api: Empty or missing data in res_json. Code=100007
[2026-07-16 10:18:51] H5 API approach returned error: API business error code 100007: {'code': 100007, 'data': None, 'msg': '请求非法', 'time': '2026-07-16 10:18:51'}. Falling back to HTML Scraper...
[2026-07-16 10:18:51] get_odds_detail_via_playwright: Phase 2 (HTML Scraper) starting for match=4586151, cid=17
[2026-07-16 10:18:51] Pure HTML Scraper: Fetching trend HTML via bypass: https://odds.leisu.com/trend-4586151-17 ...
[2026-07-16 10:18:52] parse_trend_html_data: Successfully parsed and decrypted 108 trend items!
[2026-07-16 10:18:52] Successfully fetched odds details via high performance Pure HTML Scraper!
检测到抓取今日(20260716)赛事，启动【极速解密方案】...
【极速解密】成功解析出 273 场赛事数据！
Automatic fixture refresh completed: 280 matches for 20260716
检测到抓取今日(20260716)赛事，启动【极速解密方案】...
【极速解密】成功解析出 273 场赛事数据！
检测到抓取今日(20260716)赛事，启动【极速解密方案】...
【极速解密】成功解析出 273 场赛事数据！
Automatic fixture refresh completed: 280 matches for 20260716
检测到抓取今日(20260716)赛事，启动【极速解密方案】...
【极速解密】成功解析出 273 场赛事数据！
检测到抓取今日(20260716)赛事，启动【极速解密方案】...
【极速解密】第一志愿静态链接失败: <urlopen error _ssl.c:975: The handshake operation timed out>，启动灾备方案：从 live 首页动态定位数据源...
【极速解密】出错: 无法加载 alifInfo 数据源 JS，安全返回空列表。
Automatic fixture refresh completed: 219 matches for 20260716
检测到抓取今日(20260716)赛事，启动【极速解密方案】...
【极速解密】成功解析出 273 场赛事数据！
检测到抓取今日(20260716)赛事，启动【极速解密方案】...
【极速解密】成功解析出 273 场赛事数据！
Automatic fixture refresh completed: 280 matches for 20260716
[2026-07-16 10:52:32] get_odds_detail_via_playwright: Phase 1 (H5 API) starting for match=4586151, cid=9, type=1
Direct H5 API Fetcher: Fetching odds detail for match 4586151, cid 9, type 1 ...
54.238.175.2 - - [16/Jul/2026 10:52:42] "GET /api/match_odds_detail?match_id=4586151&cid=9&type=1 HTTP/1.1" 200 -
54.238.175.2 - - [16/Jul/2026 10:53:03] "GET /api/match_odds_detail?match_id=4586151&cid=9&type=1 HTTP/1.1" 200 -
178.159.37.112 - - [16/Jul/2026 10:58:00] code 400, message Bad HTTP/0.9 request type ('\x03\x00\x00/*à\x00\x00\x00\x00\x00Cookie:')
178.159.37.112 - - [16/Jul/2026 10:58:00] "[31m[1m\x03\x00\x00/*à\x00\x00\x00\x00\x00Cookie: mstshash=Administr[0m" 400 -
103.120.189.68 - - [16/Jul/2026 11:03:08] "GET / HTTP/1.1" 200 -
103.120.189.68 - - [16/Jul/2026 11:03:08] "[31m[1mPOST / HTTP/1.1[0m" 405 -
54.238.175.2 - - [16/Jul/2026 11:22:13] "GET / HTTP/1.1" 200 -
54.238.175.2 - - [16/Jul/2026 11:22:13] "[36mGET /static/style.css?v=1.0.4 HTTP/1.1[0m" 304 -
54.238.175.2 - - [16/Jul/2026 11:22:14] "[36mGET /static/app.js?v=1.0.4 HTTP/1.1[0m" 304 -
54.238.175.2 - - [16/Jul/2026 11:22:14] "GET /api/matches?today=20260716 HTTP/1.1" 200 -
54.238.175.2 - - [16/Jul/2026 11:22:14] "GET /api/match_details?id=4586151&home=8月15日圣地亚哥&away=巴拉瓜里AC HTTP/1.1" 200 -
54.238.175.2 - - [16/Jul/2026 11:22:14] "GET /api/ai_config HTTP/1.1" 200 -
54.238.175.2 - - [16/Jul/2026 11:22:14] "GET /api/match_odds_detail?match_id=4586151&cid=2&type=1 HTTP/1.1" 200 -
54.238.175.2 - - [16/Jul/2026 11:22:16] "GET / HTTP/1.1" 200 -
54.238.175.2 - - [16/Jul/2026 11:22:17] "GET /static/style.css?v=1.0.4 HTTP/1.1" 200 -
54.238.175.2 - - [16/Jul/2026 11:22:17] "GET /static/app.js?v=1.0.4 HTTP/1.1" 200 -
54.238.175.2 - - [16/Jul/2026 11:22:17] "GET /api/matches?today=20260716 HTTP/1.1" 200 -
54.238.175.2 - - [16/Jul/2026 11:22:17] "[33mGET /favicon.ico HTTP/1.1[0m" 404 -
54.238.175.2 - - [16/Jul/2026 11:22:18] "GET /api/match_details?id=4586151&home=8月15日圣地亚哥&away=巴拉瓜里AC HTTP/1.1" 200 -
54.238.175.2 - - [16/Jul/2026 11:22:18] "GET /api/ai_config HTTP/1.1" 200 -
54.238.175.2 - - [16/Jul/2026 11:22:18] "GET /api/match_odds_detail?match_id=4586151&cid=2&type=1 HTTP/1.1" 200 -
54.238.175.2 - - [16/Jul/2026 11:22:20] "GET /api/match_odds_detail?match_id=4586151&cid=9&type=1 HTTP/1.1" 200 -
54.238.175.2 - - [16/Jul/2026 11:22:26] "GET /api/match_odds_detail?match_id=4586151&cid=9&type=1 HTTP/1.1" 200 -
54.238.175.2 - - [16/Jul/2026 11:22:32] "GET /api/match_odds_detail?match_id=4586151&cid=5&type=1 HTTP/1.1" 200 -
54.238.175.2 - - [16/Jul/2026 11:22:34] "GET /api/match_odds_detail?match_id=4586151&cid=13&type=1 HTTP/1.1" 200 -
54.238.175.2 - - [16/Jul/2026 11:22:34] "GET /api/match_odds_detail?match_id=4586151&cid=16&type=1 HTTP/1.1" 200 -
54.238.175.2 - - [16/Jul/2026 11:22:35] "GET /api/match_odds_detail?match_id=4586151&cid=17&type=1 HTTP/1.1" 200 -
127.0.0.1 - - [16/Jul/2026 11:25:34] "HEAD / HTTP/1.1" 200 -
